#
# There is insufficient memory for the Java Runtime Environment to continue.
# Native memory allocation (mmap) failed to map 1094713344 bytes. Error detail: G1 virtual space
# Possible reasons:
#   The system is out of physical RAM or swap space
#   This process is running with CompressedOops enabled, and the Java Heap may be blocking the growth of the native heap
# Possible solutions:
#   Reduce memory load on the system
#   Increase physical memory or swap space
#   Check if swap backing store is full
#   Decrease Java heap size (-Xmx/-Xms)
#   Decrease number of Java threads
#   Decrease Java thread stack sizes (-Xss)
#   Set larger code cache with -XX:ReservedCodeCacheSize=
#   JVM is running with Zero Based Compressed Oops mode in which the Java heap is
#     placed in the first 32GB address space. The Java Heap base address is the
#     maximum limit for the native heap growth. Please use -XX:HeapBaseMinAddress
#     to set the Java Heap base and to place the Java Heap above 32GB virtual address.
# This output file may be truncated or incomplete.
#
#  Out of Memory Error (os_windows.cpp:3926), pid=16376, tid=22052
#
# JRE version: OpenJDK Runtime Environment (21.0.10) (build 21.0.10+-14961533-b1163.108)
# Java VM: OpenJDK 64-Bit Server VM (21.0.10+-14961533-b1163.108, mixed mode, tiered, compressed oops, compressed class ptrs, g1 gc, windows-amd64)
# No core dump will be written. Minidumps are not enabled by default on client versions of Windows
#

---------------  S U M M A R Y ------------

Command Line: --add-opens=java.base/java.lang=ALL-UNNAMED --add-opens=java.base/java.lang.invoke=ALL-UNNAMED --add-opens=java.base/java.util=ALL-UNNAMED --add-opens=java.prefs/java.util.prefs=ALL-UNNAMED --add-exports=jdk.compiler/com.sun.tools.javac.api=ALL-UNNAMED --add-exports=jdk.compiler/com.sun.tools.javac.util=ALL-UNNAMED --add-opens=java.base/java.util=ALL-UNNAMED --add-opens=java.prefs/java.util.prefs=ALL-UNNAMED --add-opens=java.base/java.nio.charset=ALL-UNNAMED --add-opens=java.base/java.net=ALL-UNNAMED --add-opens=java.base/java.util.concurrent.atomic=ALL-UNNAMED --add-opens=java.xml/javax.xml.namespace=ALL-UNNAMED -Xmx6144m -Dfile.encoding=UTF-8 -Duser.country=US -Duser.language=en -Duser.variant -javaagent:C:\Users\u\.gradle\wrapper\dists\gradle-8.12-all\ejduaidbjup3bmmkhw3rie4zb\gradle-8.12\lib\agents\gradle-instrumentation-agent-8.12.jar org.gradle.launcher.daemon.bootstrap.GradleDaemon 8.12

Host: Intel(R) Core(TM) i5-6300U CPU @ 2.40GHz, 4 cores, 7G,  Windows 11 , 64 bit Build 22000 (10.0.22000.2538)
Time: Thu Aug  6 01:31:53 2026 E. Africa Standard Time elapsed time: 1215.311332 seconds (0d 0h 20m 15s)

---------------  T H R E A D  ---------------

Current thread (0x00000289357e87c0):  VMThread "VM Thread"          [id=22052, stack(0x000000ba25700000,0x000000ba25800000) (1024K)]

Stack: [0x000000ba25700000,0x000000ba25800000]
Native frames: (J=compiled Java code, j=interpreted, Vv=VM code, C=native code)
V  [jvm.dll+0x6d78a9]
V  [jvm.dll+0x8665b3]
V  [jvm.dll+0x868bde]
V  [jvm.dll+0x8692c3]
V  [jvm.dll+0x280ee6]
V  [jvm.dll+0x6d4165]
V  [jvm.dll+0x6c77fa]
V  [jvm.dll+0x358f4b]
V  [jvm.dll+0x360bc6]
V  [jvm.dll+0x3b2ea6]
V  [jvm.dll+0x3b3178]
V  [jvm.dll+0x32b65c]
V  [jvm.dll+0x32b6e7]
V  [jvm.dll+0x3715cc]
V  [jvm.dll+0x36fd7e]
V  [jvm.dll+0x32adb1]
V  [jvm.dll+0x36f480]
V  [jvm.dll+0x86f048]
V  [jvm.dll+0x870394]
V  [jvm.dll+0x8708d0]
V  [jvm.dll+0x870b63]
V  [jvm.dll+0x80fd28]
V  [jvm.dll+0x6d60fd]
C  [ucrtbase.dll+0x26c0c]
C  [KERNEL32.DLL+0x153e0]
C  [ntdll.dll+0x485b]

VM_Operation (0x000000ba2b8fe320): G1CollectForAllocation, mode: safepoint, requested by thread 0x0000028947bbc860


---------------  P R O C E S S  ---------------

Threads class SMR info:
_java_thread_list=0x000002894ed2b200, length=108, elements={
0x00000289199801d0, 0x0000028935952b80, 0x000002893597a0f0, 0x000002893595efc0,
0x0000028935955c40, 0x000002893598af40, 0x000002893598c5c0, 0x0000028935995030,
0x000002893599f320, 0x00000289359a1dd0, 0x0000028935c91870, 0x000002893c250010,
0x000002893bf0b410, 0x000002893c332a70, 0x000002893bf0ab90, 0x000002893c4c1c30,
0x000002893a0580a0, 0x000002893a058730, 0x000002893a058dc0, 0x000002893a059ae0,
0x000002893a059450, 0x000002893a05a170, 0x000002893a05a800, 0x000002893a05b520,
0x000002893c8d9080, 0x000002893c8d8360, 0x000002893c8d9710, 0x000002893c8daac0,
0x000002893c8d9da0, 0x000002893c8db150, 0x000002893c8da430, 0x000002893c8d7cd0,
0x000002893c8db7e0, 0x000002893c8d5c00, 0x000002893c8d6fb0, 0x000002893c8d7640,
0x000002893b542a00, 0x000002893b545e80, 0x000002893b546510, 0x000002893b543720,
0x000002893b546ba0, 0x000002893b543090, 0x000002893b542370, 0x000002893b543db0,
0x000002893b547230, 0x000002893b547f50, 0x000002893b5485e0, 0x000002893b549990,
0x000002893b548c70, 0x000002893b549300, 0x000002893afab290, 0x000002893afad360,
0x000002893afa9ee0, 0x000002893afa91c0, 0x000002893afae710, 0x000002893afa7780,
0x000002893afaccd0, 0x000002893afa7e10, 0x000002893afaac00, 0x000002893afad9f0,
0x000002893afa84a0, 0x000002893afae080, 0x000002893afa9850, 0x000002893afaa570,
0x000002893afaeda0, 0x000002893afab920, 0x000002893afabfb0, 0x000002893afac640,
0x000002893a2a0910, 0x000002893a29d490, 0x000002893a2a4420, 0x000002893a2a3070,
0x000002893a2a0fa0, 0x000002893a2a3700, 0x000002894472ada0, 0x000002894472b430,
0x0000028944728640, 0x0000028944726570, 0x0000028944727290, 0x000002894472c7e0,
0x000002894472bac0, 0x000002894472ce70, 0x0000028944727920, 0x000002893f2c2cb0,
0x000002893f2bd0d0, 0x000002893f2bddf0, 0x000002893f2c1f90, 0x000002893f2c2620,
0x000002893f2c3340, 0x0000028947e6f210, 0x0000028947e6ff30, 0x0000028947e70c50,
0x0000028947e6d140, 0x0000028947e712e0, 0x0000028947e71970, 0x0000028947e72000,
0x0000028947e72690, 0x000002894761e5a0, 0x000002894761df10, 0x0000028947bafcf0,
0x0000028947bae940, 0x000002894472a710, 0x0000028947bbc860, 0x0000028947bbcef0,
0x0000028948d0cfd0, 0x00000289538980d0, 0x000002895389aec0, 0x0000028953896d20
}

Java Threads: ( => current thread )
  0x00000289199801d0 JavaThread "main"                              [_thread_blocked, id=808, stack(0x000000ba25000000,0x000000ba25100000) (1024K)]
  0x0000028935952b80 JavaThread "Common-Cleaner"             daemon [_thread_blocked, id=19996, stack(0x000000ba25800000,0x000000ba25900000) (1024K)]
  0x000002893597a0f0 JavaThread "Reference Handler"          daemon [_thread_blocked, id=22020, stack(0x000000ba25900000,0x000000ba25a00000) (1024K)]
  0x000002893595efc0 JavaThread "Finalizer"                  daemon [_thread_blocked, id=24532, stack(0x000000ba25a00000,0x000000ba25b00000) (1024K)]
  0x0000028935955c40 JavaThread "Signal Dispatcher"          daemon [_thread_blocked, id=20200, stack(0x000000ba25b00000,0x000000ba25c00000) (1024K)]
  0x000002893598af40 JavaThread "Attach Listener"            daemon [_thread_blocked, id=696, stack(0x000000ba25c00000,0x000000ba25d00000) (1024K)]
  0x000002893598c5c0 JavaThread "Service Thread"             daemon [_thread_blocked, id=10116, stack(0x000000ba25d00000,0x000000ba25e00000) (1024K)]
  0x0000028935995030 JavaThread "Monitor Deflation Thread"   daemon [_thread_blocked, id=17776, stack(0x000000ba25e00000,0x000000ba25f00000) (1024K)]
  0x000002893599f320 JavaThread "C2 CompilerThread0"         daemon [_thread_blocked, id=20752, stack(0x000000ba25f00000,0x000000ba26000000) (1024K)]
  0x00000289359a1dd0 JavaThread "C1 CompilerThread0"         daemon [_thread_blocked, id=23740, stack(0x000000ba26000000,0x000000ba26100000) (1024K)]
  0x0000028935c91870 JavaThread "Notification Thread"        daemon [_thread_blocked, id=28156, stack(0x000000ba26100000,0x000000ba26200000) (1024K)]
  0x000002893c250010 JavaThread "Daemon health stats"               [_thread_blocked, id=4552, stack(0x000000ba26200000,0x000000ba26300000) (1024K)]
  0x000002893bf0b410 JavaThread "Incoming local TCP Connector on port 61579"        [_thread_in_native, id=14660, stack(0x000000ba26600000,0x000000ba26700000) (1024K)]
  0x000002893c332a70 JavaThread "Daemon periodic checks"            [_thread_blocked, id=20120, stack(0x000000ba26700000,0x000000ba26800000) (1024K)]
  0x000002893bf0ab90 JavaThread "Daemon"                            [_thread_blocked, id=10932, stack(0x000000ba26800000,0x000000ba26900000) (1024K)]
  0x000002893c4c1c30 JavaThread "Handler for socket connection from /127.0.0.1:61579 to /127.0.0.1:61580"        [_thread_in_native, id=20124, stack(0x000000ba26900000,0x000000ba26a00000) (1024K)]
  0x000002893a0580a0 JavaThread "Cancel handler"                    [_thread_blocked, id=17460, stack(0x000000ba26a00000,0x000000ba26b00000) (1024K)]
  0x000002893a058730 JavaThread "Daemon worker"                     [_thread_blocked, id=6280, stack(0x000000ba26b00000,0x000000ba26c00000) (1024K)]
  0x000002893a058dc0 JavaThread "Asynchronous log dispatcher for DefaultDaemonConnection: socket connection from /127.0.0.1:61579 to /127.0.0.1:61580"        [_thread_blocked, id=28500, stack(0x000000ba26c00000,0x000000ba26d00000) (1024K)]
  0x000002893a059ae0 JavaThread "Stdin handler"                     [_thread_blocked, id=7256, stack(0x000000ba26d00000,0x000000ba26e00000) (1024K)]
  0x000002893a059450 JavaThread "Daemon client event forwarder"        [_thread_blocked, id=26352, stack(0x000000ba26e00000,0x000000ba26f00000) (1024K)]
  0x000002893a05a170 JavaThread "Cache worker for journal cache (C:\Users\u\.gradle\caches\journal-1)"        [_thread_blocked, id=23792, stack(0x000000ba26f00000,0x000000ba27000000) (1024K)]
  0x000002893a05a800 JavaThread "File lock request listener"        [_thread_in_native, id=20804, stack(0x000000ba27000000,0x000000ba27100000) (1024K)]
  0x000002893a05b520 JavaThread "Cache worker for file hash cache (C:\Users\u\.gradle\caches\8.12\fileHashes)"        [_thread_blocked, id=5404, stack(0x000000ba27100000,0x000000ba27200000) (1024K)]
  0x000002893c8d9080 JavaThread "Cache worker for file hash cache (C:\farm\android\.gradle\8.12\fileHashes)"        [_thread_blocked, id=30112, stack(0x000000ba27200000,0x000000ba27300000) (1024K)]
  0x000002893c8d8360 JavaThread "Cache worker for Build Output Cleanup Cache (C:\farm\android\.gradle\buildOutputCleanup)"        [_thread_blocked, id=7012, stack(0x000000ba27300000,0x000000ba27400000) (1024K)]
  0x000002893c8d9710 JavaThread "File watcher server"        daemon [_thread_blocked, id=23292, stack(0x000000ba27500000,0x000000ba27600000) (1024K)]
  0x000002893c8daac0 JavaThread "File watcher consumer"      daemon [_thread_blocked, id=19944, stack(0x000000ba27600000,0x000000ba27700000) (1024K)]
  0x000002893c8d9da0 JavaThread "jar transforms"                    [_thread_blocked, id=24964, stack(0x000000ba27700000,0x000000ba27800000) (1024K)]
  0x000002893c8db150 JavaThread "Cache worker for checksums cache (C:\farm\android\.gradle\8.12\checksums)"        [_thread_blocked, id=14156, stack(0x000000ba27800000,0x000000ba27900000) (1024K)]
  0x000002893c8da430 JavaThread "Cache worker for file content cache (C:\Users\u\.gradle\caches\8.12\fileContent)"        [_thread_blocked, id=28968, stack(0x000000ba27900000,0x000000ba27a00000) (1024K)]
  0x000002893c8d7cd0 JavaThread "Cache worker for cache directory md-rule (C:\Users\u\.gradle\caches\8.12\md-rule)"        [_thread_blocked, id=2600, stack(0x000000ba27a00000,0x000000ba27b00000) (1024K)]
  0x000002893c8db7e0 JavaThread "Cache worker for cache directory md-supplier (C:\Users\u\.gradle\caches\8.12\md-supplier)"        [_thread_blocked, id=23080, stack(0x000000ba27b00000,0x000000ba27c00000) (1024K)]
  0x000002893c8d5c00 JavaThread "Cache worker for Build Output Cleanup Cache (C:\flutter\packages\flutter_tools\gradle\.gradle\buildOutputCleanup)"        [_thread_blocked, id=10508, stack(0x000000ba27c00000,0x000000ba27d00000) (1024K)]
  0x000002893c8d6fb0 JavaThread "Unconstrained build operations"        [_thread_blocked, id=16092, stack(0x000000ba27d00000,0x000000ba27e00000) (1024K)]
  0x000002893c8d7640 JavaThread "Unconstrained build operations Thread 2"        [_thread_blocked, id=29464, stack(0x000000ba27e00000,0x000000ba27f00000) (1024K)]
  0x000002893b542a00 JavaThread "Unconstrained build operations Thread 3"        [_thread_blocked, id=21944, stack(0x000000ba27f00000,0x000000ba28000000) (1024K)]
  0x000002893b545e80 JavaThread "Unconstrained build operations Thread 4"        [_thread_blocked, id=4328, stack(0x000000ba28000000,0x000000ba28100000) (1024K)]
  0x000002893b546510 JavaThread "Unconstrained build operations Thread 5"        [_thread_blocked, id=22448, stack(0x000000ba28100000,0x000000ba28200000) (1024K)]
  0x000002893b543720 JavaThread "Unconstrained build operations Thread 6"        [_thread_blocked, id=4044, stack(0x000000ba28200000,0x000000ba28300000) (1024K)]
  0x000002893b546ba0 JavaThread "Unconstrained build operations Thread 7"        [_thread_blocked, id=8120, stack(0x000000ba28300000,0x000000ba28400000) (1024K)]
  0x000002893b543090 JavaThread "Unconstrained build operations Thread 8"        [_thread_blocked, id=17868, stack(0x000000ba28400000,0x000000ba28500000) (1024K)]
  0x000002893b542370 JavaThread "Unconstrained build operations Thread 9"        [_thread_blocked, id=26208, stack(0x000000ba28500000,0x000000ba28600000) (1024K)]
  0x000002893b543db0 JavaThread "Memory manager"                    [_thread_blocked, id=16436, stack(0x000000ba28600000,0x000000ba28700000) (1024K)]
  0x000002893b547230 JavaThread "build event listener"              [_thread_blocked, id=17212, stack(0x000000ba28700000,0x000000ba28800000) (1024K)]
  0x000002893b547f50 JavaThread "Execution worker"                  [_thread_blocked, id=12460, stack(0x000000ba28a00000,0x000000ba28b00000) (1024K)]
  0x000002893b5485e0 JavaThread "Execution worker Thread 2"         [_thread_blocked, id=30248, stack(0x000000ba28b00000,0x000000ba28c00000) (1024K)]
  0x000002893b549990 JavaThread "Execution worker Thread 3"         [_thread_blocked, id=19876, stack(0x000000ba28c00000,0x000000ba28d00000) (1024K)]
  0x000002893b548c70 JavaThread "Cache worker for execution history cache (C:\flutter\packages\flutter_tools\gradle\.gradle\8.12\executionHistory)"        [_thread_blocked, id=6368, stack(0x000000ba28d00000,0x000000ba28e00000) (1024K)]
  0x000002893b549300 JavaThread "Unconstrained build operations Thread 10"        [_thread_blocked, id=8664, stack(0x000000ba28800000,0x000000ba28900000) (1024K)]
  0x000002893afab290 JavaThread "Unconstrained build operations Thread 11"        [_thread_blocked, id=17396, stack(0x000000ba28e00000,0x000000ba28f00000) (1024K)]
  0x000002893afad360 JavaThread "Unconstrained build operations Thread 12"        [_thread_blocked, id=18704, stack(0x000000ba28f00000,0x000000ba29000000) (1024K)]
  0x000002893afa9ee0 JavaThread "Unconstrained build operations Thread 13"        [_thread_blocked, id=4360, stack(0x000000ba29000000,0x000000ba29100000) (1024K)]
  0x000002893afa91c0 JavaThread "Unconstrained build operations Thread 14"        [_thread_blocked, id=5212, stack(0x000000ba29100000,0x000000ba29200000) (1024K)]
  0x000002893afae710 JavaThread "Unconstrained build operations Thread 15"        [_thread_blocked, id=19136, stack(0x000000ba29200000,0x000000ba29300000) (1024K)]
  0x000002893afa7780 JavaThread "Unconstrained build operations Thread 16"        [_thread_blocked, id=20808, stack(0x000000ba29300000,0x000000ba29400000) (1024K)]
  0x000002893afaccd0 JavaThread "Unconstrained build operations Thread 17"        [_thread_blocked, id=30272, stack(0x000000ba29400000,0x000000ba29500000) (1024K)]
  0x000002893afa7e10 JavaThread "Unconstrained build operations Thread 18"        [_thread_blocked, id=28836, stack(0x000000ba29500000,0x000000ba29600000) (1024K)]
  0x000002893afaac00 JavaThread "Unconstrained build operations Thread 19"        [_thread_blocked, id=20856, stack(0x000000ba29600000,0x000000ba29700000) (1024K)]
  0x000002893afad9f0 JavaThread "Unconstrained build operations Thread 20"        [_thread_blocked, id=10632, stack(0x000000ba29700000,0x000000ba29800000) (1024K)]
  0x000002893afa84a0 JavaThread "Unconstrained build operations Thread 21"        [_thread_blocked, id=22048, stack(0x000000ba29800000,0x000000ba29900000) (1024K)]
  0x000002893afae080 JavaThread "Unconstrained build operations Thread 22"        [_thread_blocked, id=21304, stack(0x000000ba29900000,0x000000ba29a00000) (1024K)]
  0x000002893afa9850 JavaThread "Unconstrained build operations Thread 23"        [_thread_blocked, id=7408, stack(0x000000ba29a00000,0x000000ba29b00000) (1024K)]
  0x000002893afaa570 JavaThread "Unconstrained build operations Thread 24"        [_thread_blocked, id=3972, stack(0x000000ba29b00000,0x000000ba29c00000) (1024K)]
  0x000002893afaeda0 JavaThread "Unconstrained build operations Thread 25"        [_thread_blocked, id=22848, stack(0x000000ba29c00000,0x000000ba29d00000) (1024K)]
  0x000002893afab920 JavaThread "Unconstrained build operations Thread 26"        [_thread_blocked, id=26056, stack(0x000000ba29d00000,0x000000ba29e00000) (1024K)]
  0x000002893afabfb0 JavaThread "Unconstrained build operations Thread 27"        [_thread_blocked, id=2128, stack(0x000000ba29e00000,0x000000ba29f00000) (1024K)]
  0x000002893afac640 JavaThread "Unconstrained build operations Thread 28"        [_thread_blocked, id=7564, stack(0x000000ba29f00000,0x000000ba2a000000) (1024K)]
  0x000002893a2a0910 JavaThread "Unconstrained build operations Thread 29"        [_thread_blocked, id=11180, stack(0x000000ba2a000000,0x000000ba2a100000) (1024K)]
  0x000002893a29d490 JavaThread "jar transforms Thread 2"           [_thread_blocked, id=23568, stack(0x000000ba2a100000,0x000000ba2a200000) (1024K)]
  0x000002893a2a4420 JavaThread "jar transforms Thread 3"           [_thread_blocked, id=10340, stack(0x000000ba2a200000,0x000000ba2a300000) (1024K)]
  0x000002893a2a3070 JavaThread "jar transforms Thread 4"           [_thread_blocked, id=29688, stack(0x000000ba2a300000,0x000000ba2a400000) (1024K)]
  0x000002893a2a0fa0 JavaThread "build event listener"              [_thread_blocked, id=7604, stack(0x000000ba2a600000,0x000000ba2a700000) (1024K)]
  0x000002893a2a3700 JavaThread "Problems report writer"            [_thread_blocked, id=14232, stack(0x000000ba2a800000,0x000000ba2a900000) (1024K)]
  0x000002894472ada0 JavaThread "Unconstrained build operations Thread 30"        [_thread_blocked, id=6520, stack(0x000000ba24e00000,0x000000ba24f00000) (1024K)]
  0x000002894472b430 JavaThread "Unconstrained build operations Thread 31"        [_thread_blocked, id=18108, stack(0x000000ba24f00000,0x000000ba25000000) (1024K)]
  0x0000028944728640 JavaThread "Unconstrained build operations Thread 32"        [_thread_blocked, id=19472, stack(0x000000ba2a700000,0x000000ba2a800000) (1024K)]
  0x0000028944726570 JavaThread "Unconstrained build operations Thread 33"        [_thread_blocked, id=29656, stack(0x000000ba2a900000,0x000000ba2aa00000) (1024K)]
  0x0000028944727290 JavaThread "Unconstrained build operations Thread 34"        [_thread_blocked, id=11968, stack(0x000000ba2aa00000,0x000000ba2ab00000) (1024K)]
  0x000002894472c7e0 JavaThread "Unconstrained build operations Thread 35"        [_thread_blocked, id=3044, stack(0x000000ba2ab00000,0x000000ba2ac00000) (1024K)]
  0x000002894472bac0 JavaThread "Unconstrained build operations Thread 36"        [_thread_blocked, id=11480, stack(0x000000ba2ac00000,0x000000ba2ad00000) (1024K)]
  0x000002894472ce70 JavaThread "Unconstrained build operations Thread 37"        [_thread_blocked, id=9284, stack(0x000000ba2ad00000,0x000000ba2ae00000) (1024K)]
  0x0000028944727920 JavaThread "Unconstrained build operations Thread 38"        [_thread_blocked, id=26392, stack(0x000000ba2ae00000,0x000000ba2af00000) (1024K)]
  0x000002893f2c2cb0 JavaThread "Unconstrained build operations Thread 39"        [_thread_blocked, id=2404, stack(0x000000ba24d00000,0x000000ba24e00000) (1024K)]
  0x000002893f2bd0d0 JavaThread "Unconstrained build operations Thread 40"        [_thread_blocked, id=27684, stack(0x000000ba2af00000,0x000000ba2b000000) (1024K)]
  0x000002893f2bddf0 JavaThread "pool-3-thread-1"                   [_thread_blocked, id=10560, stack(0x000000ba2b000000,0x000000ba2b100000) (1024K)]
  0x000002893f2c1f90 JavaThread "build event listener"              [_thread_blocked, id=25476, stack(0x000000ba2b100000,0x000000ba2b200000) (1024K)]
  0x000002893f2c2620 JavaThread "included builds Thread 2"          [_thread_blocked, id=3244, stack(0x000000ba2b200000,0x000000ba2b300000) (1024K)]
  0x000002893f2c3340 JavaThread "Cache worker for execution history cache (C:\farm\android\.gradle\8.12\executionHistory)"        [_thread_blocked, id=12588, stack(0x000000ba2b300000,0x000000ba2b400000) (1024K)]
  0x0000028947e6f210 JavaThread "Cache worker for Java compile cache (C:\Users\u\.gradle\caches\8.12\javaCompile)"        [_thread_blocked, id=8304, stack(0x000000ba2ba00000,0x000000ba2bb00000) (1024K)]
  0x0000028947e6ff30 JavaThread "RMI Scheduler(0)"           daemon [_thread_blocked, id=21904, stack(0x000000ba27400000,0x000000ba27500000) (1024K)]
  0x0000028947e70c50 JavaThread "RMI GC Daemon"              daemon [_thread_blocked, id=27228, stack(0x000000ba2bc00000,0x000000ba2bd00000) (1024K)]
  0x0000028947e6d140 JavaThread "RMI TCP Accept-0"           daemon [_thread_in_native, id=13128, stack(0x000000ba2bd00000,0x000000ba2be00000) (1024K)]
  0x0000028947e712e0 JavaThread "RMI Reaper"                        [_thread_blocked, id=25976, stack(0x000000ba2be00000,0x000000ba2bf00000) (1024K)]
  0x0000028947e71970 JavaThread "Build operations"                  [_thread_blocked, id=29280, stack(0x000000ba2c100000,0x000000ba2c200000) (1024K)]
  0x0000028947e72000 JavaThread "Build operations Thread 2"         [_thread_blocked, id=15312, stack(0x000000ba2c200000,0x000000ba2c300000) (1024K)]
  0x0000028947e72690 JavaThread "Build operations Thread 3"         [_thread_blocked, id=6416, stack(0x000000ba2c300000,0x000000ba2c400000) (1024K)]
  0x000002894761e5a0 JavaThread "Build operations Thread 4"         [_thread_blocked, id=17956, stack(0x000000ba2b900000,0x000000ba2ba00000) (1024K)]
  0x000002894761df10 JavaThread "pool-4-thread-1"                   [_thread_blocked, id=10708, stack(0x000000ba2a400000,0x000000ba2a500000) (1024K)]
  0x0000028947bafcf0 JavaThread "stderr"                            [_thread_in_native, id=28700, stack(0x000000ba2b400000,0x000000ba2b500000) (1024K)]
  0x0000028947bae940 JavaThread "stdout"                            [_thread_in_native, id=7592, stack(0x000000ba2b500000,0x000000ba2b600000) (1024K)]
  0x000002894472a710 JavaThread "WorkerExecutor Queue Thread 11"        [_thread_blocked, id=29752, stack(0x000000ba2bf00000,0x000000ba2c000000) (1024K)]
  0x0000028947bbc860 JavaThread "ForkJoinPool-1-worker-3"    daemon [_thread_blocked, id=25696, stack(0x000000ba2b800000,0x000000ba2b900000) (1024K)]
  0x0000028947bbcef0 JavaThread "ForkJoinPool-1-worker-4"    daemon [_thread_blocked, id=27992, stack(0x000000ba2bb00000,0x000000ba2bc00000) (1024K)]
  0x0000028948d0cfd0 JavaThread "WorkerExecutor Queue Thread 21"        [_thread_blocked, id=15844, stack(0x000000ba2b600000,0x000000ba2b700000) (1024K)]
  0x00000289538980d0 JavaThread "WorkerExecutor Queue Thread 23"        [_thread_blocked, id=6980, stack(0x000000ba2c400000,0x000000ba2c500000) (1024K)]
  0x000002895389aec0 JavaThread "RMI TCP Connection(idle)"   daemon [_thread_blocked, id=10408, stack(0x000000ba2a500000,0x000000ba2a600000) (1024K)]
  0x0000028953896d20 JavaThread "WorkerExecutor Queue Thread 24"        [_thread_blocked, id=25232, stack(0x000000ba2b700000,0x000000ba2b800000) (1024K)]
Total: 108

Other Threads:
=>0x00000289357e87c0 VMThread "VM Thread"                           [id=22052, stack(0x000000ba25700000,0x000000ba25800000) (1024K)]
  0x0000028935756e70 WatcherThread "VM Periodic Task Thread"        [id=5796, stack(0x000000ba25600000,0x000000ba25700000) (1024K)]
  0x0000028919a04cc0 WorkerThread "GC Thread#0"                     [id=11816, stack(0x000000ba25100000,0x000000ba25200000) (1024K)]
  0x000002893a1be1e0 WorkerThread "GC Thread#1"                     [id=2580, stack(0x000000ba26300000,0x000000ba26400000) (1024K)]
  0x000002893a5b0620 WorkerThread "GC Thread#2"                     [id=24180, stack(0x000000ba26400000,0x000000ba26500000) (1024K)]
  0x000002893aec3940 WorkerThread "GC Thread#3"                     [id=15120, stack(0x000000ba26500000,0x000000ba26600000) (1024K)]
  0x0000028919a13640 ConcurrentGCThread "G1 Main Marker"            [id=18700, stack(0x000000ba25200000,0x000000ba25300000) (1024K)]
  0x0000028919a148f0 WorkerThread "G1 Conc#0"                       [id=26196, stack(0x000000ba25300000,0x000000ba25400000) (1024K)]
  0x0000028919a44100 ConcurrentGCThread "G1 Refine#0"               [id=25248, stack(0x000000ba25400000,0x000000ba25500000) (1024K)]
  0x0000028935630090 ConcurrentGCThread "G1 Service"                [id=17348, stack(0x000000ba25500000,0x000000ba25600000) (1024K)]
Total: 10

Threads with active compile tasks:
C2 CompilerThread0  1215432 52259       4       com.android.tools.r8.ir.optimize.z::a (1439 bytes)
Total: 1

VM state: at safepoint (normal execution)

VM Mutex/Monitor currently owned by a thread:  ([mutex/lock_event])
[0x00007ffd890286d0] Threads_lock - owner thread: 0x00000289357e87c0
[0x00007ffd890287d0] Heap_lock - owner thread: 0x0000028947bbc860

Heap address: 0x0000000680000000, size: 6144 MB, Compressed Oops mode: Zero based, Oop shift amount: 3

CDS archive(s) not mapped
Compressed class space mapped at: 0x0000000800000000-0x0000000840000000, reserved size: 1073741824
Narrow klass base: 0x0000000800000000, Narrow klass shift: 0, Narrow klass range: 0x40000000

GC Precious Log:
 CardTable entry size: 512
 Card Set container configuration: InlinePtr #cards 4 size 8 Array Of Cards #cards 32 size 80 Howl #buckets 8 coarsen threshold 7372 Howl Bitmap #cards 1024 size 144 coarsen threshold 921 Card regions per heap region 1 cards per card region 8192
 CPUs: 4 total, 4 available
 Memory: 8072M
 Large Page Support: Disabled
 NUMA Support: Disabled
 Compressed Oops: Enabled (Zero based)
 Heap Region Size: 4M
 Heap Min Capacity: 8M
 Heap Initial Capacity: 128M
 Heap Max Capacity: 6G
 Pre-touch: Disabled
 Parallel Workers: 4
 Concurrent Workers: 1
 Concurrent Refinement Workers: 4
 Periodic GC: Disabled

Heap:
 garbage-first heap   total 3416064K, used 971204K [0x0000000680000000, 0x0000000800000000)
  region size 4096K, 3 young (12288K), 3 survivors (12288K)
 Metaspace       used 218965K, committed 222080K, reserved 1245184K
  class space    used 28952K, committed 30400K, reserved 1048576K

Heap Regions: E=young(eden), S=young(survivor), O=old, HS=humongous(starts), HC=humongous(continues), CS=collection set, F=free, TAMS=top-at-mark-start, PB=parsable bottom
|   0|0x0000000680000000, 0x0000000680400000, 0x0000000680400000|100%|HS|  |TAMS 0x0000000680000000| PB 0x0000000680000000| Complete 
|   1|0x0000000680400000, 0x0000000680800000, 0x0000000680800000|100%| O|  |TAMS 0x0000000680400000| PB 0x0000000680400000| Untracked 
|   2|0x0000000680800000, 0x0000000680c00000, 0x0000000680c00000|100%| O|  |TAMS 0x0000000680800000| PB 0x0000000680800000| Untracked 
|   3|0x0000000680c00000, 0x0000000681000000, 0x0000000681000000|100%| O|  |TAMS 0x0000000680c00000| PB 0x0000000680c00000| Untracked 
|   4|0x0000000681000000, 0x0000000681400000, 0x0000000681400000|100%| O|  |TAMS 0x0000000681000000| PB 0x0000000681000000| Untracked 
|   5|0x0000000681400000, 0x0000000681800000, 0x0000000681800000|100%| O|  |TAMS 0x0000000681400000| PB 0x0000000681400000| Untracked 
|   6|0x0000000681800000, 0x0000000681c00000, 0x0000000681c00000|100%| O|  |TAMS 0x0000000681800000| PB 0x0000000681800000| Untracked 
|   7|0x0000000681c00000, 0x0000000682000000, 0x0000000682000000|100%| O|  |TAMS 0x0000000681c00000| PB 0x0000000681c00000| Untracked 
|   8|0x0000000682000000, 0x0000000682400000, 0x0000000682400000|100%| O|  |TAMS 0x0000000682000000| PB 0x0000000682000000| Untracked 
|   9|0x0000000682400000, 0x0000000682800000, 0x0000000682800000|100%| O|  |TAMS 0x0000000682400000| PB 0x0000000682400000| Untracked 
|  10|0x0000000682800000, 0x0000000682c00000, 0x0000000682c00000|100%|HS|  |TAMS 0x0000000682800000| PB 0x0000000682800000| Complete 
|  11|0x0000000682c00000, 0x0000000683000000, 0x0000000683000000|100%|HS|  |TAMS 0x0000000682c00000| PB 0x0000000682c00000| Complete 
|  12|0x0000000683000000, 0x0000000683400000, 0x0000000683400000|100%|HS|  |TAMS 0x0000000683000000| PB 0x0000000683000000| Complete 
|  13|0x0000000683400000, 0x0000000683800000, 0x0000000683800000|100%| O|  |TAMS 0x0000000683400000| PB 0x0000000683400000| Untracked 
|  14|0x0000000683800000, 0x0000000683c00000, 0x0000000683c00000|100%| O|  |TAMS 0x0000000683800000| PB 0x0000000683800000| Untracked 
|  15|0x0000000683c00000, 0x0000000684000000, 0x0000000684000000|100%| O|  |TAMS 0x0000000683c00000| PB 0x0000000683c00000| Untracked 
|  16|0x0000000684000000, 0x0000000684400000, 0x0000000684400000|100%| O|  |TAMS 0x0000000684000000| PB 0x0000000684000000| Untracked 
|  17|0x0000000684400000, 0x0000000684800000, 0x0000000684800000|100%| O|  |TAMS 0x0000000684400000| PB 0x0000000684400000| Untracked 
|  18|0x0000000684800000, 0x0000000684c00000, 0x0000000684c00000|100%| O|  |TAMS 0x0000000684800000| PB 0x0000000684800000| Untracked 
|  19|0x0000000684c00000, 0x0000000685000000, 0x0000000685000000|100%| O|  |TAMS 0x0000000684c00000| PB 0x0000000684c00000| Untracked 
|  20|0x0000000685000000, 0x0000000685400000, 0x0000000685400000|100%| O|  |TAMS 0x0000000685000000| PB 0x0000000685000000| Untracked 
|  21|0x0000000685400000, 0x0000000685800000, 0x0000000685800000|100%| O|  |TAMS 0x0000000685400000| PB 0x0000000685400000| Untracked 
|  22|0x0000000685800000, 0x0000000685c00000, 0x0000000685c00000|100%| O|  |TAMS 0x0000000685800000| PB 0x0000000685800000| Untracked 
|  23|0x0000000685c00000, 0x0000000686000000, 0x0000000686000000|100%| O|  |TAMS 0x0000000685c00000| PB 0x0000000685c00000| Untracked 
|  24|0x0000000686000000, 0x0000000686400000, 0x0000000686400000|100%| O|  |TAMS 0x0000000686000000| PB 0x0000000686000000| Untracked 
|  25|0x0000000686400000, 0x0000000686800000, 0x0000000686800000|100%| O|  |TAMS 0x0000000686400000| PB 0x0000000686400000| Untracked 
|  26|0x0000000686800000, 0x0000000686c00000, 0x0000000686c00000|100%| O|  |TAMS 0x0000000686800000| PB 0x0000000686800000| Untracked 
|  27|0x0000000686c00000, 0x0000000687000000, 0x0000000687000000|100%| O|  |TAMS 0x0000000686c00000| PB 0x0000000686c00000| Untracked 
|  28|0x0000000687000000, 0x0000000687400000, 0x0000000687400000|100%| O|  |TAMS 0x0000000687000000| PB 0x0000000687000000| Untracked 
|  29|0x0000000687400000, 0x0000000687800000, 0x0000000687800000|100%| O|  |TAMS 0x0000000687400000| PB 0x0000000687400000| Untracked 
|  30|0x0000000687800000, 0x0000000687c00000, 0x0000000687c00000|100%| O|  |TAMS 0x0000000687800000| PB 0x0000000687800000| Untracked 
|  31|0x0000000687c00000, 0x0000000688000000, 0x0000000688000000|100%| O|  |TAMS 0x0000000687c00000| PB 0x0000000687c00000| Untracked 
|  32|0x0000000688000000, 0x0000000688400000, 0x0000000688400000|100%| O|  |TAMS 0x0000000688000000| PB 0x0000000688000000| Untracked 
|  33|0x0000000688400000, 0x0000000688800000, 0x0000000688800000|100%| O|  |TAMS 0x0000000688400000| PB 0x0000000688400000| Untracked 
|  34|0x0000000688800000, 0x0000000688c00000, 0x0000000688c00000|100%| O|  |TAMS 0x0000000688800000| PB 0x0000000688800000| Untracked 
|  35|0x0000000688c00000, 0x0000000689000000, 0x0000000689000000|100%| O|  |TAMS 0x0000000688c00000| PB 0x0000000688c00000| Untracked 
|  36|0x0000000689000000, 0x0000000689400000, 0x0000000689400000|100%| O|  |TAMS 0x0000000689000000| PB 0x0000000689000000| Untracked 
|  37|0x0000000689400000, 0x0000000689800000, 0x0000000689800000|100%| O|  |TAMS 0x0000000689400000| PB 0x0000000689400000| Untracked 
|  38|0x0000000689800000, 0x0000000689c00000, 0x0000000689c00000|100%| O|  |TAMS 0x0000000689800000| PB 0x0000000689800000| Untracked 
|  39|0x0000000689c00000, 0x000000068a000000, 0x000000068a000000|100%| O|  |TAMS 0x0000000689c00000| PB 0x0000000689c00000| Untracked 
|  40|0x000000068a000000, 0x000000068a400000, 0x000000068a400000|100%| O|  |TAMS 0x000000068a000000| PB 0x000000068a000000| Untracked 
|  41|0x000000068a400000, 0x000000068a800000, 0x000000068a800000|100%| O|  |TAMS 0x000000068a400000| PB 0x000000068a400000| Untracked 
|  42|0x000000068a800000, 0x000000068ac00000, 0x000000068ac00000|100%| O|  |TAMS 0x000000068a800000| PB 0x000000068a800000| Untracked 
|  43|0x000000068ac00000, 0x000000068b000000, 0x000000068b000000|100%| O|  |TAMS 0x000000068ac00000| PB 0x000000068ac00000| Untracked 
|  44|0x000000068b000000, 0x000000068b400000, 0x000000068b400000|100%| O|  |TAMS 0x000000068b000000| PB 0x000000068b000000| Untracked 
|  45|0x000000068b400000, 0x000000068b800000, 0x000000068b800000|100%| O|  |TAMS 0x000000068b400000| PB 0x000000068b400000| Untracked 
|  46|0x000000068b800000, 0x000000068bc00000, 0x000000068bc00000|100%| O|  |TAMS 0x000000068b800000| PB 0x000000068b800000| Untracked 
|  47|0x000000068bc00000, 0x000000068c000000, 0x000000068c000000|100%| O|  |TAMS 0x000000068bc00000| PB 0x000000068bc00000| Untracked 
|  48|0x000000068c000000, 0x000000068c400000, 0x000000068c400000|100%| O|  |TAMS 0x000000068c000000| PB 0x000000068c000000| Untracked 
|  49|0x000000068c400000, 0x000000068c800000, 0x000000068c800000|100%| O|  |TAMS 0x000000068c400000| PB 0x000000068c400000| Untracked 
|  50|0x000000068c800000, 0x000000068cc00000, 0x000000068cc00000|100%| O|  |TAMS 0x000000068c800000| PB 0x000000068c800000| Untracked 
|  51|0x000000068cc00000, 0x000000068d000000, 0x000000068d000000|100%| O|  |TAMS 0x000000068cc00000| PB 0x000000068cc00000| Untracked 
|  52|0x000000068d000000, 0x000000068d400000, 0x000000068d400000|100%| O|  |TAMS 0x000000068d000000| PB 0x000000068d000000| Untracked 
|  53|0x000000068d400000, 0x000000068d800000, 0x000000068d800000|100%| O|  |TAMS 0x000000068d400000| PB 0x000000068d400000| Untracked 
|  54|0x000000068d800000, 0x000000068dc00000, 0x000000068dc00000|100%| O|  |TAMS 0x000000068d800000| PB 0x000000068d800000| Untracked 
|  55|0x000000068dc00000, 0x000000068e000000, 0x000000068e000000|100%| O|  |TAMS 0x000000068dc00000| PB 0x000000068dc00000| Untracked 
|  56|0x000000068e000000, 0x000000068e400000, 0x000000068e400000|100%| O|  |TAMS 0x000000068e000000| PB 0x000000068e000000| Untracked 
|  57|0x000000068e400000, 0x000000068e800000, 0x000000068e800000|100%| O|  |TAMS 0x000000068e400000| PB 0x000000068e400000| Untracked 
|  58|0x000000068e800000, 0x000000068ec00000, 0x000000068ec00000|100%|HS|  |TAMS 0x000000068e800000| PB 0x000000068e800000| Complete 
|  59|0x000000068ec00000, 0x000000068f000000, 0x000000068f000000|100%| O|  |TAMS 0x000000068ec00000| PB 0x000000068ec00000| Untracked 
|  60|0x000000068f000000, 0x000000068f400000, 0x000000068f400000|100%| O|  |TAMS 0x000000068f000000| PB 0x000000068f000000| Untracked 
|  61|0x000000068f400000, 0x000000068f800000, 0x000000068f800000|100%| O|  |TAMS 0x000000068f400000| PB 0x000000068f400000| Untracked 
|  62|0x000000068f800000, 0x000000068fc00000, 0x000000068fc00000|100%| O|  |TAMS 0x000000068f800000| PB 0x000000068f800000| Untracked 
|  63|0x000000068fc00000, 0x0000000690000000, 0x0000000690000000|100%| O|  |TAMS 0x000000068fc00000| PB 0x000000068fc00000| Untracked 
|  64|0x0000000690000000, 0x0000000690400000, 0x0000000690400000|100%| O|  |TAMS 0x0000000690000000| PB 0x0000000690000000| Untracked 
|  65|0x0000000690400000, 0x0000000690800000, 0x0000000690800000|100%| O|  |TAMS 0x0000000690400000| PB 0x0000000690400000| Untracked 
|  66|0x0000000690800000, 0x0000000690c00000, 0x0000000690c00000|100%| O|  |TAMS 0x0000000690800000| PB 0x0000000690800000| Untracked 
|  67|0x0000000690c00000, 0x0000000691000000, 0x0000000691000000|100%| O|  |TAMS 0x0000000690c00000| PB 0x0000000690c00000| Untracked 
|  68|0x0000000691000000, 0x0000000691400000, 0x0000000691400000|100%| O|  |TAMS 0x0000000691000000| PB 0x0000000691000000| Untracked 
|  69|0x0000000691400000, 0x0000000691800000, 0x0000000691800000|100%| O|  |TAMS 0x0000000691400000| PB 0x0000000691400000| Untracked 
|  70|0x0000000691800000, 0x0000000691c00000, 0x0000000691c00000|100%| O|  |TAMS 0x0000000691800000| PB 0x0000000691800000| Untracked 
|  71|0x0000000691c00000, 0x0000000692000000, 0x0000000692000000|100%| O|  |TAMS 0x0000000691c00000| PB 0x0000000691c00000| Untracked 
|  72|0x0000000692000000, 0x0000000692400000, 0x0000000692400000|100%| O|  |TAMS 0x0000000692000000| PB 0x0000000692000000| Untracked 
|  73|0x0000000692400000, 0x0000000692800000, 0x0000000692800000|100%|HS|  |TAMS 0x0000000692400000| PB 0x0000000692400000| Complete 
|  74|0x0000000692800000, 0x0000000692c00000, 0x0000000692c00000|100%| O|  |TAMS 0x0000000692800000| PB 0x0000000692800000| Untracked 
|  75|0x0000000692c00000, 0x0000000693000000, 0x0000000693000000|100%| O|  |TAMS 0x0000000692c00000| PB 0x0000000692c00000| Untracked 
|  76|0x0000000693000000, 0x0000000693400000, 0x0000000693400000|100%| O|  |TAMS 0x0000000693000000| PB 0x0000000693000000| Untracked 
|  77|0x0000000693400000, 0x0000000693800000, 0x0000000693800000|100%| O|  |TAMS 0x0000000693400000| PB 0x0000000693400000| Untracked 
|  78|0x0000000693800000, 0x0000000693c00000, 0x0000000693c00000|100%| O|  |TAMS 0x0000000693800000| PB 0x0000000693800000| Untracked 
|  79|0x0000000693c00000, 0x0000000694000000, 0x0000000694000000|100%| O|  |TAMS 0x0000000693c00000| PB 0x0000000693c00000| Untracked 
|  80|0x0000000694000000, 0x0000000694400000, 0x0000000694400000|100%| O|  |TAMS 0x0000000694000000| PB 0x0000000694000000| Untracked 
|  81|0x0000000694400000, 0x0000000694800000, 0x0000000694800000|100%| O|  |TAMS 0x0000000694400000| PB 0x0000000694400000| Untracked 
|  82|0x0000000694800000, 0x0000000694c00000, 0x0000000694c00000|100%| O|  |TAMS 0x0000000694800000| PB 0x0000000694800000| Untracked 
|  83|0x0000000694c00000, 0x0000000695000000, 0x0000000695000000|100%| O|  |TAMS 0x0000000694c00000| PB 0x0000000694c00000| Untracked 
|  84|0x0000000695000000, 0x0000000695400000, 0x0000000695400000|100%| O|  |TAMS 0x0000000695000000| PB 0x0000000695000000| Untracked 
|  85|0x0000000695400000, 0x0000000695800000, 0x0000000695800000|100%| O|  |TAMS 0x0000000695400000| PB 0x0000000695400000| Untracked 
|  86|0x0000000695800000, 0x0000000695c00000, 0x0000000695c00000|100%| O|  |TAMS 0x0000000695800000| PB 0x0000000695800000| Untracked 
|  87|0x0000000695c00000, 0x0000000696000000, 0x0000000696000000|100%| O|  |TAMS 0x0000000695c00000| PB 0x0000000695c00000| Untracked 
|  88|0x0000000696000000, 0x0000000696400000, 0x0000000696400000|100%| O|  |TAMS 0x0000000696000000| PB 0x0000000696000000| Untracked 
|  89|0x0000000696400000, 0x0000000696800000, 0x0000000696800000|100%| O|  |TAMS 0x0000000696400000| PB 0x0000000696400000| Untracked 
|  90|0x0000000696800000, 0x0000000696c00000, 0x0000000696c00000|100%| O|  |TAMS 0x0000000696800000| PB 0x0000000696800000| Untracked 
|  91|0x0000000696c00000, 0x0000000697000000, 0x0000000697000000|100%| O|  |TAMS 0x0000000696c00000| PB 0x0000000696c00000| Untracked 
|  92|0x0000000697000000, 0x0000000697400000, 0x0000000697400000|100%| O|  |TAMS 0x0000000697000000| PB 0x0000000697000000| Untracked 
|  93|0x0000000697400000, 0x0000000697800000, 0x0000000697800000|100%| O|  |TAMS 0x0000000697400000| PB 0x0000000697400000| Untracked 
|  94|0x0000000697800000, 0x0000000697c00000, 0x0000000697c00000|100%| O|  |TAMS 0x0000000697800000| PB 0x0000000697800000| Untracked 
|  95|0x0000000697c00000, 0x0000000698000000, 0x0000000698000000|100%| O|  |TAMS 0x0000000697c00000| PB 0x0000000697c00000| Untracked 
|  96|0x0000000698000000, 0x0000000698400000, 0x0000000698400000|100%| O|  |TAMS 0x0000000698000000| PB 0x0000000698000000| Untracked 
|  97|0x0000000698400000, 0x0000000698800000, 0x0000000698800000|100%| O|  |TAMS 0x0000000698400000| PB 0x0000000698400000| Untracked 
|  98|0x0000000698800000, 0x0000000698c00000, 0x0000000698c00000|100%| O|  |TAMS 0x0000000698800000| PB 0x0000000698800000| Untracked 
|  99|0x0000000698c00000, 0x0000000699000000, 0x0000000699000000|100%| O|  |TAMS 0x0000000698c00000| PB 0x0000000698c00000| Untracked 
| 100|0x0000000699000000, 0x0000000699400000, 0x0000000699400000|100%| O|  |TAMS 0x0000000699000000| PB 0x0000000699000000| Untracked 
| 101|0x0000000699400000, 0x0000000699800000, 0x0000000699800000|100%| O|  |TAMS 0x0000000699400000| PB 0x0000000699400000| Untracked 
| 102|0x0000000699800000, 0x0000000699c00000, 0x0000000699c00000|100%| O|  |TAMS 0x0000000699800000| PB 0x0000000699800000| Untracked 
| 103|0x0000000699c00000, 0x000000069a000000, 0x000000069a000000|100%| O|Cm|TAMS 0x0000000699c00000| PB 0x0000000699c00000| Complete 
| 104|0x000000069a000000, 0x000000069a400000, 0x000000069a400000|100%| O|  |TAMS 0x000000069a000000| PB 0x000000069a000000| Untracked 
| 105|0x000000069a400000, 0x000000069a800000, 0x000000069a800000|100%| O|  |TAMS 0x000000069a400000| PB 0x000000069a400000| Untracked 
| 106|0x000000069a800000, 0x000000069ac00000, 0x000000069ac00000|100%| O|  |TAMS 0x000000069a800000| PB 0x000000069a800000| Untracked 
| 107|0x000000069ac00000, 0x000000069b000000, 0x000000069b000000|100%| O|  |TAMS 0x000000069ac00000| PB 0x000000069ac00000| Untracked 
| 108|0x000000069b000000, 0x000000069b400000, 0x000000069b400000|100%| O|  |TAMS 0x000000069b000000| PB 0x000000069b000000| Untracked 
| 109|0x000000069b400000, 0x000000069b800000, 0x000000069b800000|100%| O|  |TAMS 0x000000069b400000| PB 0x000000069b400000| Untracked 
| 110|0x000000069b800000, 0x000000069bc00000, 0x000000069bc00000|100%| O|  |TAMS 0x000000069b800000| PB 0x000000069b800000| Untracked 
| 111|0x000000069bc00000, 0x000000069bc00000, 0x000000069c000000|  0%| F|  |TAMS 0x000000069bc00000| PB 0x000000069bc00000| Untracked 
| 112|0x000000069c000000, 0x000000069c400000, 0x000000069c400000|100%| O|  |TAMS 0x000000069c000000| PB 0x000000069c000000| Untracked 
| 113|0x000000069c400000, 0x000000069c800000, 0x000000069c800000|100%| O|  |TAMS 0x000000069c400000| PB 0x000000069c400000| Untracked 
| 114|0x000000069c800000, 0x000000069cc00000, 0x000000069cc00000|100%| O|  |TAMS 0x000000069c800000| PB 0x000000069c800000| Untracked 
| 115|0x000000069cc00000, 0x000000069d000000, 0x000000069d000000|100%| O|  |TAMS 0x000000069cc00000| PB 0x000000069cc00000| Untracked 
| 116|0x000000069d000000, 0x000000069d400000, 0x000000069d400000|100%| O|  |TAMS 0x000000069d000000| PB 0x000000069d000000| Untracked 
| 117|0x000000069d400000, 0x000000069d800000, 0x000000069d800000|100%| O|  |TAMS 0x000000069d400000| PB 0x000000069d400000| Untracked 
| 118|0x000000069d800000, 0x000000069dc00000, 0x000000069dc00000|100%| O|  |TAMS 0x000000069d800000| PB 0x000000069d800000| Untracked 
| 119|0x000000069dc00000, 0x000000069e000000, 0x000000069e000000|100%| O|Cm|TAMS 0x000000069dc00000| PB 0x000000069dc00000| Complete 
| 120|0x000000069e000000, 0x000000069e1e47f0, 0x000000069e400000| 47%| O|  |TAMS 0x000000069e000000| PB 0x000000069e000000| Untracked 
| 121|0x000000069e400000, 0x000000069e800000, 0x000000069e800000|100%| O|  |TAMS 0x000000069e400000| PB 0x000000069e400000| Untracked 
| 122|0x000000069e800000, 0x000000069ec00000, 0x000000069ec00000|100%| O|  |TAMS 0x000000069e800000| PB 0x000000069e800000| Untracked 
| 123|0x000000069ec00000, 0x000000069f000000, 0x000000069f000000|100%| O|  |TAMS 0x000000069ec00000| PB 0x000000069ec00000| Untracked 
| 124|0x000000069f000000, 0x000000069f400000, 0x000000069f400000|100%| O|  |TAMS 0x000000069f000000| PB 0x000000069f000000| Untracked 
| 125|0x000000069f400000, 0x000000069f800000, 0x000000069f800000|100%| O|  |TAMS 0x000000069f400000| PB 0x000000069f400000| Untracked 
| 126|0x000000069f800000, 0x000000069fc00000, 0x000000069fc00000|100%| O|  |TAMS 0x000000069f800000| PB 0x000000069f800000| Untracked 
| 127|0x000000069fc00000, 0x00000006a0000000, 0x00000006a0000000|100%| O|  |TAMS 0x000000069fc00000| PB 0x000000069fc00000| Untracked 
| 128|0x00000006a0000000, 0x00000006a0400000, 0x00000006a0400000|100%| O|  |TAMS 0x00000006a0000000| PB 0x00000006a0000000| Untracked 
| 129|0x00000006a0400000, 0x00000006a0800000, 0x00000006a0800000|100%| O|  |TAMS 0x00000006a0400000| PB 0x00000006a0400000| Untracked 
| 130|0x00000006a0800000, 0x00000006a0c00000, 0x00000006a0c00000|100%| O|  |TAMS 0x00000006a0800000| PB 0x00000006a0800000| Untracked 
| 131|0x00000006a0c00000, 0x00000006a1000000, 0x00000006a1000000|100%| O|  |TAMS 0x00000006a0c00000| PB 0x00000006a0c00000| Untracked 
| 132|0x00000006a1000000, 0x00000006a1400000, 0x00000006a1400000|100%| O|  |TAMS 0x00000006a1000000| PB 0x00000006a1000000| Untracked 
| 133|0x00000006a1400000, 0x00000006a1800000, 0x00000006a1800000|100%| O|  |TAMS 0x00000006a1400000| PB 0x00000006a1400000| Untracked 
| 134|0x00000006a1800000, 0x00000006a1c00000, 0x00000006a1c00000|100%| O|  |TAMS 0x00000006a1800000| PB 0x00000006a1800000| Untracked 
| 135|0x00000006a1c00000, 0x00000006a2000000, 0x00000006a2000000|100%| O|  |TAMS 0x00000006a1c00000| PB 0x00000006a1c00000| Untracked 
| 136|0x00000006a2000000, 0x00000006a2400000, 0x00000006a2400000|100%| O|  |TAMS 0x00000006a2000000| PB 0x00000006a2000000| Untracked 
| 137|0x00000006a2400000, 0x00000006a2800000, 0x00000006a2800000|100%| O|  |TAMS 0x00000006a2400000| PB 0x00000006a2400000| Untracked 
| 138|0x00000006a2800000, 0x00000006a2c00000, 0x00000006a2c00000|100%| O|  |TAMS 0x00000006a2800000| PB 0x00000006a2800000| Untracked 
| 139|0x00000006a2c00000, 0x00000006a3000000, 0x00000006a3000000|100%| O|  |TAMS 0x00000006a2c00000| PB 0x00000006a2c00000| Untracked 
| 140|0x00000006a3000000, 0x00000006a3400000, 0x00000006a3400000|100%| O|  |TAMS 0x00000006a3000000| PB 0x00000006a3000000| Untracked 
| 141|0x00000006a3400000, 0x00000006a3800000, 0x00000006a3800000|100%| O|  |TAMS 0x00000006a3400000| PB 0x00000006a3400000| Untracked 
| 142|0x00000006a3800000, 0x00000006a3c00000, 0x00000006a3c00000|100%| O|  |TAMS 0x00000006a3800000| PB 0x00000006a3800000| Untracked 
| 143|0x00000006a3c00000, 0x00000006a4000000, 0x00000006a4000000|100%|HS|  |TAMS 0x00000006a3c00000| PB 0x00000006a3c00000| Complete 
| 144|0x00000006a4000000, 0x00000006a4400000, 0x00000006a4400000|100%| O|  |TAMS 0x00000006a4000000| PB 0x00000006a4000000| Untracked 
| 145|0x00000006a4400000, 0x00000006a4800000, 0x00000006a4800000|100%| O|  |TAMS 0x00000006a4400000| PB 0x00000006a4400000| Untracked 
| 146|0x00000006a4800000, 0x00000006a4c00000, 0x00000006a4c00000|100%| O|  |TAMS 0x00000006a4800000| PB 0x00000006a4800000| Untracked 
| 147|0x00000006a4c00000, 0x00000006a5000000, 0x00000006a5000000|100%| O|  |TAMS 0x00000006a4c00000| PB 0x00000006a4c00000| Untracked 
| 148|0x00000006a5000000, 0x00000006a5400000, 0x00000006a5400000|100%| O|  |TAMS 0x00000006a5000000| PB 0x00000006a5000000| Untracked 
| 149|0x00000006a5400000, 0x00000006a5800000, 0x00000006a5800000|100%| O|Cm|TAMS 0x00000006a5400000| PB 0x00000006a5400000| Complete 
| 150|0x00000006a5800000, 0x00000006a5c00000, 0x00000006a5c00000|100%| O|Cm|TAMS 0x00000006a5800000| PB 0x00000006a5800000| Complete 
| 151|0x00000006a5c00000, 0x00000006a5cd3088, 0x00000006a6000000| 20%| O|  |TAMS 0x00000006a5c00000| PB 0x00000006a5c00000| Untracked 
| 152|0x00000006a6000000, 0x00000006a6400000, 0x00000006a6400000|100%| O|Cm|TAMS 0x00000006a6000000| PB 0x00000006a6000000| Complete 
| 153|0x00000006a6400000, 0x00000006a6400000, 0x00000006a6800000|  0%| F|  |TAMS 0x00000006a6400000| PB 0x00000006a6400000| Untracked 
| 154|0x00000006a6800000, 0x00000006a6c00000, 0x00000006a6c00000|100%| O|  |TAMS 0x00000006a6800000| PB 0x00000006a6800000| Untracked 
| 155|0x00000006a6c00000, 0x00000006a7000000, 0x00000006a7000000|100%| O|  |TAMS 0x00000006a6c00000| PB 0x00000006a6c00000| Untracked 
| 156|0x00000006a7000000, 0x00000006a7400000, 0x00000006a7400000|100%| O|  |TAMS 0x00000006a7000000| PB 0x00000006a7000000| Untracked 
| 157|0x00000006a7400000, 0x00000006a7800000, 0x00000006a7800000|100%| O|  |TAMS 0x00000006a7400000| PB 0x00000006a7400000| Untracked 
| 158|0x00000006a7800000, 0x00000006a7c00000, 0x00000006a7c00000|100%| O|  |TAMS 0x00000006a7800000| PB 0x00000006a7800000| Untracked 
| 159|0x00000006a7c00000, 0x00000006a8000000, 0x00000006a8000000|100%| O|  |TAMS 0x00000006a7c00000| PB 0x00000006a7c00000| Untracked 
| 160|0x00000006a8000000, 0x00000006a8400000, 0x00000006a8400000|100%| O|  |TAMS 0x00000006a8000000| PB 0x00000006a8000000| Untracked 
| 161|0x00000006a8400000, 0x00000006a8800000, 0x00000006a8800000|100%| O|  |TAMS 0x00000006a8400000| PB 0x00000006a8400000| Untracked 
| 162|0x00000006a8800000, 0x00000006a8800000, 0x00000006a8c00000|  0%| F|  |TAMS 0x00000006a8800000| PB 0x00000006a8800000| Untracked 
| 163|0x00000006a8c00000, 0x00000006a9000000, 0x00000006a9000000|100%| O|  |TAMS 0x00000006a8c00000| PB 0x00000006a8c00000| Untracked 
| 164|0x00000006a9000000, 0x00000006a9400000, 0x00000006a9400000|100%| O|  |TAMS 0x00000006a9000000| PB 0x00000006a9000000| Untracked 
| 165|0x00000006a9400000, 0x00000006a9800000, 0x00000006a9800000|100%| O|  |TAMS 0x00000006a9400000| PB 0x00000006a9400000| Untracked 
| 166|0x00000006a9800000, 0x00000006a9c00000, 0x00000006a9c00000|100%| O|  |TAMS 0x00000006a9800000| PB 0x00000006a9800000| Untracked 
| 167|0x00000006a9c00000, 0x00000006a9c00000, 0x00000006aa000000|  0%| F|  |TAMS 0x00000006a9c00000| PB 0x00000006a9c00000| Untracked 
| 168|0x00000006aa000000, 0x00000006aa000000, 0x00000006aa400000|  0%| F|  |TAMS 0x00000006aa000000| PB 0x00000006aa000000| Untracked 
| 169|0x00000006aa400000, 0x00000006aa800000, 0x00000006aa800000|100%| O|  |TAMS 0x00000006aa400000| PB 0x00000006aa400000| Untracked 
| 170|0x00000006aa800000, 0x00000006aac00000, 0x00000006aac00000|100%| O|  |TAMS 0x00000006aa800000| PB 0x00000006aa800000| Untracked 
| 171|0x00000006aac00000, 0x00000006ab000000, 0x00000006ab000000|100%| O|  |TAMS 0x00000006aac00000| PB 0x00000006aac00000| Untracked 
| 172|0x00000006ab000000, 0x00000006ab400000, 0x00000006ab400000|100%| O|  |TAMS 0x00000006ab000000| PB 0x00000006ab000000| Untracked 
| 173|0x00000006ab400000, 0x00000006ab400000, 0x00000006ab800000|  0%| F|  |TAMS 0x00000006ab400000| PB 0x00000006ab400000| Untracked 
| 174|0x00000006ab800000, 0x00000006abc00000, 0x00000006abc00000|100%| O|Cm|TAMS 0x00000006ab800000| PB 0x00000006ab800000| Complete 
| 175|0x00000006abc00000, 0x00000006ac000000, 0x00000006ac000000|100%|HS|  |TAMS 0x00000006abc00000| PB 0x00000006abc00000| Complete 
| 176|0x00000006ac000000, 0x00000006ac400000, 0x00000006ac400000|100%|HC|  |TAMS 0x00000006ac000000| PB 0x00000006ac000000| Complete 
| 177|0x00000006ac400000, 0x00000006ac800000, 0x00000006ac800000|100%| O|Cm|TAMS 0x00000006ac400000| PB 0x00000006ac400000| Complete 
| 178|0x00000006ac800000, 0x00000006acc00000, 0x00000006acc00000|100%| O|Cm|TAMS 0x00000006ac800000| PB 0x00000006ac800000| Complete 
| 179|0x00000006acc00000, 0x00000006ad000000, 0x00000006ad000000|100%| O|  |TAMS 0x00000006acc00000| PB 0x00000006acc00000| Untracked 
| 180|0x00000006ad000000, 0x00000006ad000000, 0x00000006ad400000|  0%| F|  |TAMS 0x00000006ad000000| PB 0x00000006ad000000| Untracked 
| 181|0x00000006ad400000, 0x00000006ad400000, 0x00000006ad800000|  0%| F|  |TAMS 0x00000006ad400000| PB 0x00000006ad400000| Untracked 
| 182|0x00000006ad800000, 0x00000006adc00000, 0x00000006adc00000|100%| O|  |TAMS 0x00000006ad800000| PB 0x00000006ad800000| Untracked 
| 183|0x00000006adc00000, 0x00000006ae000000, 0x00000006ae000000|100%| O|Cm|TAMS 0x00000006adc00000| PB 0x00000006adc00000| Complete 
| 184|0x00000006ae000000, 0x00000006ae400000, 0x00000006ae400000|100%| O|  |TAMS 0x00000006ae000000| PB 0x00000006ae000000| Untracked 
| 185|0x00000006ae400000, 0x00000006ae800000, 0x00000006ae800000|100%| O|Cm|TAMS 0x00000006ae400000| PB 0x00000006ae400000| Complete 
| 186|0x00000006ae800000, 0x00000006aec00000, 0x00000006aec00000|100%| O|Cm|TAMS 0x00000006ae800000| PB 0x00000006ae800000| Complete 
| 187|0x00000006aec00000, 0x00000006aec00000, 0x00000006af000000|  0%| F|  |TAMS 0x00000006aec00000| PB 0x00000006aec00000| Untracked 
| 188|0x00000006af000000, 0x00000006af400000, 0x00000006af400000|100%| O|  |TAMS 0x00000006af000000| PB 0x00000006af000000| Untracked 
| 189|0x00000006af400000, 0x00000006af800000, 0x00000006af800000|100%| O|  |TAMS 0x00000006af400000| PB 0x00000006af400000| Untracked 
| 190|0x00000006af800000, 0x00000006af800000, 0x00000006afc00000|  0%| F|  |TAMS 0x00000006af800000| PB 0x00000006af800000| Untracked 
| 191|0x00000006afc00000, 0x00000006afc00000, 0x00000006b0000000|  0%| F|  |TAMS 0x00000006afc00000| PB 0x00000006afc00000| Untracked 
| 192|0x00000006b0000000, 0x00000006b0000000, 0x00000006b0400000|  0%| F|  |TAMS 0x00000006b0000000| PB 0x00000006b0000000| Untracked 
| 193|0x00000006b0400000, 0x00000006b0400000, 0x00000006b0800000|  0%| F|  |TAMS 0x00000006b0400000| PB 0x00000006b0400000| Untracked 
| 194|0x00000006b0800000, 0x00000006b0800000, 0x00000006b0c00000|  0%| F|  |TAMS 0x00000006b0800000| PB 0x00000006b0800000| Untracked 
| 195|0x00000006b0c00000, 0x00000006b0c00000, 0x00000006b1000000|  0%| F|  |TAMS 0x00000006b0c00000| PB 0x00000006b0c00000| Untracked 
| 196|0x00000006b1000000, 0x00000006b1000000, 0x00000006b1400000|  0%| F|  |TAMS 0x00000006b1000000| PB 0x00000006b1000000| Untracked 
| 197|0x00000006b1400000, 0x00000006b1400000, 0x00000006b1800000|  0%| F|  |TAMS 0x00000006b1400000| PB 0x00000006b1400000| Untracked 
| 198|0x00000006b1800000, 0x00000006b1800000, 0x00000006b1c00000|  0%| F|  |TAMS 0x00000006b1800000| PB 0x00000006b1800000| Untracked 
| 199|0x00000006b1c00000, 0x00000006b2000000, 0x00000006b2000000|100%| O|  |TAMS 0x00000006b1c00000| PB 0x00000006b1c00000| Untracked 
| 200|0x00000006b2000000, 0x00000006b2400000, 0x00000006b2400000|100%| O|Cm|TAMS 0x00000006b2000000| PB 0x00000006b2000000| Complete 
| 201|0x00000006b2400000, 0x00000006b2400000, 0x00000006b2800000|  0%| F|  |TAMS 0x00000006b2400000| PB 0x00000006b2400000| Untracked 
| 202|0x00000006b2800000, 0x00000006b2c00000, 0x00000006b2c00000|100%| O|Cm|TAMS 0x00000006b2800000| PB 0x00000006b2800000| Complete 
| 203|0x00000006b2c00000, 0x00000006b2c00000, 0x00000006b3000000|  0%| F|  |TAMS 0x00000006b2c00000| PB 0x00000006b2c00000| Untracked 
| 204|0x00000006b3000000, 0x00000006b3000000, 0x00000006b3400000|  0%| F|  |TAMS 0x00000006b3000000| PB 0x00000006b3000000| Untracked 
| 205|0x00000006b3400000, 0x00000006b3400000, 0x00000006b3800000|  0%| F|  |TAMS 0x00000006b3400000| PB 0x00000006b3400000| Untracked 
| 206|0x00000006b3800000, 0x00000006b3c00000, 0x00000006b3c00000|100%| O|Cm|TAMS 0x00000006b3800000| PB 0x00000006b3800000| Complete 
| 207|0x00000006b3c00000, 0x00000006b4000000, 0x00000006b4000000|100%| O|Cm|TAMS 0x00000006b3c00000| PB 0x00000006b3c00000| Complete 
| 208|0x00000006b4000000, 0x00000006b4000000, 0x00000006b4400000|  0%| F|  |TAMS 0x00000006b4000000| PB 0x00000006b4000000| Untracked 
| 209|0x00000006b4400000, 0x00000006b4800000, 0x00000006b4800000|100%| O|Cm|TAMS 0x00000006b4400000| PB 0x00000006b4400000| Complete 
| 210|0x00000006b4800000, 0x00000006b4800000, 0x00000006b4c00000|  0%| F|  |TAMS 0x00000006b4800000| PB 0x00000006b4800000| Untracked 
| 211|0x00000006b4c00000, 0x00000006b4c00000, 0x00000006b5000000|  0%| F|  |TAMS 0x00000006b4c00000| PB 0x00000006b4c00000| Untracked 
| 212|0x00000006b5000000, 0x00000006b5400000, 0x00000006b5400000|100%| O|Cm|TAMS 0x00000006b5000000| PB 0x00000006b5000000| Complete 
| 213|0x00000006b5400000, 0x00000006b5800000, 0x00000006b5800000|100%| O|Cm|TAMS 0x00000006b5400000| PB 0x00000006b5400000| Complete 
| 214|0x00000006b5800000, 0x00000006b5800000, 0x00000006b5c00000|  0%| F|  |TAMS 0x00000006b5800000| PB 0x00000006b5800000| Untracked 
| 215|0x00000006b5c00000, 0x00000006b5c00000, 0x00000006b6000000|  0%| F|  |TAMS 0x00000006b5c00000| PB 0x00000006b5c00000| Untracked 
| 216|0x00000006b6000000, 0x00000006b6000000, 0x00000006b6400000|  0%| F|  |TAMS 0x00000006b6000000| PB 0x00000006b6000000| Untracked 
| 217|0x00000006b6400000, 0x00000006b6400000, 0x00000006b6800000|  0%| F|  |TAMS 0x00000006b6400000| PB 0x00000006b6400000| Untracked 
| 218|0x00000006b6800000, 0x00000006b6800000, 0x00000006b6c00000|  0%| F|  |TAMS 0x00000006b6800000| PB 0x00000006b6800000| Untracked 
| 219|0x00000006b6c00000, 0x00000006b6c00000, 0x00000006b7000000|  0%| F|  |TAMS 0x00000006b6c00000| PB 0x00000006b6c00000| Untracked 
| 220|0x00000006b7000000, 0x00000006b7400000, 0x00000006b7400000|100%| O|  |TAMS 0x00000006b7000000| PB 0x00000006b7000000| Untracked 
| 221|0x00000006b7400000, 0x00000006b7400000, 0x00000006b7800000|  0%| F|  |TAMS 0x00000006b7400000| PB 0x00000006b7400000| Untracked 
| 222|0x00000006b7800000, 0x00000006b7800000, 0x00000006b7c00000|  0%| F|  |TAMS 0x00000006b7800000| PB 0x00000006b7800000| Untracked 
| 223|0x00000006b7c00000, 0x00000006b7c00000, 0x00000006b8000000|  0%| F|  |TAMS 0x00000006b7c00000| PB 0x00000006b7c00000| Untracked 
| 224|0x00000006b8000000, 0x00000006b8400000, 0x00000006b8400000|100%| O|Cm|TAMS 0x00000006b8000000| PB 0x00000006b8000000| Complete 
| 225|0x00000006b8400000, 0x00000006b8800000, 0x00000006b8800000|100%| O|  |TAMS 0x00000006b8400000| PB 0x00000006b8400000| Untracked 
| 226|0x00000006b8800000, 0x00000006b8c00000, 0x00000006b8c00000|100%| O|Cm|TAMS 0x00000006b8800000| PB 0x00000006b8800000| Complete 
| 227|0x00000006b8c00000, 0x00000006b9000000, 0x00000006b9000000|100%| O|  |TAMS 0x00000006b8c00000| PB 0x00000006b8c00000| Untracked 
| 228|0x00000006b9000000, 0x00000006b9400000, 0x00000006b9400000|100%| O|  |TAMS 0x00000006b9000000| PB 0x00000006b9000000| Untracked 
| 229|0x00000006b9400000, 0x00000006b9800000, 0x00000006b9800000|100%| O|Cm|TAMS 0x00000006b9400000| PB 0x00000006b9400000| Complete 
| 230|0x00000006b9800000, 0x00000006b9800000, 0x00000006b9c00000|  0%| F|  |TAMS 0x00000006b9800000| PB 0x00000006b9800000| Untracked 
| 231|0x00000006b9c00000, 0x00000006ba000000, 0x00000006ba000000|100%| O|Cm|TAMS 0x00000006b9c00000| PB 0x00000006b9c00000| Complete 
| 232|0x00000006ba000000, 0x00000006ba000000, 0x00000006ba400000|  0%| F|  |TAMS 0x00000006ba000000| PB 0x00000006ba000000| Untracked 
| 233|0x00000006ba400000, 0x00000006ba400000, 0x00000006ba800000|  0%| F|  |TAMS 0x00000006ba400000| PB 0x00000006ba400000| Untracked 
| 234|0x00000006ba800000, 0x00000006ba800000, 0x00000006bac00000|  0%| F|  |TAMS 0x00000006ba800000| PB 0x00000006ba800000| Untracked 
| 235|0x00000006bac00000, 0x00000006bac00000, 0x00000006bb000000|  0%| F|  |TAMS 0x00000006bac00000| PB 0x00000006bac00000| Untracked 
| 236|0x00000006bb000000, 0x00000006bb000000, 0x00000006bb400000|  0%| F|  |TAMS 0x00000006bb000000| PB 0x00000006bb000000| Untracked 
| 237|0x00000006bb400000, 0x00000006bb400000, 0x00000006bb800000|  0%| F|  |TAMS 0x00000006bb400000| PB 0x00000006bb400000| Untracked 
| 238|0x00000006bb800000, 0x00000006bb800000, 0x00000006bbc00000|  0%| F|  |TAMS 0x00000006bb800000| PB 0x00000006bb800000| Untracked 
| 239|0x00000006bbc00000, 0x00000006bc000000, 0x00000006bc000000|100%| O|Cm|TAMS 0x00000006bbc00000| PB 0x00000006bbc00000| Complete 
| 240|0x00000006bc000000, 0x00000006bc400000, 0x00000006bc400000|100%| O|Cm|TAMS 0x00000006bc000000| PB 0x00000006bc000000| Complete 
| 241|0x00000006bc400000, 0x00000006bc400000, 0x00000006bc800000|  0%| F|  |TAMS 0x00000006bc400000| PB 0x00000006bc400000| Untracked 
| 242|0x00000006bc800000, 0x00000006bcc00000, 0x00000006bcc00000|100%| O|Cm|TAMS 0x00000006bc800000| PB 0x00000006bc800000| Complete 
| 243|0x00000006bcc00000, 0x00000006bcc00000, 0x00000006bd000000|  0%| F|  |TAMS 0x00000006bcc00000| PB 0x00000006bcc00000| Untracked 
| 244|0x00000006bd000000, 0x00000006bd400000, 0x00000006bd400000|100%| O|Cm|TAMS 0x00000006bd000000| PB 0x00000006bd000000| Complete 
| 245|0x00000006bd400000, 0x00000006bd400000, 0x00000006bd800000|  0%| F|  |TAMS 0x00000006bd400000| PB 0x00000006bd400000| Untracked 
| 246|0x00000006bd800000, 0x00000006bd800000, 0x00000006bdc00000|  0%| F|  |TAMS 0x00000006bd800000| PB 0x00000006bd800000| Untracked 
| 247|0x00000006bdc00000, 0x00000006be000000, 0x00000006be000000|100%| O|Cm|TAMS 0x00000006bdc00000| PB 0x00000006bdc00000| Complete 
| 248|0x00000006be000000, 0x00000006be000000, 0x00000006be400000|  0%| F|  |TAMS 0x00000006be000000| PB 0x00000006be000000| Untracked 
| 249|0x00000006be400000, 0x00000006be400000, 0x00000006be800000|  0%| F|  |TAMS 0x00000006be400000| PB 0x00000006be400000| Untracked 
| 250|0x00000006be800000, 0x00000006be800000, 0x00000006bec00000|  0%| F|  |TAMS 0x00000006be800000| PB 0x00000006be800000| Untracked 
| 251|0x00000006bec00000, 0x00000006bf000000, 0x00000006bf000000|100%| O|  |TAMS 0x00000006bec00000| PB 0x00000006bec00000| Untracked 
| 252|0x00000006bf000000, 0x00000006bf400000, 0x00000006bf400000|100%| O|  |TAMS 0x00000006bf000000| PB 0x00000006bf000000| Untracked 
| 253|0x00000006bf400000, 0x00000006bf400000, 0x00000006bf800000|  0%| F|  |TAMS 0x00000006bf400000| PB 0x00000006bf400000| Untracked 
| 254|0x00000006bf800000, 0x00000006bf800000, 0x00000006bfc00000|  0%| F|  |TAMS 0x00000006bf800000| PB 0x00000006bf800000| Untracked 
| 255|0x00000006bfc00000, 0x00000006bfc00000, 0x00000006c0000000|  0%| F|  |TAMS 0x00000006bfc00000| PB 0x00000006bfc00000| Untracked 
| 256|0x00000006c0000000, 0x00000006c0400000, 0x00000006c0400000|100%| O|  |TAMS 0x00000006c0000000| PB 0x00000006c0000000| Untracked 
| 257|0x00000006c0400000, 0x00000006c0800000, 0x00000006c0800000|100%| O|  |TAMS 0x00000006c0400000| PB 0x00000006c0400000| Untracked 
| 258|0x00000006c0800000, 0x00000006c0c00000, 0x00000006c0c00000|100%| O|  |TAMS 0x00000006c0800000| PB 0x00000006c0800000| Untracked 
| 259|0x00000006c0c00000, 0x00000006c0c00000, 0x00000006c1000000|  0%| F|  |TAMS 0x00000006c0c00000| PB 0x00000006c0c00000| Untracked 
| 260|0x00000006c1000000, 0x00000006c1400000, 0x00000006c1400000|100%| O|  |TAMS 0x00000006c1000000| PB 0x00000006c1000000| Untracked 
| 261|0x00000006c1400000, 0x00000006c1800000, 0x00000006c1800000|100%| O|  |TAMS 0x00000006c1400000| PB 0x00000006c1400000| Untracked 
| 262|0x00000006c1800000, 0x00000006c1c00000, 0x00000006c1c00000|100%| O|  |TAMS 0x00000006c1800000| PB 0x00000006c1800000| Untracked 
| 263|0x00000006c1c00000, 0x00000006c2000000, 0x00000006c2000000|100%| O|  |TAMS 0x00000006c1c00000| PB 0x00000006c1c00000| Untracked 
| 264|0x00000006c2000000, 0x00000006c2400000, 0x00000006c2400000|100%| O|  |TAMS 0x00000006c2000000| PB 0x00000006c2000000| Untracked 
| 265|0x00000006c2400000, 0x00000006c2800000, 0x00000006c2800000|100%| O|  |TAMS 0x00000006c2400000| PB 0x00000006c2400000| Untracked 
| 266|0x00000006c2800000, 0x00000006c2c00000, 0x00000006c2c00000|100%| O|  |TAMS 0x00000006c2800000| PB 0x00000006c2800000| Untracked 
| 267|0x00000006c2c00000, 0x00000006c3000000, 0x00000006c3000000|100%| O|  |TAMS 0x00000006c2c00000| PB 0x00000006c2c00000| Untracked 
| 268|0x00000006c3000000, 0x00000006c3400000, 0x00000006c3400000|100%| O|  |TAMS 0x00000006c3000000| PB 0x00000006c3000000| Untracked 
| 269|0x00000006c3400000, 0x00000006c3800000, 0x00000006c3800000|100%| O|  |TAMS 0x00000006c3400000| PB 0x00000006c3400000| Untracked 
| 270|0x00000006c3800000, 0x00000006c3c00000, 0x00000006c3c00000|100%| O|  |TAMS 0x00000006c3800000| PB 0x00000006c3800000| Untracked 
| 271|0x00000006c3c00000, 0x00000006c4000000, 0x00000006c4000000|100%| O|  |TAMS 0x00000006c3c00000| PB 0x00000006c3c00000| Untracked 
| 272|0x00000006c4000000, 0x00000006c4400000, 0x00000006c4400000|100%| O|  |TAMS 0x00000006c4000000| PB 0x00000006c4000000| Untracked 
| 273|0x00000006c4400000, 0x00000006c4800000, 0x00000006c4800000|100%| O|  |TAMS 0x00000006c4400000| PB 0x00000006c4400000| Untracked 
| 274|0x00000006c4800000, 0x00000006c4c00000, 0x00000006c4c00000|100%| O|  |TAMS 0x00000006c4800000| PB 0x00000006c4800000| Untracked 
| 275|0x00000006c4c00000, 0x00000006c5000000, 0x00000006c5000000|100%| O|  |TAMS 0x00000006c4c00000| PB 0x00000006c4c00000| Untracked 
| 276|0x00000006c5000000, 0x00000006c5000000, 0x00000006c5400000|  0%| F|  |TAMS 0x00000006c5000000| PB 0x00000006c5000000| Untracked 
| 277|0x00000006c5400000, 0x00000006c5400000, 0x00000006c5800000|  0%| F|  |TAMS 0x00000006c5400000| PB 0x00000006c5400000| Untracked 
| 278|0x00000006c5800000, 0x00000006c5800000, 0x00000006c5c00000|  0%| F|  |TAMS 0x00000006c5800000| PB 0x00000006c5800000| Untracked 
| 279|0x00000006c5c00000, 0x00000006c5c00000, 0x00000006c6000000|  0%| F|  |TAMS 0x00000006c5c00000| PB 0x00000006c5c00000| Untracked 
| 280|0x00000006c6000000, 0x00000006c6000000, 0x00000006c6400000|  0%| F|  |TAMS 0x00000006c6000000| PB 0x00000006c6000000| Untracked 
| 281|0x00000006c6400000, 0x00000006c6400000, 0x00000006c6800000|  0%| F|  |TAMS 0x00000006c6400000| PB 0x00000006c6400000| Untracked 
| 282|0x00000006c6800000, 0x00000006c6800000, 0x00000006c6c00000|  0%| F|  |TAMS 0x00000006c6800000| PB 0x00000006c6800000| Untracked 
| 283|0x00000006c6c00000, 0x00000006c6c00000, 0x00000006c7000000|  0%| F|  |TAMS 0x00000006c6c00000| PB 0x00000006c6c00000| Untracked 
| 284|0x00000006c7000000, 0x00000006c7000000, 0x00000006c7400000|  0%| F|  |TAMS 0x00000006c7000000| PB 0x00000006c7000000| Untracked 
| 285|0x00000006c7400000, 0x00000006c7400000, 0x00000006c7800000|  0%| F|  |TAMS 0x00000006c7400000| PB 0x00000006c7400000| Untracked 
| 286|0x00000006c7800000, 0x00000006c7800000, 0x00000006c7c00000|  0%| F|  |TAMS 0x00000006c7800000| PB 0x00000006c7800000| Untracked 
| 287|0x00000006c7c00000, 0x00000006c7c00000, 0x00000006c8000000|  0%| F|  |TAMS 0x00000006c7c00000| PB 0x00000006c7c00000| Untracked 
| 288|0x00000006c8000000, 0x00000006c8000000, 0x00000006c8400000|  0%| F|  |TAMS 0x00000006c8000000| PB 0x00000006c8000000| Untracked 
| 289|0x00000006c8400000, 0x00000006c8400000, 0x00000006c8800000|  0%| F|  |TAMS 0x00000006c8400000| PB 0x00000006c8400000| Untracked 
| 290|0x00000006c8800000, 0x00000006c8800000, 0x00000006c8c00000|  0%| F|  |TAMS 0x00000006c8800000| PB 0x00000006c8800000| Untracked 
| 291|0x00000006c8c00000, 0x00000006c8c00000, 0x00000006c9000000|  0%| F|  |TAMS 0x00000006c8c00000| PB 0x00000006c8c00000| Untracked 
| 292|0x00000006c9000000, 0x00000006c9000000, 0x00000006c9400000|  0%| F|  |TAMS 0x00000006c9000000| PB 0x00000006c9000000| Untracked 
| 293|0x00000006c9400000, 0x00000006c9400000, 0x00000006c9800000|  0%| F|  |TAMS 0x00000006c9400000| PB 0x00000006c9400000| Untracked 
| 294|0x00000006c9800000, 0x00000006c9800000, 0x00000006c9c00000|  0%| F|  |TAMS 0x00000006c9800000| PB 0x00000006c9800000| Untracked 
| 295|0x00000006c9c00000, 0x00000006c9c00000, 0x00000006ca000000|  0%| F|  |TAMS 0x00000006c9c00000| PB 0x00000006c9c00000| Untracked 
| 296|0x00000006ca000000, 0x00000006ca000000, 0x00000006ca400000|  0%| F|  |TAMS 0x00000006ca000000| PB 0x00000006ca000000| Untracked 
| 297|0x00000006ca400000, 0x00000006ca400000, 0x00000006ca800000|  0%| F|  |TAMS 0x00000006ca400000| PB 0x00000006ca400000| Untracked 
| 298|0x00000006ca800000, 0x00000006ca800000, 0x00000006cac00000|  0%| F|  |TAMS 0x00000006ca800000| PB 0x00000006ca800000| Untracked 
| 299|0x00000006cac00000, 0x00000006cac00000, 0x00000006cb000000|  0%| F|  |TAMS 0x00000006cac00000| PB 0x00000006cac00000| Untracked 
| 300|0x00000006cb000000, 0x00000006cb000000, 0x00000006cb400000|  0%| F|  |TAMS 0x00000006cb000000| PB 0x00000006cb000000| Untracked 
| 301|0x00000006cb400000, 0x00000006cb400000, 0x00000006cb800000|  0%| F|  |TAMS 0x00000006cb400000| PB 0x00000006cb400000| Untracked 
| 302|0x00000006cb800000, 0x00000006cb800000, 0x00000006cbc00000|  0%| F|  |TAMS 0x00000006cb800000| PB 0x00000006cb800000| Untracked 
| 303|0x00000006cbc00000, 0x00000006cbc00000, 0x00000006cc000000|  0%| F|  |TAMS 0x00000006cbc00000| PB 0x00000006cbc00000| Untracked 
| 304|0x00000006cc000000, 0x00000006cc000000, 0x00000006cc400000|  0%| F|  |TAMS 0x00000006cc000000| PB 0x00000006cc000000| Untracked 
| 305|0x00000006cc400000, 0x00000006cc400000, 0x00000006cc800000|  0%| F|  |TAMS 0x00000006cc400000| PB 0x00000006cc400000| Untracked 
| 306|0x00000006cc800000, 0x00000006cc800000, 0x00000006ccc00000|  0%| F|  |TAMS 0x00000006cc800000| PB 0x00000006cc800000| Untracked 
| 307|0x00000006ccc00000, 0x00000006ccc00000, 0x00000006cd000000|  0%| F|  |TAMS 0x00000006ccc00000| PB 0x00000006ccc00000| Untracked 
| 308|0x00000006cd000000, 0x00000006cd000000, 0x00000006cd400000|  0%| F|  |TAMS 0x00000006cd000000| PB 0x00000006cd000000| Untracked 
| 309|0x00000006cd400000, 0x00000006cd400000, 0x00000006cd800000|  0%| F|  |TAMS 0x00000006cd400000| PB 0x00000006cd400000| Untracked 
| 310|0x00000006cd800000, 0x00000006cd800000, 0x00000006cdc00000|  0%| F|  |TAMS 0x00000006cd800000| PB 0x00000006cd800000| Untracked 
| 311|0x00000006cdc00000, 0x00000006cdc00000, 0x00000006ce000000|  0%| F|  |TAMS 0x00000006cdc00000| PB 0x00000006cdc00000| Untracked 
| 312|0x00000006ce000000, 0x00000006ce000000, 0x00000006ce400000|  0%| F|  |TAMS 0x00000006ce000000| PB 0x00000006ce000000| Untracked 
| 313|0x00000006ce400000, 0x00000006ce400000, 0x00000006ce800000|  0%| F|  |TAMS 0x00000006ce400000| PB 0x00000006ce400000| Untracked 
| 314|0x00000006ce800000, 0x00000006ce800000, 0x00000006cec00000|  0%| F|  |TAMS 0x00000006ce800000| PB 0x00000006ce800000| Untracked 
| 315|0x00000006cec00000, 0x00000006cec00000, 0x00000006cf000000|  0%| F|  |TAMS 0x00000006cec00000| PB 0x00000006cec00000| Untracked 
| 316|0x00000006cf000000, 0x00000006cf000000, 0x00000006cf400000|  0%| F|  |TAMS 0x00000006cf000000| PB 0x00000006cf000000| Untracked 
| 317|0x00000006cf400000, 0x00000006cf400000, 0x00000006cf800000|  0%| F|  |TAMS 0x00000006cf400000| PB 0x00000006cf400000| Untracked 
| 318|0x00000006cf800000, 0x00000006cf800000, 0x00000006cfc00000|  0%| F|  |TAMS 0x00000006cf800000| PB 0x00000006cf800000| Untracked 
| 319|0x00000006cfc00000, 0x00000006cfc00000, 0x00000006d0000000|  0%| F|  |TAMS 0x00000006cfc00000| PB 0x00000006cfc00000| Untracked 
| 320|0x00000006d0000000, 0x00000006d0000000, 0x00000006d0400000|  0%| F|  |TAMS 0x00000006d0000000| PB 0x00000006d0000000| Untracked 
| 321|0x00000006d0400000, 0x00000006d0400000, 0x00000006d0800000|  0%| F|  |TAMS 0x00000006d0400000| PB 0x00000006d0400000| Untracked 
| 322|0x00000006d0800000, 0x00000006d0800000, 0x00000006d0c00000|  0%| F|  |TAMS 0x00000006d0800000| PB 0x00000006d0800000| Untracked 
| 323|0x00000006d0c00000, 0x00000006d0c00000, 0x00000006d1000000|  0%| F|  |TAMS 0x00000006d0c00000| PB 0x00000006d0c00000| Untracked 
| 324|0x00000006d1000000, 0x00000006d1000000, 0x00000006d1400000|  0%| F|  |TAMS 0x00000006d1000000| PB 0x00000006d1000000| Untracked 
| 325|0x00000006d1400000, 0x00000006d1400000, 0x00000006d1800000|  0%| F|  |TAMS 0x00000006d1400000| PB 0x00000006d1400000| Untracked 
| 326|0x00000006d1800000, 0x00000006d1800000, 0x00000006d1c00000|  0%| F|  |TAMS 0x00000006d1800000| PB 0x00000006d1800000| Untracked 
| 327|0x00000006d1c00000, 0x00000006d1c00000, 0x00000006d2000000|  0%| F|  |TAMS 0x00000006d1c00000| PB 0x00000006d1c00000| Untracked 
| 328|0x00000006d2000000, 0x00000006d2000000, 0x00000006d2400000|  0%| F|  |TAMS 0x00000006d2000000| PB 0x00000006d2000000| Untracked 
| 329|0x00000006d2400000, 0x00000006d2400000, 0x00000006d2800000|  0%| F|  |TAMS 0x00000006d2400000| PB 0x00000006d2400000| Untracked 
| 330|0x00000006d2800000, 0x00000006d2800000, 0x00000006d2c00000|  0%| F|  |TAMS 0x00000006d2800000| PB 0x00000006d2800000| Untracked 
| 331|0x00000006d2c00000, 0x00000006d2c00000, 0x00000006d3000000|  0%| F|  |TAMS 0x00000006d2c00000| PB 0x00000006d2c00000| Untracked 
| 332|0x00000006d3000000, 0x00000006d3000000, 0x00000006d3400000|  0%| F|  |TAMS 0x00000006d3000000| PB 0x00000006d3000000| Untracked 
| 333|0x00000006d3400000, 0x00000006d3400000, 0x00000006d3800000|  0%| F|  |TAMS 0x00000006d3400000| PB 0x00000006d3400000| Untracked 
| 334|0x00000006d3800000, 0x00000006d3800000, 0x00000006d3c00000|  0%| F|  |TAMS 0x00000006d3800000| PB 0x00000006d3800000| Untracked 
| 335|0x00000006d3c00000, 0x00000006d3c00000, 0x00000006d4000000|  0%| F|  |TAMS 0x00000006d3c00000| PB 0x00000006d3c00000| Untracked 
| 336|0x00000006d4000000, 0x00000006d4000000, 0x00000006d4400000|  0%| F|  |TAMS 0x00000006d4000000| PB 0x00000006d4000000| Untracked 
| 337|0x00000006d4400000, 0x00000006d4400000, 0x00000006d4800000|  0%| F|  |TAMS 0x00000006d4400000| PB 0x00000006d4400000| Untracked 
| 338|0x00000006d4800000, 0x00000006d4800000, 0x00000006d4c00000|  0%| F|  |TAMS 0x00000006d4800000| PB 0x00000006d4800000| Untracked 
| 339|0x00000006d4c00000, 0x00000006d4c00000, 0x00000006d5000000|  0%| F|  |TAMS 0x00000006d4c00000| PB 0x00000006d4c00000| Untracked 
| 340|0x00000006d5000000, 0x00000006d5000000, 0x00000006d5400000|  0%| F|  |TAMS 0x00000006d5000000| PB 0x00000006d5000000| Untracked 
| 341|0x00000006d5400000, 0x00000006d5400000, 0x00000006d5800000|  0%| F|  |TAMS 0x00000006d5400000| PB 0x00000006d5400000| Untracked 
| 342|0x00000006d5800000, 0x00000006d5800000, 0x00000006d5c00000|  0%| F|  |TAMS 0x00000006d5800000| PB 0x00000006d5800000| Untracked 
| 343|0x00000006d5c00000, 0x00000006d5c00000, 0x00000006d6000000|  0%| F|  |TAMS 0x00000006d5c00000| PB 0x00000006d5c00000| Untracked 
| 344|0x00000006d6000000, 0x00000006d6000000, 0x00000006d6400000|  0%| F|  |TAMS 0x00000006d6000000| PB 0x00000006d6000000| Untracked 
| 345|0x00000006d6400000, 0x00000006d6400000, 0x00000006d6800000|  0%| F|  |TAMS 0x00000006d6400000| PB 0x00000006d6400000| Untracked 
| 346|0x00000006d6800000, 0x00000006d6800000, 0x00000006d6c00000|  0%| F|  |TAMS 0x00000006d6800000| PB 0x00000006d6800000| Untracked 
| 347|0x00000006d6c00000, 0x00000006d6c00000, 0x00000006d7000000|  0%| F|  |TAMS 0x00000006d6c00000| PB 0x00000006d6c00000| Untracked 
| 348|0x00000006d7000000, 0x00000006d7000000, 0x00000006d7400000|  0%| F|  |TAMS 0x00000006d7000000| PB 0x00000006d7000000| Untracked 
| 349|0x00000006d7400000, 0x00000006d7400000, 0x00000006d7800000|  0%| F|  |TAMS 0x00000006d7400000| PB 0x00000006d7400000| Untracked 
| 350|0x00000006d7800000, 0x00000006d7800000, 0x00000006d7c00000|  0%| F|  |TAMS 0x00000006d7800000| PB 0x00000006d7800000| Untracked 
| 351|0x00000006d7c00000, 0x00000006d7c00000, 0x00000006d8000000|  0%| F|  |TAMS 0x00000006d7c00000| PB 0x00000006d7c00000| Untracked 
| 352|0x00000006d8000000, 0x00000006d8000000, 0x00000006d8400000|  0%| F|  |TAMS 0x00000006d8000000| PB 0x00000006d8000000| Untracked 
| 353|0x00000006d8400000, 0x00000006d8400000, 0x00000006d8800000|  0%| F|  |TAMS 0x00000006d8400000| PB 0x00000006d8400000| Untracked 
| 354|0x00000006d8800000, 0x00000006d8800000, 0x00000006d8c00000|  0%| F|  |TAMS 0x00000006d8800000| PB 0x00000006d8800000| Untracked 
| 355|0x00000006d8c00000, 0x00000006d8c00000, 0x00000006d9000000|  0%| F|  |TAMS 0x00000006d8c00000| PB 0x00000006d8c00000| Untracked 
| 356|0x00000006d9000000, 0x00000006d9000000, 0x00000006d9400000|  0%| F|  |TAMS 0x00000006d9000000| PB 0x00000006d9000000| Untracked 
| 357|0x00000006d9400000, 0x00000006d9400000, 0x00000006d9800000|  0%| F|  |TAMS 0x00000006d9400000| PB 0x00000006d9400000| Untracked 
| 358|0x00000006d9800000, 0x00000006d9800000, 0x00000006d9c00000|  0%| F|  |TAMS 0x00000006d9800000| PB 0x00000006d9800000| Untracked 
| 359|0x00000006d9c00000, 0x00000006d9c00000, 0x00000006da000000|  0%| F|  |TAMS 0x00000006d9c00000| PB 0x00000006d9c00000| Untracked 
| 360|0x00000006da000000, 0x00000006da000000, 0x00000006da400000|  0%| F|  |TAMS 0x00000006da000000| PB 0x00000006da000000| Untracked 
| 361|0x00000006da400000, 0x00000006da400000, 0x00000006da800000|  0%| F|  |TAMS 0x00000006da400000| PB 0x00000006da400000| Untracked 
| 362|0x00000006da800000, 0x00000006da800000, 0x00000006dac00000|  0%| F|  |TAMS 0x00000006da800000| PB 0x00000006da800000| Untracked 
| 363|0x00000006dac00000, 0x00000006dac00000, 0x00000006db000000|  0%| F|  |TAMS 0x00000006dac00000| PB 0x00000006dac00000| Untracked 
| 364|0x00000006db000000, 0x00000006db000000, 0x00000006db400000|  0%| F|  |TAMS 0x00000006db000000| PB 0x00000006db000000| Untracked 
| 365|0x00000006db400000, 0x00000006db400000, 0x00000006db800000|  0%| F|  |TAMS 0x00000006db400000| PB 0x00000006db400000| Untracked 
| 366|0x00000006db800000, 0x00000006db800000, 0x00000006dbc00000|  0%| F|  |TAMS 0x00000006db800000| PB 0x00000006db800000| Untracked 
| 367|0x00000006dbc00000, 0x00000006dbc00000, 0x00000006dc000000|  0%| F|  |TAMS 0x00000006dbc00000| PB 0x00000006dbc00000| Untracked 
| 368|0x00000006dc000000, 0x00000006dc000000, 0x00000006dc400000|  0%| F|  |TAMS 0x00000006dc000000| PB 0x00000006dc000000| Untracked 
| 369|0x00000006dc400000, 0x00000006dc400000, 0x00000006dc800000|  0%| F|  |TAMS 0x00000006dc400000| PB 0x00000006dc400000| Untracked 
| 370|0x00000006dc800000, 0x00000006dc800000, 0x00000006dcc00000|  0%| F|  |TAMS 0x00000006dc800000| PB 0x00000006dc800000| Untracked 
| 371|0x00000006dcc00000, 0x00000006dcc00000, 0x00000006dd000000|  0%| F|  |TAMS 0x00000006dcc00000| PB 0x00000006dcc00000| Untracked 
| 372|0x00000006dd000000, 0x00000006dd000000, 0x00000006dd400000|  0%| F|  |TAMS 0x00000006dd000000| PB 0x00000006dd000000| Untracked 
| 373|0x00000006dd400000, 0x00000006dd400000, 0x00000006dd800000|  0%| F|  |TAMS 0x00000006dd400000| PB 0x00000006dd400000| Untracked 
| 374|0x00000006dd800000, 0x00000006dd800000, 0x00000006ddc00000|  0%| F|  |TAMS 0x00000006dd800000| PB 0x00000006dd800000| Untracked 
| 375|0x00000006ddc00000, 0x00000006ddc00000, 0x00000006de000000|  0%| F|  |TAMS 0x00000006ddc00000| PB 0x00000006ddc00000| Untracked 
| 376|0x00000006de000000, 0x00000006de000000, 0x00000006de400000|  0%| F|  |TAMS 0x00000006de000000| PB 0x00000006de000000| Untracked 
| 377|0x00000006de400000, 0x00000006de400000, 0x00000006de800000|  0%| F|  |TAMS 0x00000006de400000| PB 0x00000006de400000| Untracked 
| 378|0x00000006de800000, 0x00000006de800000, 0x00000006dec00000|  0%| F|  |TAMS 0x00000006de800000| PB 0x00000006de800000| Untracked 
| 379|0x00000006dec00000, 0x00000006dec00000, 0x00000006df000000|  0%| F|  |TAMS 0x00000006dec00000| PB 0x00000006dec00000| Untracked 
| 380|0x00000006df000000, 0x00000006df000000, 0x00000006df400000|  0%| F|  |TAMS 0x00000006df000000| PB 0x00000006df000000| Untracked 
| 381|0x00000006df400000, 0x00000006df400000, 0x00000006df800000|  0%| F|  |TAMS 0x00000006df400000| PB 0x00000006df400000| Untracked 
| 382|0x00000006df800000, 0x00000006df800000, 0x00000006dfc00000|  0%| F|  |TAMS 0x00000006df800000| PB 0x00000006df800000| Untracked 
| 383|0x00000006dfc00000, 0x00000006dfc00000, 0x00000006e0000000|  0%| F|  |TAMS 0x00000006dfc00000| PB 0x00000006dfc00000| Untracked 
| 384|0x00000006e0000000, 0x00000006e0000000, 0x00000006e0400000|  0%| F|  |TAMS 0x00000006e0000000| PB 0x00000006e0000000| Untracked 
| 385|0x00000006e0400000, 0x00000006e0400000, 0x00000006e0800000|  0%| F|  |TAMS 0x00000006e0400000| PB 0x00000006e0400000| Untracked 
| 386|0x00000006e0800000, 0x00000006e0800000, 0x00000006e0c00000|  0%| F|  |TAMS 0x00000006e0800000| PB 0x00000006e0800000| Untracked 
| 387|0x00000006e0c00000, 0x00000006e0c00000, 0x00000006e1000000|  0%| F|  |TAMS 0x00000006e0c00000| PB 0x00000006e0c00000| Untracked 
| 388|0x00000006e1000000, 0x00000006e1000000, 0x00000006e1400000|  0%| F|  |TAMS 0x00000006e1000000| PB 0x00000006e1000000| Untracked 
| 389|0x00000006e1400000, 0x00000006e1400000, 0x00000006e1800000|  0%| F|  |TAMS 0x00000006e1400000| PB 0x00000006e1400000| Untracked 
| 390|0x00000006e1800000, 0x00000006e1800000, 0x00000006e1c00000|  0%| F|  |TAMS 0x00000006e1800000| PB 0x00000006e1800000| Untracked 
| 391|0x00000006e1c00000, 0x00000006e1c00000, 0x00000006e2000000|  0%| F|  |TAMS 0x00000006e1c00000| PB 0x00000006e1c00000| Untracked 
| 392|0x00000006e2000000, 0x00000006e2000000, 0x00000006e2400000|  0%| F|  |TAMS 0x00000006e2000000| PB 0x00000006e2000000| Untracked 
| 393|0x00000006e2400000, 0x00000006e2400000, 0x00000006e2800000|  0%| F|  |TAMS 0x00000006e2400000| PB 0x00000006e2400000| Untracked 
| 394|0x00000006e2800000, 0x00000006e2800000, 0x00000006e2c00000|  0%| F|  |TAMS 0x00000006e2800000| PB 0x00000006e2800000| Untracked 
| 395|0x00000006e2c00000, 0x00000006e2c00000, 0x00000006e3000000|  0%| F|  |TAMS 0x00000006e2c00000| PB 0x00000006e2c00000| Untracked 
| 396|0x00000006e3000000, 0x00000006e3000000, 0x00000006e3400000|  0%| F|  |TAMS 0x00000006e3000000| PB 0x00000006e3000000| Untracked 
| 397|0x00000006e3400000, 0x00000006e3400000, 0x00000006e3800000|  0%| F|  |TAMS 0x00000006e3400000| PB 0x00000006e3400000| Untracked 
| 398|0x00000006e3800000, 0x00000006e3800000, 0x00000006e3c00000|  0%| F|  |TAMS 0x00000006e3800000| PB 0x00000006e3800000| Untracked 
| 399|0x00000006e3c00000, 0x00000006e3c00000, 0x00000006e4000000|  0%| F|  |TAMS 0x00000006e3c00000| PB 0x00000006e3c00000| Untracked 
| 400|0x00000006e4000000, 0x00000006e4000000, 0x00000006e4400000|  0%| F|  |TAMS 0x00000006e4000000| PB 0x00000006e4000000| Untracked 
| 401|0x00000006e4400000, 0x00000006e4400000, 0x00000006e4800000|  0%| F|  |TAMS 0x00000006e4400000| PB 0x00000006e4400000| Untracked 
| 402|0x00000006e4800000, 0x00000006e4800000, 0x00000006e4c00000|  0%| F|  |TAMS 0x00000006e4800000| PB 0x00000006e4800000| Untracked 
| 403|0x00000006e4c00000, 0x00000006e4c00000, 0x00000006e5000000|  0%| F|  |TAMS 0x00000006e4c00000| PB 0x00000006e4c00000| Untracked 
| 404|0x00000006e5000000, 0x00000006e5000000, 0x00000006e5400000|  0%| F|  |TAMS 0x00000006e5000000| PB 0x00000006e5000000| Untracked 
| 405|0x00000006e5400000, 0x00000006e5400000, 0x00000006e5800000|  0%| F|  |TAMS 0x00000006e5400000| PB 0x00000006e5400000| Untracked 
| 406|0x00000006e5800000, 0x00000006e5800000, 0x00000006e5c00000|  0%| F|  |TAMS 0x00000006e5800000| PB 0x00000006e5800000| Untracked 
| 407|0x00000006e5c00000, 0x00000006e5c00000, 0x00000006e6000000|  0%| F|  |TAMS 0x00000006e5c00000| PB 0x00000006e5c00000| Untracked 
| 408|0x00000006e6000000, 0x00000006e6000000, 0x00000006e6400000|  0%| F|  |TAMS 0x00000006e6000000| PB 0x00000006e6000000| Untracked 
| 409|0x00000006e6400000, 0x00000006e6400000, 0x00000006e6800000|  0%| F|  |TAMS 0x00000006e6400000| PB 0x00000006e6400000| Untracked 
| 410|0x00000006e6800000, 0x00000006e6800000, 0x00000006e6c00000|  0%| F|  |TAMS 0x00000006e6800000| PB 0x00000006e6800000| Untracked 
| 411|0x00000006e6c00000, 0x00000006e6c00000, 0x00000006e7000000|  0%| F|  |TAMS 0x00000006e6c00000| PB 0x00000006e6c00000| Untracked 
| 412|0x00000006e7000000, 0x00000006e7000000, 0x00000006e7400000|  0%| F|  |TAMS 0x00000006e7000000| PB 0x00000006e7000000| Untracked 
| 413|0x00000006e7400000, 0x00000006e7400000, 0x00000006e7800000|  0%| F|  |TAMS 0x00000006e7400000| PB 0x00000006e7400000| Untracked 
| 414|0x00000006e7800000, 0x00000006e7800000, 0x00000006e7c00000|  0%| F|  |TAMS 0x00000006e7800000| PB 0x00000006e7800000| Untracked 
| 415|0x00000006e7c00000, 0x00000006e7c00000, 0x00000006e8000000|  0%| F|  |TAMS 0x00000006e7c00000| PB 0x00000006e7c00000| Untracked 
| 416|0x00000006e8000000, 0x00000006e8000000, 0x00000006e8400000|  0%| F|  |TAMS 0x00000006e8000000| PB 0x00000006e8000000| Untracked 
| 417|0x00000006e8400000, 0x00000006e8400000, 0x00000006e8800000|  0%| F|  |TAMS 0x00000006e8400000| PB 0x00000006e8400000| Untracked 
| 418|0x00000006e8800000, 0x00000006e8800000, 0x00000006e8c00000|  0%| F|  |TAMS 0x00000006e8800000| PB 0x00000006e8800000| Untracked 
| 419|0x00000006e8c00000, 0x00000006e8c00000, 0x00000006e9000000|  0%| F|  |TAMS 0x00000006e8c00000| PB 0x00000006e8c00000| Untracked 
| 420|0x00000006e9000000, 0x00000006e9000000, 0x00000006e9400000|  0%| F|  |TAMS 0x00000006e9000000| PB 0x00000006e9000000| Untracked 
| 421|0x00000006e9400000, 0x00000006e9400000, 0x00000006e9800000|  0%| F|  |TAMS 0x00000006e9400000| PB 0x00000006e9400000| Untracked 
| 422|0x00000006e9800000, 0x00000006e9800000, 0x00000006e9c00000|  0%| F|  |TAMS 0x00000006e9800000| PB 0x00000006e9800000| Untracked 
| 423|0x00000006e9c00000, 0x00000006e9c00000, 0x00000006ea000000|  0%| F|  |TAMS 0x00000006e9c00000| PB 0x00000006e9c00000| Untracked 
| 424|0x00000006ea000000, 0x00000006ea000000, 0x00000006ea400000|  0%| F|  |TAMS 0x00000006ea000000| PB 0x00000006ea000000| Untracked 
| 425|0x00000006ea400000, 0x00000006ea400000, 0x00000006ea800000|  0%| F|  |TAMS 0x00000006ea400000| PB 0x00000006ea400000| Untracked 
| 426|0x00000006ea800000, 0x00000006ea800000, 0x00000006eac00000|  0%| F|  |TAMS 0x00000006ea800000| PB 0x00000006ea800000| Untracked 
| 427|0x00000006eac00000, 0x00000006eac00000, 0x00000006eb000000|  0%| F|  |TAMS 0x00000006eac00000| PB 0x00000006eac00000| Untracked 
| 428|0x00000006eb000000, 0x00000006eb000000, 0x00000006eb400000|  0%| F|  |TAMS 0x00000006eb000000| PB 0x00000006eb000000| Untracked 
| 429|0x00000006eb400000, 0x00000006eb400000, 0x00000006eb800000|  0%| F|  |TAMS 0x00000006eb400000| PB 0x00000006eb400000| Untracked 
| 430|0x00000006eb800000, 0x00000006eb800000, 0x00000006ebc00000|  0%| F|  |TAMS 0x00000006eb800000| PB 0x00000006eb800000| Untracked 
| 431|0x00000006ebc00000, 0x00000006ebc00000, 0x00000006ec000000|  0%| F|  |TAMS 0x00000006ebc00000| PB 0x00000006ebc00000| Untracked 
| 432|0x00000006ec000000, 0x00000006ec000000, 0x00000006ec400000|  0%| F|  |TAMS 0x00000006ec000000| PB 0x00000006ec000000| Untracked 
| 433|0x00000006ec400000, 0x00000006ec400000, 0x00000006ec800000|  0%| F|  |TAMS 0x00000006ec400000| PB 0x00000006ec400000| Untracked 
| 434|0x00000006ec800000, 0x00000006ec800000, 0x00000006ecc00000|  0%| F|  |TAMS 0x00000006ec800000| PB 0x00000006ec800000| Untracked 
| 435|0x00000006ecc00000, 0x00000006ecc00000, 0x00000006ed000000|  0%| F|  |TAMS 0x00000006ecc00000| PB 0x00000006ecc00000| Untracked 
| 436|0x00000006ed000000, 0x00000006ed000000, 0x00000006ed400000|  0%| F|  |TAMS 0x00000006ed000000| PB 0x00000006ed000000| Untracked 
| 437|0x00000006ed400000, 0x00000006ed400000, 0x00000006ed800000|  0%| F|  |TAMS 0x00000006ed400000| PB 0x00000006ed400000| Untracked 
| 438|0x00000006ed800000, 0x00000006ed800000, 0x00000006edc00000|  0%| F|  |TAMS 0x00000006ed800000| PB 0x00000006ed800000| Untracked 
| 439|0x00000006edc00000, 0x00000006edc00000, 0x00000006ee000000|  0%| F|  |TAMS 0x00000006edc00000| PB 0x00000006edc00000| Untracked 
| 440|0x00000006ee000000, 0x00000006ee000000, 0x00000006ee400000|  0%| F|  |TAMS 0x00000006ee000000| PB 0x00000006ee000000| Untracked 
| 441|0x00000006ee400000, 0x00000006ee400000, 0x00000006ee800000|  0%| F|  |TAMS 0x00000006ee400000| PB 0x00000006ee400000| Untracked 
| 442|0x00000006ee800000, 0x00000006ee800000, 0x00000006eec00000|  0%| F|  |TAMS 0x00000006ee800000| PB 0x00000006ee800000| Untracked 
| 443|0x00000006eec00000, 0x00000006eec00000, 0x00000006ef000000|  0%| F|  |TAMS 0x00000006eec00000| PB 0x00000006eec00000| Untracked 
| 444|0x00000006ef000000, 0x00000006ef000000, 0x00000006ef400000|  0%| F|  |TAMS 0x00000006ef000000| PB 0x00000006ef000000| Untracked 
| 445|0x00000006ef400000, 0x00000006ef400000, 0x00000006ef800000|  0%| F|  |TAMS 0x00000006ef400000| PB 0x00000006ef400000| Untracked 
| 446|0x00000006ef800000, 0x00000006ef800000, 0x00000006efc00000|  0%| F|  |TAMS 0x00000006ef800000| PB 0x00000006ef800000| Untracked 
| 447|0x00000006efc00000, 0x00000006efc00000, 0x00000006f0000000|  0%| F|  |TAMS 0x00000006efc00000| PB 0x00000006efc00000| Untracked 
| 448|0x00000006f0000000, 0x00000006f0000000, 0x00000006f0400000|  0%| F|  |TAMS 0x00000006f0000000| PB 0x00000006f0000000| Untracked 
| 449|0x00000006f0400000, 0x00000006f0400000, 0x00000006f0800000|  0%| F|  |TAMS 0x00000006f0400000| PB 0x00000006f0400000| Untracked 
| 450|0x00000006f0800000, 0x00000006f0800000, 0x00000006f0c00000|  0%| F|  |TAMS 0x00000006f0800000| PB 0x00000006f0800000| Untracked 
| 451|0x00000006f0c00000, 0x00000006f0c00000, 0x00000006f1000000|  0%| F|  |TAMS 0x00000006f0c00000| PB 0x00000006f0c00000| Untracked 
| 452|0x00000006f1000000, 0x00000006f1000000, 0x00000006f1400000|  0%| F|  |TAMS 0x00000006f1000000| PB 0x00000006f1000000| Untracked 
| 453|0x00000006f1400000, 0x00000006f1400000, 0x00000006f1800000|  0%| F|  |TAMS 0x00000006f1400000| PB 0x00000006f1400000| Untracked 
| 454|0x00000006f1800000, 0x00000006f1800000, 0x00000006f1c00000|  0%| F|  |TAMS 0x00000006f1800000| PB 0x00000006f1800000| Untracked 
| 455|0x00000006f1c00000, 0x00000006f1c00000, 0x00000006f2000000|  0%| F|  |TAMS 0x00000006f1c00000| PB 0x00000006f1c00000| Untracked 
| 456|0x00000006f2000000, 0x00000006f2000000, 0x00000006f2400000|  0%| F|  |TAMS 0x00000006f2000000| PB 0x00000006f2000000| Untracked 
| 457|0x00000006f2400000, 0x00000006f2400000, 0x00000006f2800000|  0%| F|  |TAMS 0x00000006f2400000| PB 0x00000006f2400000| Untracked 
| 458|0x00000006f2800000, 0x00000006f2800000, 0x00000006f2c00000|  0%| F|  |TAMS 0x00000006f2800000| PB 0x00000006f2800000| Untracked 
| 459|0x00000006f2c00000, 0x00000006f2c00000, 0x00000006f3000000|  0%| F|  |TAMS 0x00000006f2c00000| PB 0x00000006f2c00000| Untracked 
| 460|0x00000006f3000000, 0x00000006f3000000, 0x00000006f3400000|  0%| F|  |TAMS 0x00000006f3000000| PB 0x00000006f3000000| Untracked 
| 461|0x00000006f3400000, 0x00000006f3400000, 0x00000006f3800000|  0%| F|  |TAMS 0x00000006f3400000| PB 0x00000006f3400000| Untracked 
| 462|0x00000006f3800000, 0x00000006f3800000, 0x00000006f3c00000|  0%| F|  |TAMS 0x00000006f3800000| PB 0x00000006f3800000| Untracked 
| 463|0x00000006f3c00000, 0x00000006f3c00000, 0x00000006f4000000|  0%| F|  |TAMS 0x00000006f3c00000| PB 0x00000006f3c00000| Untracked 
| 464|0x00000006f4000000, 0x00000006f4000000, 0x00000006f4400000|  0%| F|  |TAMS 0x00000006f4000000| PB 0x00000006f4000000| Untracked 
| 465|0x00000006f4400000, 0x00000006f4400000, 0x00000006f4800000|  0%| F|  |TAMS 0x00000006f4400000| PB 0x00000006f4400000| Untracked 
| 466|0x00000006f4800000, 0x00000006f4800000, 0x00000006f4c00000|  0%| F|  |TAMS 0x00000006f4800000| PB 0x00000006f4800000| Untracked 
| 467|0x00000006f4c00000, 0x00000006f4c00000, 0x00000006f5000000|  0%| F|  |TAMS 0x00000006f4c00000| PB 0x00000006f4c00000| Untracked 
| 468|0x00000006f5000000, 0x00000006f5000000, 0x00000006f5400000|  0%| F|  |TAMS 0x00000006f5000000| PB 0x00000006f5000000| Untracked 
| 469|0x00000006f5400000, 0x00000006f5400000, 0x00000006f5800000|  0%| F|  |TAMS 0x00000006f5400000| PB 0x00000006f5400000| Untracked 
| 470|0x00000006f5800000, 0x00000006f5800000, 0x00000006f5c00000|  0%| F|  |TAMS 0x00000006f5800000| PB 0x00000006f5800000| Untracked 
| 471|0x00000006f5c00000, 0x00000006f5c00000, 0x00000006f6000000|  0%| F|  |TAMS 0x00000006f5c00000| PB 0x00000006f5c00000| Untracked 
| 472|0x00000006f6000000, 0x00000006f6000000, 0x00000006f6400000|  0%| F|  |TAMS 0x00000006f6000000| PB 0x00000006f6000000| Untracked 
| 473|0x00000006f6400000, 0x00000006f6400000, 0x00000006f6800000|  0%| F|  |TAMS 0x00000006f6400000| PB 0x00000006f6400000| Untracked 
| 474|0x00000006f6800000, 0x00000006f6800000, 0x00000006f6c00000|  0%| F|  |TAMS 0x00000006f6800000| PB 0x00000006f6800000| Untracked 
| 475|0x00000006f6c00000, 0x00000006f6c00000, 0x00000006f7000000|  0%| F|  |TAMS 0x00000006f6c00000| PB 0x00000006f6c00000| Untracked 
| 476|0x00000006f7000000, 0x00000006f7000000, 0x00000006f7400000|  0%| F|  |TAMS 0x00000006f7000000| PB 0x00000006f7000000| Untracked 
| 477|0x00000006f7400000, 0x00000006f7400000, 0x00000006f7800000|  0%| F|  |TAMS 0x00000006f7400000| PB 0x00000006f7400000| Untracked 
| 478|0x00000006f7800000, 0x00000006f7800000, 0x00000006f7c00000|  0%| F|  |TAMS 0x00000006f7800000| PB 0x00000006f7800000| Untracked 
| 479|0x00000006f7c00000, 0x00000006f7c00000, 0x00000006f8000000|  0%| F|  |TAMS 0x00000006f7c00000| PB 0x00000006f7c00000| Untracked 
| 480|0x00000006f8000000, 0x00000006f8000000, 0x00000006f8400000|  0%| F|  |TAMS 0x00000006f8000000| PB 0x00000006f8000000| Untracked 
| 481|0x00000006f8400000, 0x00000006f8400000, 0x00000006f8800000|  0%| F|  |TAMS 0x00000006f8400000| PB 0x00000006f8400000| Untracked 
| 482|0x00000006f8800000, 0x00000006f8800000, 0x00000006f8c00000|  0%| F|  |TAMS 0x00000006f8800000| PB 0x00000006f8800000| Untracked 
| 483|0x00000006f8c00000, 0x00000006f8c00000, 0x00000006f9000000|  0%| F|  |TAMS 0x00000006f8c00000| PB 0x00000006f8c00000| Untracked 
| 484|0x00000006f9000000, 0x00000006f9000000, 0x00000006f9400000|  0%| F|  |TAMS 0x00000006f9000000| PB 0x00000006f9000000| Untracked 
| 485|0x00000006f9400000, 0x00000006f9400000, 0x00000006f9800000|  0%| F|  |TAMS 0x00000006f9400000| PB 0x00000006f9400000| Untracked 
| 486|0x00000006f9800000, 0x00000006f9800000, 0x00000006f9c00000|  0%| F|  |TAMS 0x00000006f9800000| PB 0x00000006f9800000| Untracked 
| 487|0x00000006f9c00000, 0x00000006f9c00000, 0x00000006fa000000|  0%| F|  |TAMS 0x00000006f9c00000| PB 0x00000006f9c00000| Untracked 
| 488|0x00000006fa000000, 0x00000006fa000000, 0x00000006fa400000|  0%| F|  |TAMS 0x00000006fa000000| PB 0x00000006fa000000| Untracked 
| 489|0x00000006fa400000, 0x00000006fa400000, 0x00000006fa800000|  0%| F|  |TAMS 0x00000006fa400000| PB 0x00000006fa400000| Untracked 
| 490|0x00000006fa800000, 0x00000006fa800000, 0x00000006fac00000|  0%| F|  |TAMS 0x00000006fa800000| PB 0x00000006fa800000| Untracked 
| 491|0x00000006fac00000, 0x00000006fac00000, 0x00000006fb000000|  0%| F|  |TAMS 0x00000006fac00000| PB 0x00000006fac00000| Untracked 
| 492|0x00000006fb000000, 0x00000006fb000000, 0x00000006fb400000|  0%| F|  |TAMS 0x00000006fb000000| PB 0x00000006fb000000| Untracked 
| 493|0x00000006fb400000, 0x00000006fb400000, 0x00000006fb800000|  0%| F|  |TAMS 0x00000006fb400000| PB 0x00000006fb400000| Untracked 
| 494|0x00000006fb800000, 0x00000006fb800000, 0x00000006fbc00000|  0%| F|  |TAMS 0x00000006fb800000| PB 0x00000006fb800000| Untracked 
| 495|0x00000006fbc00000, 0x00000006fbc00000, 0x00000006fc000000|  0%| F|  |TAMS 0x00000006fbc00000| PB 0x00000006fbc00000| Untracked 
| 496|0x00000006fc000000, 0x00000006fc000000, 0x00000006fc400000|  0%| F|  |TAMS 0x00000006fc000000| PB 0x00000006fc000000| Untracked 
| 497|0x00000006fc400000, 0x00000006fc400000, 0x00000006fc800000|  0%| F|  |TAMS 0x00000006fc400000| PB 0x00000006fc400000| Untracked 
| 498|0x00000006fc800000, 0x00000006fc800000, 0x00000006fcc00000|  0%| F|  |TAMS 0x00000006fc800000| PB 0x00000006fc800000| Untracked 
| 499|0x00000006fcc00000, 0x00000006fcc00000, 0x00000006fd000000|  0%| F|  |TAMS 0x00000006fcc00000| PB 0x00000006fcc00000| Untracked 
| 500|0x00000006fd000000, 0x00000006fd000000, 0x00000006fd400000|  0%| F|  |TAMS 0x00000006fd000000| PB 0x00000006fd000000| Untracked 
| 501|0x00000006fd400000, 0x00000006fd400000, 0x00000006fd800000|  0%| F|  |TAMS 0x00000006fd400000| PB 0x00000006fd400000| Untracked 
| 502|0x00000006fd800000, 0x00000006fd800000, 0x00000006fdc00000|  0%| F|  |TAMS 0x00000006fd800000| PB 0x00000006fd800000| Untracked 
| 503|0x00000006fdc00000, 0x00000006fdc00000, 0x00000006fe000000|  0%| F|  |TAMS 0x00000006fdc00000| PB 0x00000006fdc00000| Untracked 
| 504|0x00000006fe000000, 0x00000006fe000000, 0x00000006fe400000|  0%| F|  |TAMS 0x00000006fe000000| PB 0x00000006fe000000| Untracked 
| 505|0x00000006fe400000, 0x00000006fe400000, 0x00000006fe800000|  0%| F|  |TAMS 0x00000006fe400000| PB 0x00000006fe400000| Untracked 
| 506|0x00000006fe800000, 0x00000006fe800000, 0x00000006fec00000|  0%| F|  |TAMS 0x00000006fe800000| PB 0x00000006fe800000| Untracked 
| 507|0x00000006fec00000, 0x00000006fec00000, 0x00000006ff000000|  0%| F|  |TAMS 0x00000006fec00000| PB 0x00000006fec00000| Untracked 
| 508|0x00000006ff000000, 0x00000006ff000000, 0x00000006ff400000|  0%| F|  |TAMS 0x00000006ff000000| PB 0x00000006ff000000| Untracked 
| 509|0x00000006ff400000, 0x00000006ff400000, 0x00000006ff800000|  0%| F|  |TAMS 0x00000006ff400000| PB 0x00000006ff400000| Untracked 
| 510|0x00000006ff800000, 0x00000006ff800000, 0x00000006ffc00000|  0%| F|  |TAMS 0x00000006ff800000| PB 0x00000006ff800000| Untracked 
| 511|0x00000006ffc00000, 0x00000006ffc00000, 0x0000000700000000|  0%| F|  |TAMS 0x00000006ffc00000| PB 0x00000006ffc00000| Untracked 
| 512|0x0000000700000000, 0x0000000700000000, 0x0000000700400000|  0%| F|  |TAMS 0x0000000700000000| PB 0x0000000700000000| Untracked 
| 513|0x0000000700400000, 0x0000000700400000, 0x0000000700800000|  0%| F|  |TAMS 0x0000000700400000| PB 0x0000000700400000| Untracked 
| 514|0x0000000700800000, 0x0000000700800000, 0x0000000700c00000|  0%| F|  |TAMS 0x0000000700800000| PB 0x0000000700800000| Untracked 
| 515|0x0000000700c00000, 0x0000000700c00000, 0x0000000701000000|  0%| F|  |TAMS 0x0000000700c00000| PB 0x0000000700c00000| Untracked 
| 516|0x0000000701000000, 0x0000000701000000, 0x0000000701400000|  0%| F|  |TAMS 0x0000000701000000| PB 0x0000000701000000| Untracked 
| 517|0x0000000701400000, 0x0000000701400000, 0x0000000701800000|  0%| F|  |TAMS 0x0000000701400000| PB 0x0000000701400000| Untracked 
| 518|0x0000000701800000, 0x0000000701800000, 0x0000000701c00000|  0%| F|  |TAMS 0x0000000701800000| PB 0x0000000701800000| Untracked 
| 519|0x0000000701c00000, 0x0000000701c00000, 0x0000000702000000|  0%| F|  |TAMS 0x0000000701c00000| PB 0x0000000701c00000| Untracked 
| 520|0x0000000702000000, 0x0000000702000000, 0x0000000702400000|  0%| F|  |TAMS 0x0000000702000000| PB 0x0000000702000000| Untracked 
| 521|0x0000000702400000, 0x0000000702400000, 0x0000000702800000|  0%| F|  |TAMS 0x0000000702400000| PB 0x0000000702400000| Untracked 
| 522|0x0000000702800000, 0x0000000702800000, 0x0000000702c00000|  0%| F|  |TAMS 0x0000000702800000| PB 0x0000000702800000| Untracked 
| 523|0x0000000702c00000, 0x0000000702c00000, 0x0000000703000000|  0%| F|  |TAMS 0x0000000702c00000| PB 0x0000000702c00000| Untracked 
| 524|0x0000000703000000, 0x0000000703000000, 0x0000000703400000|  0%| F|  |TAMS 0x0000000703000000| PB 0x0000000703000000| Untracked 
| 525|0x0000000703400000, 0x0000000703400000, 0x0000000703800000|  0%| F|  |TAMS 0x0000000703400000| PB 0x0000000703400000| Untracked 
| 526|0x0000000703800000, 0x0000000703800000, 0x0000000703c00000|  0%| F|  |TAMS 0x0000000703800000| PB 0x0000000703800000| Untracked 
| 527|0x0000000703c00000, 0x0000000703c00000, 0x0000000704000000|  0%| F|  |TAMS 0x0000000703c00000| PB 0x0000000703c00000| Untracked 
| 528|0x0000000704000000, 0x0000000704000000, 0x0000000704400000|  0%| F|  |TAMS 0x0000000704000000| PB 0x0000000704000000| Untracked 
| 529|0x0000000704400000, 0x0000000704400000, 0x0000000704800000|  0%| F|  |TAMS 0x0000000704400000| PB 0x0000000704400000| Untracked 
| 530|0x0000000704800000, 0x0000000704800000, 0x0000000704c00000|  0%| F|  |TAMS 0x0000000704800000| PB 0x0000000704800000| Untracked 
| 531|0x0000000704c00000, 0x0000000704c00000, 0x0000000705000000|  0%| F|  |TAMS 0x0000000704c00000| PB 0x0000000704c00000| Untracked 
| 532|0x0000000705000000, 0x0000000705000000, 0x0000000705400000|  0%| F|  |TAMS 0x0000000705000000| PB 0x0000000705000000| Untracked 
| 533|0x0000000705400000, 0x0000000705400000, 0x0000000705800000|  0%| F|  |TAMS 0x0000000705400000| PB 0x0000000705400000| Untracked 
| 534|0x0000000705800000, 0x0000000705800000, 0x0000000705c00000|  0%| F|  |TAMS 0x0000000705800000| PB 0x0000000705800000| Untracked 
| 535|0x0000000705c00000, 0x0000000705c00000, 0x0000000706000000|  0%| F|  |TAMS 0x0000000705c00000| PB 0x0000000705c00000| Untracked 
| 536|0x0000000706000000, 0x0000000706000000, 0x0000000706400000|  0%| F|  |TAMS 0x0000000706000000| PB 0x0000000706000000| Untracked 
| 537|0x0000000706400000, 0x0000000706400000, 0x0000000706800000|  0%| F|  |TAMS 0x0000000706400000| PB 0x0000000706400000| Untracked 
| 538|0x0000000706800000, 0x0000000706800000, 0x0000000706c00000|  0%| F|  |TAMS 0x0000000706800000| PB 0x0000000706800000| Untracked 
| 539|0x0000000706c00000, 0x0000000706c00000, 0x0000000707000000|  0%| F|  |TAMS 0x0000000706c00000| PB 0x0000000706c00000| Untracked 
| 540|0x0000000707000000, 0x0000000707000000, 0x0000000707400000|  0%| F|  |TAMS 0x0000000707000000| PB 0x0000000707000000| Untracked 
| 541|0x0000000707400000, 0x0000000707400000, 0x0000000707800000|  0%| F|  |TAMS 0x0000000707400000| PB 0x0000000707400000| Untracked 
| 542|0x0000000707800000, 0x0000000707800000, 0x0000000707c00000|  0%| F|  |TAMS 0x0000000707800000| PB 0x0000000707800000| Untracked 
| 543|0x0000000707c00000, 0x0000000707c00000, 0x0000000708000000|  0%| F|  |TAMS 0x0000000707c00000| PB 0x0000000707c00000| Untracked 
| 544|0x0000000708000000, 0x0000000708000000, 0x0000000708400000|  0%| F|  |TAMS 0x0000000708000000| PB 0x0000000708000000| Untracked 
| 545|0x0000000708400000, 0x0000000708400000, 0x0000000708800000|  0%| F|  |TAMS 0x0000000708400000| PB 0x0000000708400000| Untracked 
| 546|0x0000000708800000, 0x0000000708800000, 0x0000000708c00000|  0%| F|  |TAMS 0x0000000708800000| PB 0x0000000708800000| Untracked 
| 547|0x0000000708c00000, 0x0000000708c00000, 0x0000000709000000|  0%| F|  |TAMS 0x0000000708c00000| PB 0x0000000708c00000| Untracked 
| 548|0x0000000709000000, 0x0000000709000000, 0x0000000709400000|  0%| F|  |TAMS 0x0000000709000000| PB 0x0000000709000000| Untracked 
| 549|0x0000000709400000, 0x0000000709400000, 0x0000000709800000|  0%| F|  |TAMS 0x0000000709400000| PB 0x0000000709400000| Untracked 
| 550|0x0000000709800000, 0x0000000709800000, 0x0000000709c00000|  0%| F|  |TAMS 0x0000000709800000| PB 0x0000000709800000| Untracked 
| 551|0x0000000709c00000, 0x0000000709c00000, 0x000000070a000000|  0%| F|  |TAMS 0x0000000709c00000| PB 0x0000000709c00000| Untracked 
| 552|0x000000070a000000, 0x000000070a000000, 0x000000070a400000|  0%| F|  |TAMS 0x000000070a000000| PB 0x000000070a000000| Untracked 
| 553|0x000000070a400000, 0x000000070a400000, 0x000000070a800000|  0%| F|  |TAMS 0x000000070a400000| PB 0x000000070a400000| Untracked 
| 554|0x000000070a800000, 0x000000070a800000, 0x000000070ac00000|  0%| F|  |TAMS 0x000000070a800000| PB 0x000000070a800000| Untracked 
| 555|0x000000070ac00000, 0x000000070ac00000, 0x000000070b000000|  0%| F|  |TAMS 0x000000070ac00000| PB 0x000000070ac00000| Untracked 
| 556|0x000000070b000000, 0x000000070b000000, 0x000000070b400000|  0%| F|  |TAMS 0x000000070b000000| PB 0x000000070b000000| Untracked 
| 557|0x000000070b400000, 0x000000070b400000, 0x000000070b800000|  0%| F|  |TAMS 0x000000070b400000| PB 0x000000070b400000| Untracked 
| 558|0x000000070b800000, 0x000000070b800000, 0x000000070bc00000|  0%| F|  |TAMS 0x000000070b800000| PB 0x000000070b800000| Untracked 
| 559|0x000000070bc00000, 0x000000070bc00000, 0x000000070c000000|  0%| F|  |TAMS 0x000000070bc00000| PB 0x000000070bc00000| Untracked 
| 560|0x000000070c000000, 0x000000070c000000, 0x000000070c400000|  0%| F|  |TAMS 0x000000070c000000| PB 0x000000070c000000| Untracked 
| 561|0x000000070c400000, 0x000000070c400000, 0x000000070c800000|  0%| F|  |TAMS 0x000000070c400000| PB 0x000000070c400000| Untracked 
| 562|0x000000070c800000, 0x000000070c800000, 0x000000070cc00000|  0%| F|  |TAMS 0x000000070c800000| PB 0x000000070c800000| Untracked 
| 563|0x000000070cc00000, 0x000000070cc00000, 0x000000070d000000|  0%| F|  |TAMS 0x000000070cc00000| PB 0x000000070cc00000| Untracked 
| 564|0x000000070d000000, 0x000000070d000000, 0x000000070d400000|  0%| F|  |TAMS 0x000000070d000000| PB 0x000000070d000000| Untracked 
| 565|0x000000070d400000, 0x000000070d400000, 0x000000070d800000|  0%| F|  |TAMS 0x000000070d400000| PB 0x000000070d400000| Untracked 
| 566|0x000000070d800000, 0x000000070d800000, 0x000000070dc00000|  0%| F|  |TAMS 0x000000070d800000| PB 0x000000070d800000| Untracked 
| 567|0x000000070dc00000, 0x000000070dc00000, 0x000000070e000000|  0%| F|  |TAMS 0x000000070dc00000| PB 0x000000070dc00000| Untracked 
| 568|0x000000070e000000, 0x000000070e000000, 0x000000070e400000|  0%| F|  |TAMS 0x000000070e000000| PB 0x000000070e000000| Untracked 
| 569|0x000000070e400000, 0x000000070e400000, 0x000000070e800000|  0%| F|  |TAMS 0x000000070e400000| PB 0x000000070e400000| Untracked 
| 570|0x000000070e800000, 0x000000070e800000, 0x000000070ec00000|  0%| F|  |TAMS 0x000000070e800000| PB 0x000000070e800000| Untracked 
| 571|0x000000070ec00000, 0x000000070ec00000, 0x000000070f000000|  0%| F|  |TAMS 0x000000070ec00000| PB 0x000000070ec00000| Untracked 
| 572|0x000000070f000000, 0x000000070f000000, 0x000000070f400000|  0%| F|  |TAMS 0x000000070f000000| PB 0x000000070f000000| Untracked 
| 573|0x000000070f400000, 0x000000070f400000, 0x000000070f800000|  0%| F|  |TAMS 0x000000070f400000| PB 0x000000070f400000| Untracked 
| 574|0x000000070f800000, 0x000000070f800000, 0x000000070fc00000|  0%| F|  |TAMS 0x000000070f800000| PB 0x000000070f800000| Untracked 
| 575|0x000000070fc00000, 0x000000070fc00000, 0x0000000710000000|  0%| F|  |TAMS 0x000000070fc00000| PB 0x000000070fc00000| Untracked 
| 576|0x0000000710000000, 0x0000000710000000, 0x0000000710400000|  0%| F|  |TAMS 0x0000000710000000| PB 0x0000000710000000| Untracked 
| 577|0x0000000710400000, 0x0000000710400000, 0x0000000710800000|  0%| F|  |TAMS 0x0000000710400000| PB 0x0000000710400000| Untracked 
| 578|0x0000000710800000, 0x0000000710800000, 0x0000000710c00000|  0%| F|  |TAMS 0x0000000710800000| PB 0x0000000710800000| Untracked 
| 579|0x0000000710c00000, 0x0000000710c00000, 0x0000000711000000|  0%| F|  |TAMS 0x0000000710c00000| PB 0x0000000710c00000| Untracked 
| 580|0x0000000711000000, 0x0000000711000000, 0x0000000711400000|  0%| F|  |TAMS 0x0000000711000000| PB 0x0000000711000000| Untracked 
| 581|0x0000000711400000, 0x0000000711400000, 0x0000000711800000|  0%| F|  |TAMS 0x0000000711400000| PB 0x0000000711400000| Untracked 
| 582|0x0000000711800000, 0x0000000711800000, 0x0000000711c00000|  0%| F|  |TAMS 0x0000000711800000| PB 0x0000000711800000| Untracked 
| 583|0x0000000711c00000, 0x0000000711c00000, 0x0000000712000000|  0%| F|  |TAMS 0x0000000711c00000| PB 0x0000000711c00000| Untracked 
| 584|0x0000000712000000, 0x0000000712000000, 0x0000000712400000|  0%| F|  |TAMS 0x0000000712000000| PB 0x0000000712000000| Untracked 
| 585|0x0000000712400000, 0x0000000712400000, 0x0000000712800000|  0%| F|  |TAMS 0x0000000712400000| PB 0x0000000712400000| Untracked 
| 586|0x0000000712800000, 0x0000000712800000, 0x0000000712c00000|  0%| F|  |TAMS 0x0000000712800000| PB 0x0000000712800000| Untracked 
| 587|0x0000000712c00000, 0x0000000712c00000, 0x0000000713000000|  0%| F|  |TAMS 0x0000000712c00000| PB 0x0000000712c00000| Untracked 
| 588|0x0000000713000000, 0x0000000713000000, 0x0000000713400000|  0%| F|  |TAMS 0x0000000713000000| PB 0x0000000713000000| Untracked 
| 589|0x0000000713400000, 0x0000000713400000, 0x0000000713800000|  0%| F|  |TAMS 0x0000000713400000| PB 0x0000000713400000| Untracked 
| 590|0x0000000713800000, 0x0000000713800000, 0x0000000713c00000|  0%| F|  |TAMS 0x0000000713800000| PB 0x0000000713800000| Untracked 
| 591|0x0000000713c00000, 0x0000000713c00000, 0x0000000714000000|  0%| F|  |TAMS 0x0000000713c00000| PB 0x0000000713c00000| Untracked 
| 592|0x0000000714000000, 0x0000000714000000, 0x0000000714400000|  0%| F|  |TAMS 0x0000000714000000| PB 0x0000000714000000| Untracked 
| 593|0x0000000714400000, 0x0000000714400000, 0x0000000714800000|  0%| F|  |TAMS 0x0000000714400000| PB 0x0000000714400000| Untracked 
| 594|0x0000000714800000, 0x0000000714800000, 0x0000000714c00000|  0%| F|  |TAMS 0x0000000714800000| PB 0x0000000714800000| Untracked 
| 595|0x0000000714c00000, 0x0000000714c00000, 0x0000000715000000|  0%| F|  |TAMS 0x0000000714c00000| PB 0x0000000714c00000| Untracked 
| 596|0x0000000715000000, 0x0000000715000000, 0x0000000715400000|  0%| F|  |TAMS 0x0000000715000000| PB 0x0000000715000000| Untracked 
| 597|0x0000000715400000, 0x0000000715400000, 0x0000000715800000|  0%| F|  |TAMS 0x0000000715400000| PB 0x0000000715400000| Untracked 
| 598|0x0000000715800000, 0x0000000715800000, 0x0000000715c00000|  0%| F|  |TAMS 0x0000000715800000| PB 0x0000000715800000| Untracked 
| 599|0x0000000715c00000, 0x0000000715c00000, 0x0000000716000000|  0%| F|  |TAMS 0x0000000715c00000| PB 0x0000000715c00000| Untracked 
| 600|0x0000000716000000, 0x0000000716000000, 0x0000000716400000|  0%| F|  |TAMS 0x0000000716000000| PB 0x0000000716000000| Untracked 
| 601|0x0000000716400000, 0x0000000716400000, 0x0000000716800000|  0%| F|  |TAMS 0x0000000716400000| PB 0x0000000716400000| Untracked 
| 602|0x0000000716800000, 0x0000000716800000, 0x0000000716c00000|  0%| F|  |TAMS 0x0000000716800000| PB 0x0000000716800000| Untracked 
| 603|0x0000000716c00000, 0x0000000716c00000, 0x0000000717000000|  0%| F|  |TAMS 0x0000000716c00000| PB 0x0000000716c00000| Untracked 
| 604|0x0000000717000000, 0x0000000717000000, 0x0000000717400000|  0%| F|  |TAMS 0x0000000717000000| PB 0x0000000717000000| Untracked 
| 605|0x0000000717400000, 0x0000000717400000, 0x0000000717800000|  0%| F|  |TAMS 0x0000000717400000| PB 0x0000000717400000| Untracked 
| 606|0x0000000717800000, 0x0000000717800000, 0x0000000717c00000|  0%| F|  |TAMS 0x0000000717800000| PB 0x0000000717800000| Untracked 
| 607|0x0000000717c00000, 0x0000000717c00000, 0x0000000718000000|  0%| F|  |TAMS 0x0000000717c00000| PB 0x0000000717c00000| Untracked 
| 608|0x0000000718000000, 0x0000000718000000, 0x0000000718400000|  0%| F|  |TAMS 0x0000000718000000| PB 0x0000000718000000| Untracked 
| 609|0x0000000718400000, 0x0000000718400000, 0x0000000718800000|  0%| F|  |TAMS 0x0000000718400000| PB 0x0000000718400000| Untracked 
| 610|0x0000000718800000, 0x0000000718800000, 0x0000000718c00000|  0%| F|  |TAMS 0x0000000718800000| PB 0x0000000718800000| Untracked 
| 611|0x0000000718c00000, 0x0000000718c00000, 0x0000000719000000|  0%| F|  |TAMS 0x0000000718c00000| PB 0x0000000718c00000| Untracked 
| 612|0x0000000719000000, 0x0000000719000000, 0x0000000719400000|  0%| F|  |TAMS 0x0000000719000000| PB 0x0000000719000000| Untracked 
| 613|0x0000000719400000, 0x0000000719400000, 0x0000000719800000|  0%| F|  |TAMS 0x0000000719400000| PB 0x0000000719400000| Untracked 
| 614|0x0000000719800000, 0x0000000719800000, 0x0000000719c00000|  0%| F|  |TAMS 0x0000000719800000| PB 0x0000000719800000| Untracked 
| 615|0x0000000719c00000, 0x0000000719c00000, 0x000000071a000000|  0%| F|  |TAMS 0x0000000719c00000| PB 0x0000000719c00000| Untracked 
| 616|0x000000071a000000, 0x000000071a000000, 0x000000071a400000|  0%| F|  |TAMS 0x000000071a000000| PB 0x000000071a000000| Untracked 
| 617|0x000000071a400000, 0x000000071a400000, 0x000000071a800000|  0%| F|  |TAMS 0x000000071a400000| PB 0x000000071a400000| Untracked 
| 618|0x000000071a800000, 0x000000071a800000, 0x000000071ac00000|  0%| F|  |TAMS 0x000000071a800000| PB 0x000000071a800000| Untracked 
| 619|0x000000071ac00000, 0x000000071ac00000, 0x000000071b000000|  0%| F|  |TAMS 0x000000071ac00000| PB 0x000000071ac00000| Untracked 
| 620|0x000000071b000000, 0x000000071b000000, 0x000000071b400000|  0%| F|  |TAMS 0x000000071b000000| PB 0x000000071b000000| Untracked 
| 621|0x000000071b400000, 0x000000071b400000, 0x000000071b800000|  0%| F|  |TAMS 0x000000071b400000| PB 0x000000071b400000| Untracked 
| 622|0x000000071b800000, 0x000000071b800000, 0x000000071bc00000|  0%| F|  |TAMS 0x000000071b800000| PB 0x000000071b800000| Untracked 
| 623|0x000000071bc00000, 0x000000071bc00000, 0x000000071c000000|  0%| F|  |TAMS 0x000000071bc00000| PB 0x000000071bc00000| Untracked 
| 624|0x000000071c000000, 0x000000071c000000, 0x000000071c400000|  0%| F|  |TAMS 0x000000071c000000| PB 0x000000071c000000| Untracked 
| 625|0x000000071c400000, 0x000000071c400000, 0x000000071c800000|  0%| F|  |TAMS 0x000000071c400000| PB 0x000000071c400000| Untracked 
| 626|0x000000071c800000, 0x000000071c800000, 0x000000071cc00000|  0%| F|  |TAMS 0x000000071c800000| PB 0x000000071c800000| Untracked 
| 627|0x000000071cc00000, 0x000000071cc00000, 0x000000071d000000|  0%| F|  |TAMS 0x000000071cc00000| PB 0x000000071cc00000| Untracked 
| 628|0x000000071d000000, 0x000000071d000000, 0x000000071d400000|  0%| F|  |TAMS 0x000000071d000000| PB 0x000000071d000000| Untracked 
| 629|0x000000071d400000, 0x000000071d400000, 0x000000071d800000|  0%| F|  |TAMS 0x000000071d400000| PB 0x000000071d400000| Untracked 
| 630|0x000000071d800000, 0x000000071d800000, 0x000000071dc00000|  0%| F|  |TAMS 0x000000071d800000| PB 0x000000071d800000| Untracked 
| 631|0x000000071dc00000, 0x000000071dc00000, 0x000000071e000000|  0%| F|  |TAMS 0x000000071dc00000| PB 0x000000071dc00000| Untracked 
| 632|0x000000071e000000, 0x000000071e000000, 0x000000071e400000|  0%| F|  |TAMS 0x000000071e000000| PB 0x000000071e000000| Untracked 
| 633|0x000000071e400000, 0x000000071e400000, 0x000000071e800000|  0%| F|  |TAMS 0x000000071e400000| PB 0x000000071e400000| Untracked 
| 634|0x000000071e800000, 0x000000071e800000, 0x000000071ec00000|  0%| F|  |TAMS 0x000000071e800000| PB 0x000000071e800000| Untracked 
| 635|0x000000071ec00000, 0x000000071ec00000, 0x000000071f000000|  0%| F|  |TAMS 0x000000071ec00000| PB 0x000000071ec00000| Untracked 
| 636|0x000000071f000000, 0x000000071f000000, 0x000000071f400000|  0%| F|  |TAMS 0x000000071f000000| PB 0x000000071f000000| Untracked 
| 637|0x000000071f400000, 0x000000071f400000, 0x000000071f800000|  0%| F|  |TAMS 0x000000071f400000| PB 0x000000071f400000| Untracked 
| 638|0x000000071f800000, 0x000000071f800000, 0x000000071fc00000|  0%| F|  |TAMS 0x000000071f800000| PB 0x000000071f800000| Untracked 
| 639|0x000000071fc00000, 0x000000071fc00000, 0x0000000720000000|  0%| F|  |TAMS 0x000000071fc00000| PB 0x000000071fc00000| Untracked 
| 640|0x0000000720000000, 0x0000000720000000, 0x0000000720400000|  0%| F|  |TAMS 0x0000000720000000| PB 0x0000000720000000| Untracked 
| 641|0x0000000720400000, 0x0000000720400000, 0x0000000720800000|  0%| F|  |TAMS 0x0000000720400000| PB 0x0000000720400000| Untracked 
| 642|0x0000000720800000, 0x0000000720800000, 0x0000000720c00000|  0%| F|  |TAMS 0x0000000720800000| PB 0x0000000720800000| Untracked 
| 643|0x0000000720c00000, 0x0000000720c00000, 0x0000000721000000|  0%| F|  |TAMS 0x0000000720c00000| PB 0x0000000720c00000| Untracked 
| 644|0x0000000721000000, 0x0000000721000000, 0x0000000721400000|  0%| F|  |TAMS 0x0000000721000000| PB 0x0000000721000000| Untracked 
| 645|0x0000000721400000, 0x0000000721400000, 0x0000000721800000|  0%| F|  |TAMS 0x0000000721400000| PB 0x0000000721400000| Untracked 
| 646|0x0000000721800000, 0x0000000721800000, 0x0000000721c00000|  0%| F|  |TAMS 0x0000000721800000| PB 0x0000000721800000| Untracked 
| 647|0x0000000721c00000, 0x0000000721c00000, 0x0000000722000000|  0%| F|  |TAMS 0x0000000721c00000| PB 0x0000000721c00000| Untracked 
| 648|0x0000000722000000, 0x0000000722000000, 0x0000000722400000|  0%| F|  |TAMS 0x0000000722000000| PB 0x0000000722000000| Untracked 
| 649|0x0000000722400000, 0x0000000722400000, 0x0000000722800000|  0%| F|  |TAMS 0x0000000722400000| PB 0x0000000722400000| Untracked 
| 650|0x0000000722800000, 0x0000000722800000, 0x0000000722c00000|  0%| F|  |TAMS 0x0000000722800000| PB 0x0000000722800000| Untracked 
| 651|0x0000000722c00000, 0x0000000722c00000, 0x0000000723000000|  0%| F|  |TAMS 0x0000000722c00000| PB 0x0000000722c00000| Untracked 
| 652|0x0000000723000000, 0x0000000723000000, 0x0000000723400000|  0%| F|  |TAMS 0x0000000723000000| PB 0x0000000723000000| Untracked 
| 653|0x0000000723400000, 0x0000000723400000, 0x0000000723800000|  0%| F|  |TAMS 0x0000000723400000| PB 0x0000000723400000| Untracked 
| 654|0x0000000723800000, 0x0000000723800000, 0x0000000723c00000|  0%| F|  |TAMS 0x0000000723800000| PB 0x0000000723800000| Untracked 
| 655|0x0000000723c00000, 0x0000000723c00000, 0x0000000724000000|  0%| F|  |TAMS 0x0000000723c00000| PB 0x0000000723c00000| Untracked 
| 656|0x0000000724000000, 0x0000000724000000, 0x0000000724400000|  0%| F|  |TAMS 0x0000000724000000| PB 0x0000000724000000| Untracked 
| 657|0x0000000724400000, 0x0000000724400000, 0x0000000724800000|  0%| F|  |TAMS 0x0000000724400000| PB 0x0000000724400000| Untracked 
| 658|0x0000000724800000, 0x0000000724800000, 0x0000000724c00000|  0%| F|  |TAMS 0x0000000724800000| PB 0x0000000724800000| Untracked 
| 659|0x0000000724c00000, 0x0000000724c00000, 0x0000000725000000|  0%| F|  |TAMS 0x0000000724c00000| PB 0x0000000724c00000| Untracked 
| 660|0x0000000725000000, 0x0000000725000000, 0x0000000725400000|  0%| F|  |TAMS 0x0000000725000000| PB 0x0000000725000000| Untracked 
| 661|0x0000000725400000, 0x0000000725400000, 0x0000000725800000|  0%| F|  |TAMS 0x0000000725400000| PB 0x0000000725400000| Untracked 
| 662|0x0000000725800000, 0x0000000725800000, 0x0000000725c00000|  0%| F|  |TAMS 0x0000000725800000| PB 0x0000000725800000| Untracked 
| 663|0x0000000725c00000, 0x0000000725c00000, 0x0000000726000000|  0%| F|  |TAMS 0x0000000725c00000| PB 0x0000000725c00000| Untracked 
| 664|0x0000000726000000, 0x0000000726000000, 0x0000000726400000|  0%| F|  |TAMS 0x0000000726000000| PB 0x0000000726000000| Untracked 
| 665|0x0000000726400000, 0x0000000726400000, 0x0000000726800000|  0%| F|  |TAMS 0x0000000726400000| PB 0x0000000726400000| Untracked 
| 666|0x0000000726800000, 0x0000000726800000, 0x0000000726c00000|  0%| F|  |TAMS 0x0000000726800000| PB 0x0000000726800000| Untracked 
| 667|0x0000000726c00000, 0x0000000726c00000, 0x0000000727000000|  0%| F|  |TAMS 0x0000000726c00000| PB 0x0000000726c00000| Untracked 
| 668|0x0000000727000000, 0x0000000727000000, 0x0000000727400000|  0%| F|  |TAMS 0x0000000727000000| PB 0x0000000727000000| Untracked 
| 669|0x0000000727400000, 0x0000000727400000, 0x0000000727800000|  0%| F|  |TAMS 0x0000000727400000| PB 0x0000000727400000| Untracked 
| 670|0x0000000727800000, 0x0000000727800000, 0x0000000727c00000|  0%| F|  |TAMS 0x0000000727800000| PB 0x0000000727800000| Untracked 
| 671|0x0000000727c00000, 0x0000000727c00000, 0x0000000728000000|  0%| F|  |TAMS 0x0000000727c00000| PB 0x0000000727c00000| Untracked 
| 672|0x0000000728000000, 0x0000000728000000, 0x0000000728400000|  0%| F|  |TAMS 0x0000000728000000| PB 0x0000000728000000| Untracked 
| 673|0x0000000728400000, 0x0000000728400000, 0x0000000728800000|  0%| F|  |TAMS 0x0000000728400000| PB 0x0000000728400000| Untracked 
| 674|0x0000000728800000, 0x0000000728800000, 0x0000000728c00000|  0%| F|  |TAMS 0x0000000728800000| PB 0x0000000728800000| Untracked 
| 675|0x0000000728c00000, 0x0000000728c00000, 0x0000000729000000|  0%| F|  |TAMS 0x0000000728c00000| PB 0x0000000728c00000| Untracked 
| 676|0x0000000729000000, 0x0000000729000000, 0x0000000729400000|  0%| F|  |TAMS 0x0000000729000000| PB 0x0000000729000000| Untracked 
| 677|0x0000000729400000, 0x0000000729400000, 0x0000000729800000|  0%| F|  |TAMS 0x0000000729400000| PB 0x0000000729400000| Untracked 
| 678|0x0000000729800000, 0x0000000729800000, 0x0000000729c00000|  0%| F|  |TAMS 0x0000000729800000| PB 0x0000000729800000| Untracked 
| 679|0x0000000729c00000, 0x0000000729c00000, 0x000000072a000000|  0%| F|  |TAMS 0x0000000729c00000| PB 0x0000000729c00000| Untracked 
| 680|0x000000072a000000, 0x000000072a000000, 0x000000072a400000|  0%| F|  |TAMS 0x000000072a000000| PB 0x000000072a000000| Untracked 
| 681|0x000000072a400000, 0x000000072a400000, 0x000000072a800000|  0%| F|  |TAMS 0x000000072a400000| PB 0x000000072a400000| Untracked 
| 682|0x000000072a800000, 0x000000072a800000, 0x000000072ac00000|  0%| F|  |TAMS 0x000000072a800000| PB 0x000000072a800000| Untracked 
| 683|0x000000072ac00000, 0x000000072ac00000, 0x000000072b000000|  0%| F|  |TAMS 0x000000072ac00000| PB 0x000000072ac00000| Untracked 
| 684|0x000000072b000000, 0x000000072b000000, 0x000000072b400000|  0%| F|  |TAMS 0x000000072b000000| PB 0x000000072b000000| Untracked 
| 685|0x000000072b400000, 0x000000072b400000, 0x000000072b800000|  0%| F|  |TAMS 0x000000072b400000| PB 0x000000072b400000| Untracked 
| 686|0x000000072b800000, 0x000000072b800000, 0x000000072bc00000|  0%| F|  |TAMS 0x000000072b800000| PB 0x000000072b800000| Untracked 
| 687|0x000000072bc00000, 0x000000072bc00000, 0x000000072c000000|  0%| F|  |TAMS 0x000000072bc00000| PB 0x000000072bc00000| Untracked 
| 688|0x000000072c000000, 0x000000072c000000, 0x000000072c400000|  0%| F|  |TAMS 0x000000072c000000| PB 0x000000072c000000| Untracked 
| 689|0x000000072c400000, 0x000000072c400000, 0x000000072c800000|  0%| F|  |TAMS 0x000000072c400000| PB 0x000000072c400000| Untracked 
| 690|0x000000072c800000, 0x000000072c800000, 0x000000072cc00000|  0%| F|  |TAMS 0x000000072c800000| PB 0x000000072c800000| Untracked 
| 691|0x000000072cc00000, 0x000000072cc00000, 0x000000072d000000|  0%| F|  |TAMS 0x000000072cc00000| PB 0x000000072cc00000| Untracked 
| 692|0x000000072d000000, 0x000000072d000000, 0x000000072d400000|  0%| F|  |TAMS 0x000000072d000000| PB 0x000000072d000000| Untracked 
| 693|0x000000072d400000, 0x000000072d400000, 0x000000072d800000|  0%| F|  |TAMS 0x000000072d400000| PB 0x000000072d400000| Untracked 
| 694|0x000000072d800000, 0x000000072d800000, 0x000000072dc00000|  0%| F|  |TAMS 0x000000072d800000| PB 0x000000072d800000| Untracked 
| 695|0x000000072dc00000, 0x000000072dc00000, 0x000000072e000000|  0%| F|  |TAMS 0x000000072dc00000| PB 0x000000072dc00000| Untracked 
| 696|0x000000072e000000, 0x000000072e000000, 0x000000072e400000|  0%| F|  |TAMS 0x000000072e000000| PB 0x000000072e000000| Untracked 
| 697|0x000000072e400000, 0x000000072e400000, 0x000000072e800000|  0%| F|  |TAMS 0x000000072e400000| PB 0x000000072e400000| Untracked 
| 698|0x000000072e800000, 0x000000072e800000, 0x000000072ec00000|  0%| F|  |TAMS 0x000000072e800000| PB 0x000000072e800000| Untracked 
| 699|0x000000072ec00000, 0x000000072ec00000, 0x000000072f000000|  0%| F|  |TAMS 0x000000072ec00000| PB 0x000000072ec00000| Untracked 
| 700|0x000000072f000000, 0x000000072f000000, 0x000000072f400000|  0%| F|  |TAMS 0x000000072f000000| PB 0x000000072f000000| Untracked 
| 701|0x000000072f400000, 0x000000072f400000, 0x000000072f800000|  0%| F|  |TAMS 0x000000072f400000| PB 0x000000072f400000| Untracked 
| 702|0x000000072f800000, 0x000000072f800000, 0x000000072fc00000|  0%| F|  |TAMS 0x000000072f800000| PB 0x000000072f800000| Untracked 
| 703|0x000000072fc00000, 0x000000072fc00000, 0x0000000730000000|  0%| F|  |TAMS 0x000000072fc00000| PB 0x000000072fc00000| Untracked 
| 704|0x0000000730000000, 0x0000000730000000, 0x0000000730400000|  0%| F|  |TAMS 0x0000000730000000| PB 0x0000000730000000| Untracked 
| 705|0x0000000730400000, 0x0000000730400000, 0x0000000730800000|  0%| F|  |TAMS 0x0000000730400000| PB 0x0000000730400000| Untracked 
| 706|0x0000000730800000, 0x0000000730800000, 0x0000000730c00000|  0%| F|  |TAMS 0x0000000730800000| PB 0x0000000730800000| Untracked 
| 707|0x0000000730c00000, 0x0000000730c00000, 0x0000000731000000|  0%| F|  |TAMS 0x0000000730c00000| PB 0x0000000730c00000| Untracked 
| 708|0x0000000731000000, 0x0000000731000000, 0x0000000731400000|  0%| F|  |TAMS 0x0000000731000000| PB 0x0000000731000000| Untracked 
| 709|0x0000000731400000, 0x0000000731400000, 0x0000000731800000|  0%| F|  |TAMS 0x0000000731400000| PB 0x0000000731400000| Untracked 
| 710|0x0000000731800000, 0x0000000731800000, 0x0000000731c00000|  0%| F|  |TAMS 0x0000000731800000| PB 0x0000000731800000| Untracked 
| 711|0x0000000731c00000, 0x0000000731c00000, 0x0000000732000000|  0%| F|  |TAMS 0x0000000731c00000| PB 0x0000000731c00000| Untracked 
| 712|0x0000000732000000, 0x0000000732000000, 0x0000000732400000|  0%| F|  |TAMS 0x0000000732000000| PB 0x0000000732000000| Untracked 
| 713|0x0000000732400000, 0x0000000732400000, 0x0000000732800000|  0%| F|  |TAMS 0x0000000732400000| PB 0x0000000732400000| Untracked 
| 714|0x0000000732800000, 0x0000000732800000, 0x0000000732c00000|  0%| F|  |TAMS 0x0000000732800000| PB 0x0000000732800000| Untracked 
| 715|0x0000000732c00000, 0x0000000732c00000, 0x0000000733000000|  0%| F|  |TAMS 0x0000000732c00000| PB 0x0000000732c00000| Untracked 
| 716|0x0000000733000000, 0x0000000733000000, 0x0000000733400000|  0%| F|  |TAMS 0x0000000733000000| PB 0x0000000733000000| Untracked 
| 717|0x0000000733400000, 0x0000000733400000, 0x0000000733800000|  0%| F|  |TAMS 0x0000000733400000| PB 0x0000000733400000| Untracked 
| 718|0x0000000733800000, 0x0000000733800000, 0x0000000733c00000|  0%| F|  |TAMS 0x0000000733800000| PB 0x0000000733800000| Untracked 
| 719|0x0000000733c00000, 0x0000000733c00000, 0x0000000734000000|  0%| F|  |TAMS 0x0000000733c00000| PB 0x0000000733c00000| Untracked 
| 720|0x0000000734000000, 0x0000000734000000, 0x0000000734400000|  0%| F|  |TAMS 0x0000000734000000| PB 0x0000000734000000| Untracked 
| 721|0x0000000734400000, 0x0000000734400000, 0x0000000734800000|  0%| F|  |TAMS 0x0000000734400000| PB 0x0000000734400000| Untracked 
| 722|0x0000000734800000, 0x0000000734800000, 0x0000000734c00000|  0%| F|  |TAMS 0x0000000734800000| PB 0x0000000734800000| Untracked 
| 723|0x0000000734c00000, 0x0000000734c00000, 0x0000000735000000|  0%| F|  |TAMS 0x0000000734c00000| PB 0x0000000734c00000| Untracked 
| 724|0x0000000735000000, 0x0000000735000000, 0x0000000735400000|  0%| F|  |TAMS 0x0000000735000000| PB 0x0000000735000000| Untracked 
| 725|0x0000000735400000, 0x0000000735400000, 0x0000000735800000|  0%| F|  |TAMS 0x0000000735400000| PB 0x0000000735400000| Untracked 
| 726|0x0000000735800000, 0x0000000735800000, 0x0000000735c00000|  0%| F|  |TAMS 0x0000000735800000| PB 0x0000000735800000| Untracked 
| 727|0x0000000735c00000, 0x0000000735c00000, 0x0000000736000000|  0%| F|  |TAMS 0x0000000735c00000| PB 0x0000000735c00000| Untracked 
| 728|0x0000000736000000, 0x0000000736000000, 0x0000000736400000|  0%| F|  |TAMS 0x0000000736000000| PB 0x0000000736000000| Untracked 
| 729|0x0000000736400000, 0x0000000736400000, 0x0000000736800000|  0%| F|  |TAMS 0x0000000736400000| PB 0x0000000736400000| Untracked 
| 730|0x0000000736800000, 0x0000000736800000, 0x0000000736c00000|  0%| F|  |TAMS 0x0000000736800000| PB 0x0000000736800000| Untracked 
| 731|0x0000000736c00000, 0x0000000736c00000, 0x0000000737000000|  0%| F|  |TAMS 0x0000000736c00000| PB 0x0000000736c00000| Untracked 
| 732|0x0000000737000000, 0x0000000737000000, 0x0000000737400000|  0%| F|  |TAMS 0x0000000737000000| PB 0x0000000737000000| Untracked 
| 733|0x0000000737400000, 0x0000000737400000, 0x0000000737800000|  0%| F|  |TAMS 0x0000000737400000| PB 0x0000000737400000| Untracked 
| 734|0x0000000737800000, 0x0000000737800000, 0x0000000737c00000|  0%| F|  |TAMS 0x0000000737800000| PB 0x0000000737800000| Untracked 
| 735|0x0000000737c00000, 0x0000000737c00000, 0x0000000738000000|  0%| F|  |TAMS 0x0000000737c00000| PB 0x0000000737c00000| Untracked 
| 736|0x0000000738000000, 0x0000000738000000, 0x0000000738400000|  0%| F|  |TAMS 0x0000000738000000| PB 0x0000000738000000| Untracked 
| 737|0x0000000738400000, 0x0000000738400000, 0x0000000738800000|  0%| F|  |TAMS 0x0000000738400000| PB 0x0000000738400000| Untracked 
| 738|0x0000000738800000, 0x0000000738800000, 0x0000000738c00000|  0%| F|  |TAMS 0x0000000738800000| PB 0x0000000738800000| Untracked 
| 739|0x0000000738c00000, 0x0000000738c00000, 0x0000000739000000|  0%| F|  |TAMS 0x0000000738c00000| PB 0x0000000738c00000| Untracked 
| 740|0x0000000739000000, 0x0000000739000000, 0x0000000739400000|  0%| F|  |TAMS 0x0000000739000000| PB 0x0000000739000000| Untracked 
| 741|0x0000000739400000, 0x0000000739400000, 0x0000000739800000|  0%| F|  |TAMS 0x0000000739400000| PB 0x0000000739400000| Untracked 
| 742|0x0000000739800000, 0x0000000739800000, 0x0000000739c00000|  0%| F|  |TAMS 0x0000000739800000| PB 0x0000000739800000| Untracked 
| 743|0x0000000739c00000, 0x0000000739c00000, 0x000000073a000000|  0%| F|  |TAMS 0x0000000739c00000| PB 0x0000000739c00000| Untracked 
| 744|0x000000073a000000, 0x000000073a1b9b20, 0x000000073a400000| 43%| S|CS|TAMS 0x000000073a000000| PB 0x000000073a000000| Complete 
| 745|0x000000073a400000, 0x000000073a800000, 0x000000073a800000|100%| S|CS|TAMS 0x000000073a400000| PB 0x000000073a400000| Complete 
| 746|0x000000073a800000, 0x000000073ac00000, 0x000000073ac00000|100%| S|CS|TAMS 0x000000073a800000| PB 0x000000073a800000| Complete 
| 747|0x000000073ac00000, 0x000000073ac00000, 0x000000073b000000|  0%| F|  |TAMS 0x000000073ac00000| PB 0x000000073ac00000| Untracked 
| 748|0x000000073b000000, 0x000000073b000000, 0x000000073b400000|  0%| F|  |TAMS 0x000000073b000000| PB 0x000000073b000000| Untracked 
| 749|0x000000073b400000, 0x000000073b400000, 0x000000073b800000|  0%| F|  |TAMS 0x000000073b400000| PB 0x000000073b400000| Untracked 
| 750|0x000000073b800000, 0x000000073b800000, 0x000000073bc00000|  0%| F|  |TAMS 0x000000073b800000| PB 0x000000073b800000| Untracked 
| 751|0x000000073bc00000, 0x000000073bc00000, 0x000000073c000000|  0%| F|  |TAMS 0x000000073bc00000| PB 0x000000073bc00000| Untracked 
| 752|0x000000073c000000, 0x000000073c000000, 0x000000073c400000|  0%| F|  |TAMS 0x000000073c000000| PB 0x000000073c000000| Untracked 
| 753|0x000000073c400000, 0x000000073c400000, 0x000000073c800000|  0%| F|  |TAMS 0x000000073c400000| PB 0x000000073c400000| Untracked 
| 754|0x000000073c800000, 0x000000073c800000, 0x000000073cc00000|  0%| F|  |TAMS 0x000000073c800000| PB 0x000000073c800000| Untracked 
| 755|0x000000073cc00000, 0x000000073cc00000, 0x000000073d000000|  0%| F|  |TAMS 0x000000073cc00000| PB 0x000000073cc00000| Untracked 
| 756|0x000000073d000000, 0x000000073d000000, 0x000000073d400000|  0%| F|  |TAMS 0x000000073d000000| PB 0x000000073d000000| Untracked 
| 757|0x000000073d400000, 0x000000073d400000, 0x000000073d800000|  0%| F|  |TAMS 0x000000073d400000| PB 0x000000073d400000| Untracked 
| 758|0x000000073d800000, 0x000000073d800000, 0x000000073dc00000|  0%| F|  |TAMS 0x000000073d800000| PB 0x000000073d800000| Untracked 
| 759|0x000000073dc00000, 0x000000073dc00000, 0x000000073e000000|  0%| F|  |TAMS 0x000000073dc00000| PB 0x000000073dc00000| Untracked 
| 760|0x000000073e000000, 0x000000073e000000, 0x000000073e400000|  0%| F|  |TAMS 0x000000073e000000| PB 0x000000073e000000| Untracked 
| 761|0x000000073e400000, 0x000000073e400000, 0x000000073e800000|  0%| F|  |TAMS 0x000000073e400000| PB 0x000000073e400000| Untracked 
| 762|0x000000073e800000, 0x000000073e800000, 0x000000073ec00000|  0%| F|  |TAMS 0x000000073e800000| PB 0x000000073e800000| Untracked 
| 763|0x000000073ec00000, 0x000000073ec00000, 0x000000073f000000|  0%| F|  |TAMS 0x000000073ec00000| PB 0x000000073ec00000| Untracked 
| 764|0x000000073f000000, 0x000000073f000000, 0x000000073f400000|  0%| F|  |TAMS 0x000000073f000000| PB 0x000000073f000000| Untracked 
| 765|0x000000073f400000, 0x000000073f400000, 0x000000073f800000|  0%| F|  |TAMS 0x000000073f400000| PB 0x000000073f400000| Untracked 
| 766|0x000000073f800000, 0x000000073f800000, 0x000000073fc00000|  0%| F|  |TAMS 0x000000073f800000| PB 0x000000073f800000| Untracked 
| 767|0x000000073fc00000, 0x000000073fc00000, 0x0000000740000000|  0%| F|  |TAMS 0x000000073fc00000| PB 0x000000073fc00000| Untracked 
| 768|0x0000000740000000, 0x0000000740000000, 0x0000000740400000|  0%| F|  |TAMS 0x0000000740000000| PB 0x0000000740000000| Untracked 
| 769|0x0000000740400000, 0x0000000740400000, 0x0000000740800000|  0%| F|  |TAMS 0x0000000740400000| PB 0x0000000740400000| Untracked 
| 770|0x0000000740800000, 0x0000000740800000, 0x0000000740c00000|  0%| F|  |TAMS 0x0000000740800000| PB 0x0000000740800000| Untracked 
| 771|0x0000000740c00000, 0x0000000740c00000, 0x0000000741000000|  0%| F|  |TAMS 0x0000000740c00000| PB 0x0000000740c00000| Untracked 
| 772|0x0000000741000000, 0x0000000741000000, 0x0000000741400000|  0%| F|  |TAMS 0x0000000741000000| PB 0x0000000741000000| Untracked 
| 773|0x0000000741400000, 0x0000000741400000, 0x0000000741800000|  0%| F|  |TAMS 0x0000000741400000| PB 0x0000000741400000| Untracked 
| 774|0x0000000741800000, 0x0000000741800000, 0x0000000741c00000|  0%| F|  |TAMS 0x0000000741800000| PB 0x0000000741800000| Untracked 
| 775|0x0000000741c00000, 0x0000000741c00000, 0x0000000742000000|  0%| F|  |TAMS 0x0000000741c00000| PB 0x0000000741c00000| Untracked 
| 776|0x0000000742000000, 0x0000000742000000, 0x0000000742400000|  0%| F|  |TAMS 0x0000000742000000| PB 0x0000000742000000| Untracked 
| 777|0x0000000742400000, 0x0000000742400000, 0x0000000742800000|  0%| F|  |TAMS 0x0000000742400000| PB 0x0000000742400000| Untracked 
| 778|0x0000000742800000, 0x0000000742800000, 0x0000000742c00000|  0%| F|  |TAMS 0x0000000742800000| PB 0x0000000742800000| Untracked 
| 779|0x0000000742c00000, 0x0000000742c00000, 0x0000000743000000|  0%| F|  |TAMS 0x0000000742c00000| PB 0x0000000742c00000| Untracked 
| 780|0x0000000743000000, 0x0000000743000000, 0x0000000743400000|  0%| F|  |TAMS 0x0000000743000000| PB 0x0000000743000000| Untracked 
| 781|0x0000000743400000, 0x0000000743400000, 0x0000000743800000|  0%| F|  |TAMS 0x0000000743400000| PB 0x0000000743400000| Untracked 
| 782|0x0000000743800000, 0x0000000743800000, 0x0000000743c00000|  0%| F|  |TAMS 0x0000000743800000| PB 0x0000000743800000| Untracked 
| 783|0x0000000743c00000, 0x0000000743c00000, 0x0000000744000000|  0%| F|  |TAMS 0x0000000743c00000| PB 0x0000000743c00000| Untracked 
| 784|0x0000000744000000, 0x0000000744000000, 0x0000000744400000|  0%| F|  |TAMS 0x0000000744000000| PB 0x0000000744000000| Untracked 
| 785|0x0000000744400000, 0x0000000744400000, 0x0000000744800000|  0%| F|  |TAMS 0x0000000744400000| PB 0x0000000744400000| Untracked 
| 786|0x0000000744800000, 0x0000000744800000, 0x0000000744c00000|  0%| F|  |TAMS 0x0000000744800000| PB 0x0000000744800000| Untracked 
| 787|0x0000000744c00000, 0x0000000744c00000, 0x0000000745000000|  0%| F|  |TAMS 0x0000000744c00000| PB 0x0000000744c00000| Untracked 
| 788|0x0000000745000000, 0x0000000745000000, 0x0000000745400000|  0%| F|  |TAMS 0x0000000745000000| PB 0x0000000745000000| Untracked 
| 789|0x0000000745400000, 0x0000000745400000, 0x0000000745800000|  0%| F|  |TAMS 0x0000000745400000| PB 0x0000000745400000| Untracked 
| 790|0x0000000745800000, 0x0000000745800000, 0x0000000745c00000|  0%| F|  |TAMS 0x0000000745800000| PB 0x0000000745800000| Untracked 
| 791|0x0000000745c00000, 0x0000000745c00000, 0x0000000746000000|  0%| F|  |TAMS 0x0000000745c00000| PB 0x0000000745c00000| Untracked 
| 792|0x0000000746000000, 0x0000000746000000, 0x0000000746400000|  0%| F|  |TAMS 0x0000000746000000| PB 0x0000000746000000| Untracked 
| 793|0x0000000746400000, 0x0000000746400000, 0x0000000746800000|  0%| F|  |TAMS 0x0000000746400000| PB 0x0000000746400000| Untracked 
| 794|0x0000000746800000, 0x0000000746800000, 0x0000000746c00000|  0%| F|  |TAMS 0x0000000746800000| PB 0x0000000746800000| Untracked 
| 795|0x0000000746c00000, 0x0000000746c00000, 0x0000000747000000|  0%| F|  |TAMS 0x0000000746c00000| PB 0x0000000746c00000| Untracked 
| 796|0x0000000747000000, 0x0000000747000000, 0x0000000747400000|  0%| F|  |TAMS 0x0000000747000000| PB 0x0000000747000000| Untracked 
| 797|0x0000000747400000, 0x0000000747400000, 0x0000000747800000|  0%| F|  |TAMS 0x0000000747400000| PB 0x0000000747400000| Untracked 
| 798|0x0000000747800000, 0x0000000747800000, 0x0000000747c00000|  0%| F|  |TAMS 0x0000000747800000| PB 0x0000000747800000| Untracked 
| 799|0x0000000747c00000, 0x0000000747c00000, 0x0000000748000000|  0%| F|  |TAMS 0x0000000747c00000| PB 0x0000000747c00000| Untracked 
| 800|0x0000000748000000, 0x0000000748000000, 0x0000000748400000|  0%| F|  |TAMS 0x0000000748000000| PB 0x0000000748000000| Untracked 
| 801|0x0000000748400000, 0x0000000748400000, 0x0000000748800000|  0%| F|  |TAMS 0x0000000748400000| PB 0x0000000748400000| Untracked 
| 802|0x0000000748800000, 0x0000000748800000, 0x0000000748c00000|  0%| F|  |TAMS 0x0000000748800000| PB 0x0000000748800000| Untracked 
| 803|0x0000000748c00000, 0x0000000748c00000, 0x0000000749000000|  0%| F|  |TAMS 0x0000000748c00000| PB 0x0000000748c00000| Untracked 
| 804|0x0000000749000000, 0x0000000749000000, 0x0000000749400000|  0%| F|  |TAMS 0x0000000749000000| PB 0x0000000749000000| Untracked 
| 805|0x0000000749400000, 0x0000000749400000, 0x0000000749800000|  0%| F|  |TAMS 0x0000000749400000| PB 0x0000000749400000| Untracked 
| 806|0x0000000749800000, 0x0000000749800000, 0x0000000749c00000|  0%| F|  |TAMS 0x0000000749800000| PB 0x0000000749800000| Untracked 
| 807|0x0000000749c00000, 0x0000000749c00000, 0x000000074a000000|  0%| F|  |TAMS 0x0000000749c00000| PB 0x0000000749c00000| Untracked 
| 808|0x000000074a000000, 0x000000074a000000, 0x000000074a400000|  0%| F|  |TAMS 0x000000074a000000| PB 0x000000074a000000| Untracked 
| 809|0x000000074a400000, 0x000000074a400000, 0x000000074a800000|  0%| F|  |TAMS 0x000000074a400000| PB 0x000000074a400000| Untracked 
| 810|0x000000074a800000, 0x000000074a800000, 0x000000074ac00000|  0%| F|  |TAMS 0x000000074a800000| PB 0x000000074a800000| Untracked 
| 811|0x000000074ac00000, 0x000000074ac00000, 0x000000074b000000|  0%| F|  |TAMS 0x000000074ac00000| PB 0x000000074ac00000| Untracked 
| 812|0x000000074b000000, 0x000000074b000000, 0x000000074b400000|  0%| F|  |TAMS 0x000000074b000000| PB 0x000000074b000000| Untracked 
| 813|0x000000074b400000, 0x000000074b400000, 0x000000074b800000|  0%| F|  |TAMS 0x000000074b400000| PB 0x000000074b400000| Untracked 
| 814|0x000000074b800000, 0x000000074b800000, 0x000000074bc00000|  0%| F|  |TAMS 0x000000074b800000| PB 0x000000074b800000| Untracked 
| 815|0x000000074bc00000, 0x000000074bc00000, 0x000000074c000000|  0%| F|  |TAMS 0x000000074bc00000| PB 0x000000074bc00000| Untracked 
| 816|0x000000074c000000, 0x000000074c000000, 0x000000074c400000|  0%| F|  |TAMS 0x000000074c000000| PB 0x000000074c000000| Untracked 
|1519|0x00000007fbc00000, 0x00000007fc000000, 0x00000007fc000000|100%| O|  |TAMS 0x00000007fbc00000| PB 0x00000007fbc00000| Untracked 
|1520|0x00000007fc000000, 0x00000007fc400000, 0x00000007fc400000|100%| O|  |TAMS 0x00000007fc000000| PB 0x00000007fc000000| Untracked 
|1521|0x00000007fc400000, 0x00000007fc800000, 0x00000007fc800000|100%| O|  |TAMS 0x00000007fc400000| PB 0x00000007fc400000| Untracked 
|1522|0x00000007fc800000, 0x00000007fcc00000, 0x00000007fcc00000|100%| O|  |TAMS 0x00000007fc800000| PB 0x00000007fc800000| Untracked 
|1523|0x00000007fcc00000, 0x00000007fd000000, 0x00000007fd000000|100%| O|  |TAMS 0x00000007fcc00000| PB 0x00000007fcc00000| Untracked 
|1524|0x00000007fd000000, 0x00000007fd400000, 0x00000007fd400000|100%| O|  |TAMS 0x00000007fd000000| PB 0x00000007fd000000| Untracked 
|1525|0x00000007fd400000, 0x00000007fd800000, 0x00000007fd800000|100%| O|  |TAMS 0x00000007fd400000| PB 0x00000007fd400000| Untracked 
|1526|0x00000007fd800000, 0x00000007fdc00000, 0x00000007fdc00000|100%| O|  |TAMS 0x00000007fd800000| PB 0x00000007fd800000| Untracked 
|1527|0x00000007fdc00000, 0x00000007fe000000, 0x00000007fe000000|100%| O|  |TAMS 0x00000007fdc00000| PB 0x00000007fdc00000| Untracked 
|1528|0x00000007fe000000, 0x00000007fe000000, 0x00000007fe400000|  0%| F|  |TAMS 0x00000007fe000000| PB 0x00000007fe000000| Untracked 
|1529|0x00000007fe400000, 0x00000007fe800000, 0x00000007fe800000|100%| O|  |TAMS 0x00000007fe400000| PB 0x00000007fe400000| Untracked 
|1530|0x00000007fe800000, 0x00000007fec00000, 0x00000007fec00000|100%| O|  |TAMS 0x00000007fe800000| PB 0x00000007fe800000| Untracked 
|1531|0x00000007fec00000, 0x00000007ff000000, 0x00000007ff000000|100%| O|  |TAMS 0x00000007fec00000| PB 0x00000007fec00000| Untracked 
|1532|0x00000007ff000000, 0x00000007ff000000, 0x00000007ff400000|  0%| F|  |TAMS 0x00000007ff000000| PB 0x00000007ff000000| Untracked 
|1533|0x00000007ff400000, 0x00000007ff800000, 0x00000007ff800000|100%| O|  |TAMS 0x00000007ff400000| PB 0x00000007ff400000| Untracked 
|1534|0x00000007ff800000, 0x00000007ff800000, 0x00000007ffc00000|  0%| F|  |TAMS 0x00000007ff800000| PB 0x00000007ff800000| Untracked 
|1535|0x00000007ffc00000, 0x00000007ffc00000, 0x0000000800000000|  0%| F|  |TAMS 0x00000007ffc00000| PB 0x00000007ffc00000| Untracked 

Card table byte_map: [0x000002892c6f0000,0x000002892d2f0000] _byte_map_base: 0x00000289292f0000

Marking Bits: (CMBitMap*) 0x0000028919a053d0
 Bits: [0x000002892d2f0000, 0x00000289332f0000)

Polling page: 0x0000028917890000

Metaspace:

Usage:
  Non-class:    185.56 MB used.
      Class:     28.27 MB used.
       Both:    213.83 MB used.

Virtual space:
  Non-class space:      192.00 MB reserved,     187.19 MB ( 97%) committed,  3 nodes.
      Class space:        1.00 GB reserved,      29.69 MB (  3%) committed,  1 nodes.
             Both:        1.19 GB reserved,     216.88 MB ( 18%) committed. 

Chunk freelists:
   Non-Class:  4.30 MB
       Class:  2.29 MB
        Both:  6.59 MB

MaxMetaspaceSize: unlimited
CompressedClassSpaceSize: 1.00 GB
Initial GC threshold: 21.00 MB
Current GC threshold: 361.38 MB
CDS: off
 - commit_granule_bytes: 65536.
 - commit_granule_words: 8192.
 - virtual_space_node_default_size: 8388608.
 - enlarge_chunks_in_place: 1.
 - use_allocation_guard: 0.


Internal statistics:

num_allocs_failed_limit: 12.
num_arena_births: 5478.
num_arena_deaths: 26.
num_vsnodes_births: 4.
num_vsnodes_deaths: 0.
num_space_committed: 3498.
num_space_uncommitted: 22.
num_chunks_returned_to_freelist: 205.
num_chunks_taken_from_freelist: 15317.
num_chunk_merges: 64.
num_chunk_splits: 10045.
num_chunks_enlarged: 6628.
num_inconsistent_stats: 0.

CodeHeap 'non-profiled nmethods': size=120000Kb used=37882Kb max_used=47545Kb free=82117Kb
 bounds [0x00000289245c0000, 0x0000028927430000, 0x000002892baf0000]
CodeHeap 'profiled nmethods': size=120000Kb used=41808Kb max_used=59903Kb free=78191Kb
 bounds [0x000002891caf0000, 0x0000028920910000, 0x0000028924020000]
CodeHeap 'non-nmethods': size=5760Kb used=2965Kb max_used=3091Kb free=2794Kb
 bounds [0x0000028924020000, 0x0000028924330000, 0x00000289245c0000]
CodeCache: size=245760Kb, used=82655Kb, max_used=110539Kb, free=163102Kb
 total_blobs=20879, nmethods=19672, adapters=1107, full_count=0
Compilation: enabled, stopped_count=0, restarted_count=0

Compilation events (20 events):
Event: 1214.192 Thread 0x00000289359a1dd0 52251       3       com.android.tools.r8.internal.Do0$$Lambda/0x0000000801d972b8::<init> (15 bytes)
Event: 1214.192 Thread 0x00000289359a1dd0 nmethod 52251 0x000002891cd6ce10 code [0x000002891cd6cfc0, 0x000002891cd6d198]
Event: 1214.230 Thread 0x00000289359a1dd0 52252       3       com.android.tools.r8.internal.Tg::b (30 bytes)
Event: 1214.230 Thread 0x00000289359a1dd0 nmethod 52252 0x000002891ceae910 code [0x000002891ceaeae0, 0x000002891ceaee88]
Event: 1214.260 Thread 0x000002893599f320 nmethod 52246 0x000002892575ff10 code [0x0000028925760620, 0x0000028925764950]
Event: 1214.260 Thread 0x000002893599f320 52247       4       com.android.tools.r8.internal.Do0::a (618 bytes)
Event: 1214.268 Thread 0x00000289359a1dd0 52253       3       com.android.aapt.Resources$XmlNamespace::getSource (18 bytes)
Event: 1214.268 Thread 0x00000289359a1dd0 nmethod 52253 0x000002891cd7b410 code [0x000002891cd7b5c0, 0x000002891cd7b778]
Event: 1214.279 Thread 0x00000289359a1dd0 52254       3       com.android.tools.r8.ir.optimize.m0::<init> (320 bytes)
Event: 1214.283 Thread 0x00000289359a1dd0 nmethod 52254 0x000002891d060e10 code [0x000002891d061260, 0x000002891d063ce0]
Event: 1214.304 Thread 0x00000289359a1dd0 52255       3       com.android.tools.r8.internal.P5::R (97 bytes)
Event: 1214.305 Thread 0x00000289359a1dd0 nmethod 52255 0x000002891cb45910 code [0x000002891cb45b20, 0x000002891cb46268]
Event: 1214.445 Thread 0x00000289359a1dd0 52257       1       com.android.tools.r8.internal.qe0::v2 (2 bytes)
Event: 1214.445 Thread 0x00000289359a1dd0 nmethod 52257 0x0000028924638090 code [0x0000028924638220, 0x00000289246382e8]
Event: 1214.537 Thread 0x00000289359a1dd0 52258       3       com.android.tools.r8.internal.MY::<init> (12 bytes)
Event: 1214.538 Thread 0x00000289359a1dd0 nmethod 52258 0x000002891cfd9110 code [0x000002891cfd92c0, 0x000002891cfd94d0]
Event: 1214.646 Thread 0x000002893599f320 nmethod 52247 0x0000028926bc8110 code [0x0000028926bc8960, 0x0000028926bce590]
Event: 1214.646 Thread 0x000002893599f320 52259       4       com.android.tools.r8.ir.optimize.z::a (1439 bytes)
Event: 1214.828 Thread 0x00000289359a1dd0 52262       3       com.android.tools.r8.internal.P5::a (42 bytes)
Event: 1214.829 Thread 0x00000289359a1dd0 nmethod 52262 0x000002891d10af10 code [0x000002891d10b140, 0x000002891d10b7d0]

GC Heap History (20 events):
Event: 1188.297 GC heap after
{Heap after GC invocations=164 (full 0):
 garbage-first heap   total 3416064K, used 980409K [0x0000000680000000, 0x0000000800000000)
  region size 4096K, 3 young (12288K), 3 survivors (12288K)
 Metaspace       used 218895K, committed 222016K, reserved 1245184K
  class space    used 28949K, committed 30400K, reserved 1048576K
}
Event: 1192.909 GC heap before
{Heap before GC invocations=164 (full 0):
 garbage-first heap   total 3416064K, used 1131961K [0x0000000680000000, 0x0000000800000000)
  region size 4096K, 41 young (167936K), 3 survivors (12288K)
 Metaspace       used 218898K, committed 222016K, reserved 1245184K
  class space    used 28949K, committed 30400K, reserved 1048576K
}
Event: 1193.376 GC heap after
{Heap after GC invocations=165 (full 0):
 garbage-first heap   total 3416064K, used 984258K [0x0000000680000000, 0x0000000800000000)
  region size 4096K, 4 young (16384K), 4 survivors (16384K)
 Metaspace       used 218898K, committed 222016K, reserved 1245184K
  class space    used 28949K, committed 30400K, reserved 1048576K
}
Event: 1195.960 GC heap before
{Heap before GC invocations=165 (full 0):
 garbage-first heap   total 3416064K, used 1135810K [0x0000000680000000, 0x0000000800000000)
  region size 4096K, 41 young (167936K), 4 survivors (16384K)
 Metaspace       used 218908K, committed 222016K, reserved 1245184K
  class space    used 28949K, committed 30400K, reserved 1048576K
}
Event: 1195.996 GC heap after
{Heap after GC invocations=166 (full 0):
 garbage-first heap   total 3416064K, used 984095K [0x0000000680000000, 0x0000000800000000)
  region size 4096K, 4 young (16384K), 4 survivors (16384K)
 Metaspace       used 218908K, committed 222016K, reserved 1245184K
  class space    used 28949K, committed 30400K, reserved 1048576K
}
Event: 1198.086 GC heap before
{Heap before GC invocations=166 (full 0):
 garbage-first heap   total 3416064K, used 1131551K [0x0000000680000000, 0x0000000800000000)
  region size 4096K, 41 young (167936K), 4 survivors (16384K)
 Metaspace       used 218917K, committed 222016K, reserved 1245184K
  class space    used 28950K, committed 30400K, reserved 1048576K
}
Event: 1198.121 GC heap after
{Heap after GC invocations=167 (full 0):
 garbage-first heap   total 3416064K, used 985579K [0x0000000680000000, 0x0000000800000000)
  region size 4096K, 4 young (16384K), 4 survivors (16384K)
 Metaspace       used 218917K, committed 222016K, reserved 1245184K
  class space    used 28950K, committed 30400K, reserved 1048576K
}
Event: 1206.074 GC heap before
{Heap before GC invocations=167 (full 0):
 garbage-first heap   total 3276800K, used 1329643K [0x0000000680000000, 0x0000000800000000)
  region size 4096K, 90 young (368640K), 4 survivors (16384K)
 Metaspace       used 218937K, committed 222016K, reserved 1245184K
  class space    used 28951K, committed 30400K, reserved 1048576K
}
Event: 1206.117 GC heap after
{Heap after GC invocations=168 (full 0):
 garbage-first heap   total 3276800K, used 980881K [0x0000000680000000, 0x0000000800000000)
  region size 4096K, 4 young (16384K), 4 survivors (16384K)
 Metaspace       used 218937K, committed 222016K, reserved 1245184K
  class space    used 28951K, committed 30400K, reserved 1048576K
}
Event: 1207.032 GC heap before
{Heap before GC invocations=168 (full 0):
 garbage-first heap   total 3276800K, used 1128337K [0x0000000680000000, 0x0000000800000000)
  region size 4096K, 40 young (163840K), 4 survivors (16384K)
 Metaspace       used 218944K, committed 222016K, reserved 1245184K
  class space    used 28952K, committed 30400K, reserved 1048576K
}
Event: 1207.447 GC heap after
{Heap after GC invocations=169 (full 0):
 garbage-first heap   total 3276800K, used 980884K [0x0000000680000000, 0x0000000800000000)
  region size 4096K, 3 young (12288K), 3 survivors (12288K)
 Metaspace       used 218944K, committed 222016K, reserved 1245184K
  class space    used 28952K, committed 30400K, reserved 1048576K
}
Event: 1208.480 GC heap before
{Heap before GC invocations=169 (full 0):
 garbage-first heap   total 3276800K, used 1128340K [0x0000000680000000, 0x0000000800000000)
  region size 4096K, 40 young (163840K), 3 survivors (12288K)
 Metaspace       used 218950K, committed 222016K, reserved 1245184K
  class space    used 28952K, committed 30400K, reserved 1048576K
}
Event: 1208.543 GC heap after
{Heap after GC invocations=170 (full 0):
 garbage-first heap   total 3276800K, used 981909K [0x0000000680000000, 0x0000000800000000)
  region size 4096K, 3 young (12288K), 3 survivors (12288K)
 Metaspace       used 218950K, committed 222016K, reserved 1245184K
  class space    used 28952K, committed 30400K, reserved 1048576K
}
Event: 1209.275 GC heap before
{Heap before GC invocations=170 (full 0):
 garbage-first heap   total 3276800K, used 1133461K [0x0000000680000000, 0x0000000800000000)
  region size 4096K, 40 young (163840K), 3 survivors (12288K)
 Metaspace       used 218957K, committed 222080K, reserved 1245184K
  class space    used 28952K, committed 30400K, reserved 1048576K
}
Event: 1209.315 GC heap after
{Heap after GC invocations=171 (full 0):
 garbage-first heap   total 3276800K, used 983094K [0x0000000680000000, 0x0000000800000000)
  region size 4096K, 3 young (12288K), 3 survivors (12288K)
 Metaspace       used 218957K, committed 222080K, reserved 1245184K
  class space    used 28952K, committed 30400K, reserved 1048576K
}
Event: 1212.065 GC heap before
{Heap before GC invocations=171 (full 0):
 garbage-first heap   total 3276800K, used 1138742K [0x0000000680000000, 0x0000000800000000)
  region size 4096K, 42 young (172032K), 3 survivors (12288K)
 Metaspace       used 218961K, committed 222080K, reserved 1245184K
  class space    used 28952K, committed 30400K, reserved 1048576K
}
Event: 1212.091 GC heap after
{Heap after GC invocations=172 (full 0):
 garbage-first heap   total 3276800K, used 983578K [0x0000000680000000, 0x0000000800000000)
  region size 4096K, 3 young (12288K), 3 survivors (12288K)
 Metaspace       used 218961K, committed 222080K, reserved 1245184K
  class space    used 28952K, committed 30400K, reserved 1048576K
}
Event: 1214.002 GC heap before
{Heap before GC invocations=173 (full 0):
 garbage-first heap   total 3276800K, used 1135130K [0x0000000680000000, 0x0000000800000000)
  region size 4096K, 40 young (163840K), 3 survivors (12288K)
 Metaspace       used 218965K, committed 222080K, reserved 1245184K
  class space    used 28952K, committed 30400K, reserved 1048576K
}
Event: 1214.112 GC heap after
{Heap after GC invocations=174 (full 0):
 garbage-first heap   total 3276800K, used 984739K [0x0000000680000000, 0x0000000800000000)
  region size 4096K, 3 young (12288K), 3 survivors (12288K)
 Metaspace       used 218965K, committed 222080K, reserved 1245184K
  class space    used 28952K, committed 30400K, reserved 1048576K
}
Event: 1214.867 GC heap before
{Heap before GC invocations=174 (full 0):
 garbage-first heap   total 3276800K, used 1136291K [0x0000000680000000, 0x0000000800000000)
  region size 4096K, 40 young (163840K), 3 survivors (12288K)
 Metaspace       used 218965K, committed 222080K, reserved 1245184K
  class space    used 28952K, committed 30400K, reserved 1048576K
}

Dll operation events (3 events):
Event: 0.017 Loaded shared library C:\Program Files\Android\Android Studio1\jbr\bin\java.dll
Event: 0.023 Loaded shared library C:\Program Files\Android\Android Studio1\jbr\bin\zip.dll
Event: 1.172 Loaded shared library C:\Program Files\Android\Android Studio1\jbr\bin\verify.dll

Deoptimization events (20 events):
Event: 1212.970 Thread 0x0000028947bbcef0 DEOPT PACKING pc=0x00000289260caea0 sp=0x000000ba2bbfe940
Event: 1212.970 Thread 0x0000028947bbcef0 DEOPT UNPACKING pc=0x0000028924074422 sp=0x000000ba2bbfe928 mode 2
Event: 1212.971 Thread 0x0000028947bbcef0 Uncommon trap: trap_request=0xffffff45 fr.pc=0x00000289271a12ec relative=0x000000000000958c
Event: 1212.972 Thread 0x0000028947bbcef0 Uncommon trap: reason=unstable_if action=reinterpret pc=0x00000289271a12ec method=com.android.tools.r8.internal.KA.a(Lcom/android/tools/r8/internal/FA;Lcom/android/tools/r8/internal/F30;Lcom/android/tools/r8/internal/bW$a;Lcom/android/tools/r8/internal/yW
Event: 1212.972 Thread 0x0000028947bbcef0 DEOPT PACKING pc=0x00000289271a12ec sp=0x000000ba2bbfeb00
Event: 1212.972 Thread 0x0000028947bbcef0 DEOPT UNPACKING pc=0x0000028924074422 sp=0x000000ba2bbfeae0 mode 2
Event: 1213.324 Thread 0x0000028947bbc860 DEOPT PACKING pc=0x000002891d306aa3 sp=0x000000ba2b8fe4a0
Event: 1213.324 Thread 0x0000028947bbc860 DEOPT UNPACKING pc=0x0000028924074bc2 sp=0x000000ba2b8fda20 mode 0
Event: 1213.358 Thread 0x0000028947bbc860 Uncommon trap: trap_request=0xffffff45 fr.pc=0x0000028924cb04c8 relative=0x0000000000000d68
Event: 1213.358 Thread 0x0000028947bbc860 Uncommon trap: reason=unstable_if action=reinterpret pc=0x0000028924cb04c8 method=com.android.tools.r8.internal.Ct0.u()Z @ 25 c2
Event: 1213.358 Thread 0x0000028947bbc860 DEOPT PACKING pc=0x0000028924cb04c8 sp=0x000000ba2b8fe4c0
Event: 1213.358 Thread 0x0000028947bbc860 DEOPT UNPACKING pc=0x0000028924074422 sp=0x000000ba2b8fe3b0 mode 2
Event: 1214.268 Thread 0x0000028947bbc860 Uncommon trap: trap_request=0xffffff45 fr.pc=0x0000028924901608 relative=0x0000000000001788
Event: 1214.268 Thread 0x0000028947bbc860 Uncommon trap: reason=unstable_if action=reinterpret pc=0x0000028924901608 method=com.android.tools.r8.ir.optimize.m0.<init>(ILcom/android/tools/r8/ir/optimize/m0;)V @ 63 c2
Event: 1214.268 Thread 0x0000028947bbc860 DEOPT PACKING pc=0x0000028924901608 sp=0x000000ba2b8fe4b0
Event: 1214.268 Thread 0x0000028947bbc860 DEOPT UNPACKING pc=0x0000028924074422 sp=0x000000ba2b8fe488 mode 2
Event: 1214.280 Thread 0x0000028947bbcef0 Uncommon trap: trap_request=0xffffffde fr.pc=0x00000289261ce430 relative=0x0000000000002c70
Event: 1214.280 Thread 0x0000028947bbcef0 Uncommon trap: reason=class_check action=maybe_recompile pc=0x00000289261ce430 method=com.android.tools.r8.internal.yv.a(Lcom/android/tools/r8/internal/PY;Lcom/android/tools/r8/graph/I2;Lcom/android/tools/r8/graph/H5;)V @ 91 c2
Event: 1214.280 Thread 0x0000028947bbcef0 DEOPT PACKING pc=0x00000289261ce430 sp=0x000000ba2bbfe620
Event: 1214.280 Thread 0x0000028947bbcef0 DEOPT UNPACKING pc=0x0000028924074422 sp=0x000000ba2bbfe570 mode 2

Classes loaded (20 events):
Event: 761.621 Loading class java/util/IdentityHashMap$ValueIterator
Event: 761.621 Loading class java/util/IdentityHashMap$ValueIterator done
Event: 978.439 Loading class java/util/ArrayDeque$DescendingIterator
Event: 978.446 Loading class java/util/ArrayDeque$DescendingIterator done
Event: 996.328 Loading class java/util/concurrent/ConcurrentHashMap$KeySpliterator
Event: 996.349 Loading class java/util/concurrent/ConcurrentHashMap$KeySpliterator done
Event: 1103.117 Loading class java/util/IdentityHashMap$EntrySpliterator
Event: 1103.158 Loading class java/util/IdentityHashMap$IdentityHashMapSpliterator
Event: 1103.169 Loading class java/util/IdentityHashMap$IdentityHashMapSpliterator done
Event: 1103.169 Loading class java/util/IdentityHashMap$EntrySpliterator done
Event: 1103.264 Loading class java/util/SortedSet$1
Event: 1103.267 Loading class java/util/SortedSet$1 done
Event: 1103.301 Loading class java/util/stream/SliceOps
Event: 1103.306 Loading class java/util/stream/SliceOps done
Event: 1103.306 Loading class java/util/stream/SliceOps$1
Event: 1103.307 Loading class java/util/stream/SliceOps$1 done
Event: 1103.309 Loading class java/util/stream/SliceOps$1$1
Event: 1103.310 Loading class java/util/stream/SliceOps$1$1 done
Event: 1111.503 Loading class java/util/IdentityHashMap$ValueSpliterator
Event: 1111.506 Loading class java/util/IdentityHashMap$ValueSpliterator done

Classes unloaded (20 events):
Event: 565.778 Thread 0x00000289357e87c0 Unloading class 0x00000008018befa8 'jdk/internal/jimage/BasicImageReader$1'
Event: 565.778 Thread 0x00000289357e87c0 Unloading class 0x00000008018bed08 'jdk/internal/jimage/ImageReader$Resource'
Event: 565.778 Thread 0x00000289357e87c0 Unloading class 0x00000008018bea68 'jdk/internal/jimage/ImageReader$LinkNode'
Event: 565.778 Thread 0x00000289357e87c0 Unloading class 0x00000008018be7c8 'jdk/internal/jimage/ImageReader$Directory'
Event: 565.778 Thread 0x00000289357e87c0 Unloading class 0x00000008018be528 'jdk/internal/jimage/ImageReader$Node'
Event: 565.778 Thread 0x00000289357e87c0 Unloading class 0x00000008018be2f8 'jdk/internal/jimage/ImageStrings'
Event: 565.778 Thread 0x00000289357e87c0 Unloading class 0x00000008018be000 'jdk/internal/jimage/ImageReader$SharedImageReader'
Event: 565.778 Thread 0x00000289357e87c0 Unloading class 0x00000008018bdbe0 'jdk/internal/jimage/BasicImageReader'
Event: 565.778 Thread 0x00000289357e87c0 Unloading class 0x00000008018bd988 'jdk/internal/jimage/ImageReader'
Event: 565.778 Thread 0x00000289357e87c0 Unloading class 0x00000008018bd728 'jdk/internal/jrtfs/SystemImage$2'
Event: 565.778 Thread 0x00000289357e87c0 Unloading class 0x00000008018bd4d8 'jdk/internal/jrtfs/SystemImage$$Lambda+0x00000008018bd4d8'
Event: 565.778 Thread 0x00000289357e87c0 Unloading class 0x00000008018bd270 'jdk/internal/jrtfs/ExplodedImage'
Event: 565.778 Thread 0x00000289357e87c0 Unloading class 0x00000008018bd000 'jdk/internal/jrtfs/SystemImage$1'
Event: 565.778 Thread 0x00000289357e87c0 Unloading class 0x00000008018bcca0 'jdk/internal/jrtfs/SystemImage'
Event: 565.778 Thread 0x00000289357e87c0 Unloading class 0x00000008018bca08 'jdk/internal/jrtfs/JrtFileStore'
Event: 565.778 Thread 0x00000289357e87c0 Unloading class 0x00000008018bc658 'jdk/internal/jrtfs/JrtPath'
Event: 565.778 Thread 0x00000289357e87c0 Unloading class 0x00000008018bc328 'jdk/internal/jrtfs/JrtFileSystem'
Event: 565.778 Thread 0x00000289357e87c0 Unloading class 0x00000008018bc000 'jdk/internal/jrtfs/JrtFileSystemProvider'
Event: 1074.619 Thread 0x00000289357e87c0 Unloading class 0x0000000801c7cc00 'java/lang/invoke/LambdaForm$MH+0x0000000801c7cc00'
Event: 1199.412 Thread 0x00000289357e87c0 Unloading class 0x0000000801d70000 'java/lang/invoke/LambdaForm$DMH+0x0000000801d70000'

Classes redefined (0 events):
No events

Internal exceptions (20 events):
Event: 1213.735 Thread 0x00000289538980d0 Exception <a 'sun/nio/fs/WindowsException'{0x000000073cb6c168}> (0x000000073cb6c168) 
thrown [s\src\hotspot\share\prims\jni.cpp, line 537]
Event: 1213.737 Thread 0x00000289538980d0 Exception <a 'sun/nio/fs/WindowsException'{0x000000073cb836e8}> (0x000000073cb836e8) 
thrown [s\src\hotspot\share\prims\jni.cpp, line 537]
Event: 1213.741 Thread 0x00000289538980d0 Exception <a 'sun/nio/fs/WindowsException'{0x000000073c407b40}> (0x000000073c407b40) 
thrown [s\src\hotspot\share\prims\jni.cpp, line 537]
Event: 1213.826 Thread 0x0000028953896d20 Exception <a 'sun/nio/fs/WindowsException'{0x000000073d474668}> (0x000000073d474668) 
thrown [s\src\hotspot\share\prims\jni.cpp, line 537]
Event: 1213.828 Thread 0x0000028953896d20 Exception <a 'sun/nio/fs/WindowsException'{0x000000073b9919d8}> (0x000000073b9919d8) 
thrown [s\src\hotspot\share\prims\jni.cpp, line 537]
Event: 1213.830 Thread 0x0000028953896d20 Exception <a 'sun/nio/fs/WindowsException'{0x000000073b99b658}> (0x000000073b99b658) 
thrown [s\src\hotspot\share\prims\jni.cpp, line 537]
Event: 1213.833 Thread 0x0000028953896d20 Exception <a 'sun/nio/fs/WindowsException'{0x000000073b9a5280}> (0x000000073b9a5280) 
thrown [s\src\hotspot\share\prims\jni.cpp, line 537]
Event: 1213.835 Thread 0x0000028953896d20 Exception <a 'sun/nio/fs/WindowsException'{0x000000073b9aee20}> (0x000000073b9aee20) 
thrown [s\src\hotspot\share\prims\jni.cpp, line 537]
Event: 1213.840 Thread 0x0000028953896d20 Exception <a 'sun/nio/fs/WindowsException'{0x000000073b9ca8a0}> (0x000000073b9ca8a0) 
thrown [s\src\hotspot\share\prims\jni.cpp, line 537]
Event: 1213.956 Thread 0x000002893b547f50 Exception <a 'sun/nio/fs/WindowsException'{0x000000073cb1abd0}> (0x000000073cb1abd0) 
thrown [s\src\hotspot\share\prims\jni.cpp, line 537]
Event: 1214.379 Thread 0x00000289538980d0 Exception <a 'sun/nio/fs/WindowsException'{0x0000000743957500}> (0x0000000743957500) 
thrown [s\src\hotspot\share\prims\jni.cpp, line 537]
Event: 1214.381 Thread 0x00000289538980d0 Exception <a 'sun/nio/fs/WindowsException'{0x000000074395d030}> (0x000000074395d030) 
thrown [s\src\hotspot\share\prims\jni.cpp, line 537]
Event: 1214.385 Thread 0x00000289538980d0 Exception <a 'sun/nio/fs/WindowsException'{0x0000000743966f00}> (0x0000000743966f00) 
thrown [s\src\hotspot\share\prims\jni.cpp, line 537]
Event: 1214.554 Thread 0x0000028953896d20 Exception <a 'sun/nio/fs/WindowsException'{0x00000007ffefd788}> (0x00000007ffefd788) 
thrown [s\src\hotspot\share\prims\jni.cpp, line 537]
Event: 1214.558 Thread 0x0000028953896d20 Exception <a 'sun/nio/fs/WindowsException'{0x000000073e959a50}> (0x000000073e959a50) 
thrown [s\src\hotspot\share\prims\jni.cpp, line 537]
Event: 1214.652 Thread 0x000002893b547f50 Exception <a 'sun/nio/fs/WindowsException'{0x000000073dd59dd0}> (0x000000073dd59dd0) 
thrown [s\src\hotspot\share\prims\jni.cpp, line 537]
Event: 1214.744 Thread 0x000002893b547f50 Exception <a 'sun/nio/fs/WindowsException'{0x000000073dd5d380}> (0x000000073dd5d380) 
thrown [s\src\hotspot\share\prims\jni.cpp, line 537]
Event: 1214.744 Thread 0x000002893b547f50 Exception <a 'sun/nio/fs/WindowsException'{0x000000073dd5ed28}> (0x000000073dd5ed28) 
thrown [s\src\hotspot\share\prims\jni.cpp, line 537]
Event: 1214.745 Thread 0x000002893b547f50 Exception <a 'sun/nio/fs/WindowsException'{0x000000073dd603e0}> (0x000000073dd603e0) 
thrown [s\src\hotspot\share\prims\jni.cpp, line 537]
Event: 1214.821 Thread 0x00000289538980d0 Exception <a 'sun/nio/fs/WindowsException'{0x0000000743970ab8}> (0x0000000743970ab8) 
thrown [s\src\hotspot\share\prims\jni.cpp, line 537]

ZGC Phase Switch (0 events):
No events

VM Operations (20 events):
Event: 1206.117 Executing safepoint VM operation: G1CollectForAllocation (G1 Evacuation Pause) done
Event: 1206.736 Executing safepoint VM operation: G1CollectForAllocation (G1 Evacuation Pause)
Event: 1207.448 Executing safepoint VM operation: G1CollectForAllocation (G1 Evacuation Pause) done
Event: 1207.818 Executing safepoint VM operation: G1CollectForAllocation (G1 Evacuation Pause)
Event: 1208.543 Executing safepoint VM operation: G1CollectForAllocation (G1 Evacuation Pause) done
Event: 1209.220 Executing safepoint VM operation: G1CollectForAllocation (G1 Evacuation Pause)
Event: 1209.315 Executing safepoint VM operation: G1CollectForAllocation (G1 Evacuation Pause) done
Event: 1210.315 Executing safepoint VM operation: Cleanup
Event: 1210.357 Executing safepoint VM operation: Cleanup done
Event: 1211.358 Executing safepoint VM operation: Cleanup
Event: 1211.425 Executing safepoint VM operation: Cleanup done
Event: 1211.832 Executing safepoint VM operation: G1CollectForAllocation (G1 Evacuation Pause)
Event: 1212.091 Executing safepoint VM operation: G1CollectForAllocation (G1 Evacuation Pause) done
Event: 1213.093 Executing safepoint VM operation: Cleanup
Event: 1213.111 Executing safepoint VM operation: Cleanup done
Event: 1213.846 Executing safepoint VM operation: G1PauseCleanup
Event: 1213.901 Executing safepoint VM operation: G1PauseCleanup done
Event: 1214.002 Executing safepoint VM operation: G1CollectForAllocation (G1 Evacuation Pause)
Event: 1214.113 Executing safepoint VM operation: G1CollectForAllocation (G1 Evacuation Pause) done
Event: 1214.861 Executing safepoint VM operation: G1CollectForAllocation (G1 Evacuation Pause)

Memory protections (0 events):
No events

Nmethod flushes (20 events):
Event: 1202.676 Thread 0x00000289357e87c0 flushing  nmethod 0x0000028920242390
Event: 1202.676 Thread 0x00000289357e87c0 flushing  nmethod 0x00000289204a5e90
Event: 1202.676 Thread 0x00000289357e87c0 flushing  nmethod 0x00000289204a9090
Event: 1202.676 Thread 0x00000289357e87c0 flushing  nmethod 0x00000289204aa410
Event: 1202.676 Thread 0x00000289357e87c0 flushing  nmethod 0x00000289204efa90
Event: 1202.676 Thread 0x00000289357e87c0 flushing  nmethod 0x00000289204eff10
Event: 1202.676 Thread 0x00000289357e87c0 flushing  nmethod 0x00000289204f0c10
Event: 1202.676 Thread 0x00000289357e87c0 flushing  nmethod 0x00000289204f9410
Event: 1202.676 Thread 0x00000289357e87c0 flushing  nmethod 0x0000028920502010
Event: 1202.676 Thread 0x00000289357e87c0 flushing  nmethod 0x0000028920502c10
Event: 1202.676 Thread 0x00000289357e87c0 flushing  nmethod 0x0000028920503790
Event: 1202.676 Thread 0x00000289357e87c0 flushing  nmethod 0x0000028920505410
Event: 1202.676 Thread 0x00000289357e87c0 flushing  nmethod 0x0000028920506290
Event: 1202.676 Thread 0x00000289357e87c0 flushing  nmethod 0x0000028920506710
Event: 1202.676 Thread 0x00000289357e87c0 flushing  nmethod 0x0000028920506f90
Event: 1202.676 Thread 0x00000289357e87c0 flushing  nmethod 0x0000028920508210
Event: 1202.676 Thread 0x00000289357e87c0 flushing  nmethod 0x000002892050af90
Event: 1202.676 Thread 0x00000289357e87c0 flushing  nmethod 0x000002892050c690
Event: 1202.676 Thread 0x00000289357e87c0 flushing  nmethod 0x000002892050da10
Event: 1202.676 Thread 0x00000289357e87c0 flushing  nmethod 0x000002892050eb90

Events (20 events):
Event: 1126.078 Thread 0x000002893599f320 Thread added: 0x0000028952af88f0
Event: 1126.229 Thread 0x0000028952af88f0 Thread exited: 0x0000028952af88f0
Event: 1126.304 Thread 0x00000289359a1dd0 Thread added: 0x0000028952af6db0
Event: 1127.132 Thread 0x0000028952af6db0 Thread exited: 0x0000028952af6db0
Event: 1128.168 Thread 0x00000289359a1dd0 Thread added: 0x0000028952af5940
Event: 1128.232 Thread 0x000002894fcb8da0 Thread exited: 0x000002894fcb8da0
Event: 1128.554 Thread 0x0000028952af5940 Thread exited: 0x0000028952af5940
Event: 1130.375 Thread 0x00000289359a1dd0 Thread added: 0x0000028952af5940
Event: 1131.687 Thread 0x0000028952af5940 Thread exited: 0x0000028952af5940
Event: 1131.880 Thread 0x00000289359a1dd0 Thread added: 0x0000028952af5940
Event: 1133.928 Thread 0x0000028952af5940 Thread exited: 0x0000028952af5940
Event: 1134.129 Thread 0x00000289359a1dd0 Thread added: 0x0000028952af6db0
Event: 1137.367 Thread 0x0000028952af6db0 Thread exited: 0x0000028952af6db0
Event: 1147.492 Thread 0x000002893599f320 Thread added: 0x0000028952af6db0
Event: 1150.712 Thread 0x0000028952af6db0 Thread exited: 0x0000028952af6db0
Event: 1175.877 Thread 0x0000028947e6d140 Thread added: 0x000002895389aec0
Event: 1187.417 Thread 0x0000028948d0ea10 Thread exited: 0x0000028948d0ea10
Event: 1187.417 Thread 0x0000028948d0e380 Thread exited: 0x0000028948d0e380
Event: 1198.703 Thread 0x0000028948d0cfd0 Thread added: 0x0000028953896d20
Event: 1214.513 Thread 0x0000028948d05320 Thread exited: 0x0000028948d05320


Dynamic libraries:
0x00007ff7c4af0000 - 0x00007ff7c4afa000 	C:\Program Files\Android\Android Studio1\jbr\bin\java.exe
0x00007ffdcd680000 - 0x00007ffdcd889000 	C:\Windows\SYSTEM32\ntdll.dll
0x00007ffdcb9e0000 - 0x00007ffdcba9d000 	C:\Windows\System32\KERNEL32.DLL
0x00007ffdcb020000 - 0x00007ffdcb3a4000 	C:\Windows\System32\KERNELBASE.dll
0x00007ffdcb3b0000 - 0x00007ffdcb4c1000 	C:\Windows\System32\ucrtbase.dll
0x00007ffdc2a80000 - 0x00007ffdc2a98000 	C:\Program Files\Android\Android Studio1\jbr\bin\jli.dll
0x00007ffdc2990000 - 0x00007ffdc29ab000 	C:\Program Files\Android\Android Studio1\jbr\bin\VCRUNTIME140.dll
0x00007ffdcbb10000 - 0x00007ffdcbcbd000 	C:\Windows\System32\USER32.dll
0x00007ffdbb5b0000 - 0x00007ffdbb855000 	C:\Windows\WinSxS\amd64_microsoft.windows.common-controls_6595b64144ccf1df_6.0.22000.120_none_9d947278b86cc467\COMCTL32.dll
0x00007ffdcaf50000 - 0x00007ffdcaf76000 	C:\Windows\System32\win32u.dll
0x00007ffdcbcc0000 - 0x00007ffdcbd63000 	C:\Windows\System32\msvcrt.dll
0x00007ffdcd610000 - 0x00007ffdcd63a000 	C:\Windows\System32\GDI32.dll
0x00007ffdcab10000 - 0x00007ffdcac2e000 	C:\Windows\System32\gdi32full.dll
0x00007ffdcaf80000 - 0x00007ffdcb01d000 	C:\Windows\System32\msvcp_win.dll
0x00007ffdcd1e0000 - 0x00007ffdcd211000 	C:\Windows\System32\IMM32.DLL
0x00007ffdc6d40000 - 0x00007ffdc6d4c000 	C:\Program Files\Android\Android Studio1\jbr\bin\vcruntime140_1.dll
0x00007ffdb2c00000 - 0x00007ffdb2c8d000 	C:\Program Files\Android\Android Studio1\jbr\bin\msvcp140.dll
0x00007ffd88470000 - 0x00007ffd89106000 	C:\Program Files\Android\Android Studio1\jbr\bin\server\jvm.dll
0x00007ffdcbd70000 - 0x00007ffdcbe1e000 	C:\Windows\System32\ADVAPI32.dll
0x00007ffdcc2a0000 - 0x00007ffdcc33e000 	C:\Windows\System32\sechost.dll
0x00007ffdcbfe0000 - 0x00007ffdcc101000 	C:\Windows\System32\RPCRT4.dll
0x00007ffdcbaa0000 - 0x00007ffdcbb0f000 	C:\Windows\System32\WS2_32.dll
0x00007ffdca9e0000 - 0x00007ffdcaa2d000 	C:\Windows\SYSTEM32\POWRPROF.dll
0x00007ffdc4a90000 - 0x00007ffdc4ac3000 	C:\Windows\SYSTEM32\WINMM.dll
0x00007ffdc8880000 - 0x00007ffdc888a000 	C:\Windows\SYSTEM32\VERSION.dll
0x00007ffdca9c0000 - 0x00007ffdca9d3000 	C:\Windows\SYSTEM32\UMPDC.dll
0x00007ffdc9b40000 - 0x00007ffdc9b58000 	C:\Windows\SYSTEM32\kernel.appcore.dll
0x00007ffdc6ba0000 - 0x00007ffdc6baa000 	C:\Program Files\Android\Android Studio1\jbr\bin\jimage.dll
0x00007ffdb9310000 - 0x00007ffdb9531000 	C:\Windows\SYSTEM32\DBGHELP.DLL
0x00007ffdb87d0000 - 0x00007ffdb8801000 	C:\Windows\SYSTEM32\dbgcore.DLL
0x00007ffdcada0000 - 0x00007ffdcae1f000 	C:\Windows\System32\bcryptPrimitives.dll
0x00007ffdc1960000 - 0x00007ffdc196e000 	C:\Program Files\Android\Android Studio1\jbr\bin\instrument.dll
0x00007ffdc1840000 - 0x00007ffdc1860000 	C:\Program Files\Android\Android Studio1\jbr\bin\java.dll
0x00007ffdc1820000 - 0x00007ffdc1838000 	C:\Program Files\Android\Android Studio1\jbr\bin\zip.dll
0x00007ffdcc920000 - 0x00007ffdcd0e5000 	C:\Windows\System32\SHELL32.dll
0x00007ffdc8ba0000 - 0x00007ffdc9402000 	C:\Windows\SYSTEM32\windows.storage.dll
0x00007ffdcb660000 - 0x00007ffdcb9d6000 	C:\Windows\System32\combase.dll
0x00007ffdc8a30000 - 0x00007ffdc8b97000 	C:\Windows\SYSTEM32\wintypes.dll
0x00007ffdcc190000 - 0x00007ffdcc27a000 	C:\Windows\System32\SHCORE.dll
0x00007ffdcc8b0000 - 0x00007ffdcc90d000 	C:\Windows\System32\shlwapi.dll
0x00007ffdcaa40000 - 0x00007ffdcaa65000 	C:\Windows\SYSTEM32\profapi.dll
0x00007ffdc56e0000 - 0x00007ffdc56f0000 	C:\Program Files\Android\Android Studio1\jbr\bin\net.dll
0x00007ffdc8760000 - 0x00007ffdc8874000 	C:\Windows\SYSTEM32\WINHTTP.dll
0x00007ffdc9fe0000 - 0x00007ffdca047000 	C:\Windows\system32\mswsock.dll
0x00007ffdc1680000 - 0x00007ffdc1696000 	C:\Program Files\Android\Android Studio1\jbr\bin\nio.dll
0x00007ffdc43b0000 - 0x00007ffdc43c0000 	C:\Program Files\Android\Android Studio1\jbr\bin\verify.dll
0x00007ffdbb300000 - 0x00007ffdbb327000 	C:\Users\u\.gradle\native\1def1411415f61bf3af743bc5b6707747c0891f09f0c88961ee8f79bc544acac\windows-amd64\native-platform.dll
0x000000005df00000 - 0x000000005df73000 	C:\Users\u\.gradle\native\0.2.5\x86_64-windows-gnu\gradle-fileevents.dll
0x00007ffdc4140000 - 0x00007ffdc4149000 	C:\Program Files\Android\Android Studio1\jbr\bin\management.dll
0x00007ffdc4110000 - 0x00007ffdc411b000 	C:\Program Files\Android\Android Studio1\jbr\bin\management_ext.dll
0x00007ffdcd390000 - 0x00007ffdcd398000 	C:\Windows\System32\PSAPI.DLL
0x00007ffdca320000 - 0x00007ffdca338000 	C:\Windows\SYSTEM32\CRYPTSP.dll
0x00007ffdc9aa0000 - 0x00007ffdc9ad5000 	C:\Windows\system32\rsaenh.dll
0x00007ffdca080000 - 0x00007ffdca0ac000 	C:\Windows\SYSTEM32\USERENV.dll
0x00007ffdca460000 - 0x00007ffdca487000 	C:\Windows\SYSTEM32\bcrypt.dll
0x00007ffdca1d0000 - 0x00007ffdca1dc000 	C:\Windows\SYSTEM32\CRYPTBASE.dll
0x00007ffdc9660000 - 0x00007ffdc968d000 	C:\Windows\SYSTEM32\IPHLPAPI.DLL
0x00007ffdcc910000 - 0x00007ffdcc919000 	C:\Windows\System32\NSI.dll
0x00007ffdc40f0000 - 0x00007ffdc40f9000 	C:\Program Files\Android\Android Studio1\jbr\bin\extnet.dll
0x00007ffdc16d0000 - 0x00007ffdc16d8000 	C:\Windows\system32\wshunix.dll
0x000000005de80000 - 0x000000005def3000 	C:\Users\u\AppData\Local\Temp\native-platform1996276988128487823dir\gradle-fileevents.dll
0x00007ffdc9690000 - 0x00007ffdc9777000 	C:\Windows\SYSTEM32\DNSAPI.dll
0x00007ffdbfd70000 - 0x00007ffdbfd7a000 	C:\Windows\System32\rasadhlp.dll
0x00007ffdc0ea0000 - 0x00007ffdc0f21000 	C:\Windows\System32\fwpuclnt.dll
0x00007ffd815d0000 - 0x00007ffd815e7000 	C:\Windows\system32\napinsp.dll
0x00007ffd7c430000 - 0x00007ffd7c44b000 	C:\Windows\system32\pnrpnsp.dll
0x00007ffd7c410000 - 0x00007ffd7c422000 	C:\Windows\System32\winrnr.dll
0x00007ffdc18f0000 - 0x00007ffdc1905000 	C:\Windows\system32\wshbth.dll
0x00007ffdc4380000 - 0x00007ffdc439f000 	C:\Windows\system32\nlansp_c.dll
0x00007ffdc9b60000 - 0x00007ffdc9b94000 	C:\Windows\SYSTEM32\ntmarta.dll
0x00007ffdc6dd0000 - 0x00007ffdc6dd7000 	C:\Program Files\Android\Android Studio1\jbr\bin\rmi.dll

JVMTI agents:
C:\Users\u\.gradle\wrapper\dists\gradle-8.12-all\ejduaidbjup3bmmkhw3rie4zb\gradle-8.12\lib\agents\gradle-instrumentation-agent-8.12.jar path:C:\Program Files\Android\Android Studio1\jbr\bin\instrument.dll, loaded, initialized, instrumentlib options:none

dbghelp: loaded successfully - version: 4.0.5 - missing functions: none
symbol engine: initialized successfully - sym options: 0x614 - pdb path: .;C:\Program Files\Android\Android Studio1\jbr\bin;C:\Windows\SYSTEM32;C:\Windows\WinSxS\amd64_microsoft.windows.common-controls_6595b64144ccf1df_6.0.22000.120_none_9d947278b86cc467;C:\Program Files\Android\Android Studio1\jbr\bin\server;C:\Users\u\.gradle\native\1def1411415f61bf3af743bc5b6707747c0891f09f0c88961ee8f79bc544acac\windows-amd64;C:\Users\u\.gradle\native\0.2.5\x86_64-windows-gnu;C:\Users\u\AppData\Local\Temp\native-platform1996276988128487823dir

VM Arguments:
jvm_args: --add-opens=java.base/java.lang=ALL-UNNAMED --add-opens=java.base/java.lang.invoke=ALL-UNNAMED --add-opens=java.base/java.util=ALL-UNNAMED --add-opens=java.prefs/java.util.prefs=ALL-UNNAMED --add-exports=jdk.compiler/com.sun.tools.javac.api=ALL-UNNAMED --add-exports=jdk.compiler/com.sun.tools.javac.util=ALL-UNNAMED --add-opens=java.base/java.util=ALL-UNNAMED --add-opens=java.prefs/java.util.prefs=ALL-UNNAMED --add-opens=java.base/java.nio.charset=ALL-UNNAMED --add-opens=java.base/java.net=ALL-UNNAMED --add-opens=java.base/java.util.concurrent.atomic=ALL-UNNAMED --add-opens=java.xml/javax.xml.namespace=ALL-UNNAMED -Xmx6144m -Dfile.encoding=UTF-8 -Duser.country=US -Duser.language=en -Duser.variant -javaagent:C:\Users\u\.gradle\wrapper\dists\gradle-8.12-all\ejduaidbjup3bmmkhw3rie4zb\gradle-8.12\lib\agents\gradle-instrumentation-agent-8.12.jar 
java_command: org.gradle.launcher.daemon.bootstrap.GradleDaemon 8.12
java_class_path (initial): C:\Users\u\.gradle\wrapper\dists\gradle-8.12-all\ejduaidbjup3bmmkhw3rie4zb\gradle-8.12\lib\gradle-daemon-main-8.12.jar
Launcher Type: SUN_STANDARD

[Global flags]
     intx CICompilerCount                          = 3                                         {product} {ergonomic}
     uint ConcGCThreads                            = 1                                         {product} {ergonomic}
     uint G1ConcRefinementThreads                  = 4                                         {product} {ergonomic}
   size_t G1HeapRegionSize                         = 4194304                                   {product} {ergonomic}
    uintx GCDrainStackTargetSize                   = 64                                        {product} {ergonomic}
   size_t InitialHeapSize                          = 134217728                                 {product} {ergonomic}
   size_t MarkStackSize                            = 4194304                                   {product} {ergonomic}
   size_t MaxHeapSize                              = 6442450944                                {product} {command line}
   size_t MaxNewSize                               = 3862953984                                {product} {ergonomic}
   size_t MinHeapDeltaBytes                        = 4194304                                   {product} {ergonomic}
   size_t MinHeapSize                              = 8388608                                   {product} {ergonomic}
    uintx NonNMethodCodeHeapSize                   = 5832780                                {pd product} {ergonomic}
    uintx NonProfiledCodeHeapSize                  = 122912730                              {pd product} {ergonomic}
    uintx ProfiledCodeHeapSize                     = 122912730                              {pd product} {ergonomic}
    uintx ReservedCodeCacheSize                    = 251658240                              {pd product} {ergonomic}
     bool SegmentedCodeCache                       = true                                      {product} {ergonomic}
   size_t SoftMaxHeapSize                          = 6442450944                             {manageable} {ergonomic}
     bool UseCompressedOops                        = true                           {product lp64_product} {ergonomic}
     bool UseG1GC                                  = true                                      {product} {ergonomic}
     bool UseLargePagesIndividualAllocation        = false                                  {pd product} {ergonomic}

Logging:
Log output configuration:
 #0: stdout all=warning uptime,level,tags foldmultilines=false
 #1: stderr all=off uptime,level,tags foldmultilines=false

Release file:
JAVA_VERSION="21.0.10" 
MODULES="java.base java.compiler java.datatransfer java.xml java.prefs java.desktop java.instrument java.logging java.management java.security.sasl java.naming java.rmi java.management.rmi java.net.http java.scripting java.security.jgss java.transaction.xa java.sql java.sql.rowset java.xml.crypto java.se java.smartcardio jdk.accessibility jdk.internal.jvmstat jdk.attach jdk.charsets jdk.internal.opt jdk.zipfs jdk.compiler jdk.crypto.ec jdk.crypto.cryptoki jdk.dynalink jdk.hotspot.agent jdk.httpserver jdk.internal.ed jdk.internal.le jdk.internal.vm.ci jdk.jartool jdk.javadoc jdk.jcmd jdk.jdeps jdk.jdwp.agent jdk.jdi jdk.jfr jdk.jlink jdk.jsobject jdk.localedata jdk.management jdk.management.agent jdk.management.jfr jdk.naming.dns jdk.naming.rmi jdk.net jdk.sctp jdk.security.auth jdk.security.jgss jdk.unsupported jdk.unsupported.desktop jdk.xml.dom" 
IMPLEMENTOR="JetBrains s.r.o." 
JAVA_RUNTIME_VERSION="21.0.10+-14961533-b1163.108" 
LIBC="default" 
OS_ARCH="x86_64" 
OS_NAME="Windows" 
SOURCE=".:git:1351622c2ff2" 

Environment Variables:
JAVA_HOME=C:\Program Files\Android\Android Studio1\jbr
CLASSPATH=C:\farm\android\\gradle\wrapper\gradle-wrapper.jar
PATH=C:\Program Files\Android\Android Studio1\jbr\bin;C:\flutter\bin\;c:\Users\u\AppData\Roaming\Code\User\globalStorage\github.copilot-chat\debugCommand;c:\Users\u\AppData\Roaming\Code\User\globalStorage\github.copilot-chat\copilotCli;C:\Program Files\Eclipse Adoptium\jdk-17.0.19.10-hotspot\bin;C:\Program Files\Python314\Scripts\;C:\Program Files\Python314\;C:\Windows\system32;C:\Windows;C:\Windows\System32\Wbem;C:\Windows\System32\WindowsPowerShell\v1.0\;C:\Windows\System32\OpenSSH\;C:\ProgramData\chocolatey\bin;npm prefix -g;C:\Program Files\Git\cmd;C:\xampp19\php;C:\ProgramData\ComposerSetup\bin;c:\programData\ComposerSetup\bin;C:\ProgramData\ComposerSetup\bin;C:\Program Files\nodejs\;C:\Program Files\Docker\Docker\resources\bin;C:\Program Files\Eclipse Adoptium\jdk-17.0.19.10-hotspot\bin;C:\Users\u\AppData\Local\Microsoft\WindowsApps;C:\Users\u\AppData\Local\Programs\Microsoft VS Code\bin;C:\Users\u\AppData\Roaming\Composer\vendor\bin;C:\Users\u\AppData\Roaming\npm;C:\flutter\bin;C:\flutter\bin;C:\Users\u\AppData\Local\PowerToys\DSCModules\;C:\Users\u\AppData\Local\Pub\Cache\bin;C:\Users\u\AppData\Local\Pub\Cache\bin;%JAVA_HOME%\bin;%JAVA_HOME%\bin;;c:\Users\u\.vscode\extensions\ms-python.debugpy-2026.6.0-win32-x64\bundled\scripts\noConfigScriptsc:\Users\u\.vscode\extensions\vscjava.vscode-java-debug-0.59.0\bundled\scripts\noConfigScripts;C:\flutter\bin\mingit\cmd
USERNAME=u
LANG=en_US.UTF-8
OS=Windows_NT
PROCESSOR_IDENTIFIER=Intel64 Family 6 Model 78 Stepping 3, GenuineIntel
TMP=C:\Users\u\AppData\Local\Temp
TEMP=C:\Users\u\AppData\Local\Temp




Periodic native trim disabled

JNI global refs:
JNI global refs: 31, weak refs: 4

JNI global refs memory usage: 835, weak refs: 833

Process memory usage:
Resident Set Size: 1683456K (20% of 8266068K total physical memory with 272616K free physical memory)

OOME stack traces (most recent first):
Classloader memory used:
Loader org.gradle.internal.classloader.VisitableURLClassLoader$InstrumentingVisitableURLClassLoader: 94794K
Loader org.gradle.internal.classloader.VisitableURLClassLoader                         : 51566K
Loader bootstrap                                                                       : 38739K
Loader org.gradle.initialization.MixInLegacyTypesClassLoader                           : 16483K
Loader jdk.internal.loader.ClassLoaders$AppClassLoader                                 : 11037K
Loader org.gradle.groovy.scripts.internal.DefaultScriptCompilationHandler$ScriptClassLoader: 2235K
Loader java.net.URLClassLoader                                                         : 1715K
Loader jdk.internal.loader.ClassLoaders$PlatformClassLoader                            : 1090K
Loader jdk.internal.reflect.DelegatingClassLoader                                      : 774K
Loader org.gradle.internal.classloader.VisitableURLClassLoader                         : 372K
Loader org.codehaus.groovy.runtime.callsite.CallSiteClassLoader                        : 152K
Loader sun.reflect.misc.MethodUtil                                                     : 2984B

Classes loaded by more than one classloader:
Class Program                                                                         : loaded 11 times (x 72B)
Class Build_gradle$1                                                                  : loaded 8 times (x 74B)
Class Build_gradle                                                                    : loaded 8 times (x 130B)
Class Build_gradle$2                                                                  : loaded 7 times (x 74B)
Class Build_gradle$1$1                                                                : loaded 6 times (x 78B)
Class org.gradle.kotlin.dsl.ImplementationConfigurationAccessorsKt                    : loaded 4 times (x 71B)
Class Build_gradle$2$1                                                                : loaded 4 times (x 78B)
Class org.gradle.kotlin.dsl.TestImplementationConfigurationAccessorsKt                : loaded 4 times (x 71B)
Class Build_gradle$3                                                                  : loaded 4 times (x 75B)
Class [Lorg.jetbrains.kotlin.build.report.metrics.GradleBuildTime;                    : loaded 3 times (x 69B)
Class org.jetbrains.kotlin.build.report.metrics.BuildTime                             : loaded 3 times (x 70B)
Class org.jetbrains.kotlin.build.report.metrics.GradleBuildTime$Companion             : loaded 3 times (x 71B)
Class org.jetbrains.kotlin.build.report.metrics.BuildMetricsReporter                  : loaded 3 times (x 70B)
Class org.gradle.kotlin.dsl.Accessors7y9hz5zm5pocrb21isjhik2uhKt                      : loaded 3 times (x 71B)
Class [Lorg.jetbrains.kotlin.build.report.metrics.BuildTime;                          : loaded 3 times (x 69B)
Class org.jetbrains.kotlin.build.report.metrics.GradleBuildTime                       : loaded 3 times (x 86B)
Class com.google.common.cache.LocalCache$ValueIterator                                : loaded 2 times (x 86B)
Class [Lcom.google.common.collect.MapMakerInternalMap$Segment;                        : loaded 2 times (x 69B)
Class com.google.common.io.FileWriteMode                                              : loaded 2 times (x 79B)
Class com.google.common.collect.SortedSetMultimap                                     : loaded 2 times (x 70B)
Class org.jetbrains.kotlin.gradle.plugin.mpp.KotlinVariantWithCoordinates             : loaded 2 times (x 108B)
Class org.jetbrains.kotlin.gradle.tasks.CInteropProcess                               : loaded 2 times (x 347B)
Class org.jetbrains.kotlin.gradle.internal.KotlinDomApiDependencyManagementKt         : loaded 2 times (x 71B)
Class org.jetbrains.kotlin.gradle.plugin.KotlinPluginLifecycleImpl$launch$coroutine$1 : loaded 2 times (x 76B)
Class org.jetbrains.kotlin.gradle.targets.js.npm.NpmDependencyExtensionKt$defaultNpmDependencyDelegate$1: loaded 2 times (x 167B)
Class org.jetbrains.kotlin.gradle.plugin.diagnostics.checkers.MissingNativeStdlibChecker: loaded 2 times (x 74B)
Class org.jetbrains.kotlin.gradle.targets.native.KotilnNativeConfigureBinariesSideEffectKt: loaded 2 times (x 71B)
Class org.jetbrains.kotlin.gradle.plugin.KotlinPlatformType$DisambiguationRule        : loaded 2 times (x 76B)
Class org.jetbrains.kotlin.gradle.plugin.KotlinPlatformType$Companion                 : loaded 2 times (x 71B)
Class org.jetbrains.kotlin.gradle.plugin.internal.ConfigurationCacheStartParameterAccessorKt: loaded 2 times (x 71B)
Class [Lcom.google.common.base.AbstractIterator$State;                                : loaded 2 times (x 69B)
Class com.google.common.base.CharMatcher$IsEither                                     : loaded 2 times (x 111B)
Class org.gradle.internal.classloader.ClassLoaderHierarchy                            : loaded 2 times (x 70B)
Class Build_gradle$3$3                                                                : loaded 2 times (x 79B)
Class build_1frti98c0q2c5wnqpyd58alap                                                 : loaded 2 times (x 180B)
Class com.google.common.collect.AbstractMapBasedMultimap$WrappedCollection            : loaded 2 times (x 124B)
Class org.jetbrains.kotlin.gradle.plugin.hierarchy.KotlinSourceSetTreeClassifierKt    : loaded 2 times (x 71B)
Class org.jetbrains.kotlin.gradle.plugin.mpp.compilationImpl.factory.KotlinCompilationImplFactory$KotlinCompilationSourceSetsContainerFactory: loaded 2 times (x 70B)
Class org.jetbrains.kotlin.gradle.report.UsesBuildMetricsService                      : loaded 2 times (x 70B)
Class org.jetbrains.kotlin.gradle.utils.MutableObservableSet                          : loaded 2 times (x 70B)
Class org.jetbrains.kotlin.gradle.dsl.KotlinHierarchyDsl                              : loaded 2 times (x 70B)
Class org.jetbrains.kotlin.gradle.targets.metadata.KotlinMetadataTargetConfiguratorKt$isNativeSourceSet$2: loaded 2 times (x 95B)
Class org.jetbrains.kotlin.gradle.report.BuildReportType                              : loaded 2 times (x 79B)
Class org.jetbrains.kotlin.statistics.metrics.StringAnonymizationPolicy$AllowedListAnonymizer: loaded 2 times (x 79B)
Class com.google.common.collect.ImmutableEnumSet                                      : loaded 2 times (x 146B)
Class com.google.common.util.concurrent.ExecutionError                                : loaded 2 times (x 82B)
Class com.google.common.collect.ImmutableList$1                                       : loaded 2 times (x 97B)
Class org.gradle.api.internal.classpath.ManifestUtil                                  : loaded 2 times (x 71B)
Class Build_gradle$3$4                                                                : loaded 2 times (x 78B)
Class build_3exi9gzl3e7qqyxk99ub0wkvh$_run_closure1                                   : loaded 2 times (x 139B)
Class build_1frti98c0q2c5wnqpyd58alap$_run_closure1                                   : loaded 2 times (x 139B)
Class com.google.common.io.ByteArrayDataOutput                                        : loaded 2 times (x 70B)
Class org.jetbrains.kotlin.gradle.utils.FutureKt$future$1                             : loaded 2 times (x 95B)
Class org.jetbrains.kotlin.gradle.plugin.mpp.KotlinMetadataCompilation                : loaded 2 times (x 70B)
Class org.jetbrains.kotlin.gradle.plugin.sources.KotlinDependencyScope                : loaded 2 times (x 79B)
Class org.jetbrains.kotlin.gradle.tasks.KotlinCompile$androidLayoutResources$1        : loaded 2 times (x 74B)
Class org.jetbrains.kotlin.gradle.report.GradleBuildMetricsReporter                   : loaded 2 times (x 98B)
Class org.jetbrains.kotlin.gradle.tasks.configuration.AbstractKotlinCompileConfig$1   : loaded 2 times (x 79B)
Class org.jetbrains.kotlin.gradle.plugin.mpp.compilationImpl.KotlinCompilationFriendPathsResolver: loaded 2 times (x 70B)
Class org.jetbrains.kotlin.konan.target.KonanTarget$ANDROID_ARM64                     : loaded 2 times (x 78B)
Class org.jetbrains.kotlin.gradle.artifacts.KotlinNativeHostSpecificMetadataArtifactKt$KotlinNativeHostSpecificMetadataArtifact$1: loaded 2 times (x 74B)
Class org.jetbrains.kotlin.gradle.artifacts.KotlinLegacyMetadataArtifactKt$KotlinLegacyMetadataArtifact$1: loaded 2 times (x 74B)
Class org.jetbrains.kotlin.gradle.plugin.mpp.compilationImpl.KotlinCompilationSideEffect$Companion: loaded 2 times (x 71B)
Class org.jetbrains.kotlin.gradle.plugin.mpp.KotlinUsages$KotlinMetadataDisambiguation: loaded 2 times (x 76B)
Class org.jetbrains.kotlin.gradle.internal.properties.PropertiesBuildService$IntGradleProperty: loaded 2 times (x 76B)
Class com.google.common.collect.RegularImmutableMap                                   : loaded 2 times (x 121B)
Class com.google.common.collect.ImmutableMap$MapViewOfValuesAsSingletonSets           : loaded 2 times (x 125B)
Class Build_gradle$3$5                                                                : loaded 2 times (x 78B)
Class com.google.common.reflect.TypeCapture                                           : loaded 2 times (x 71B)
Class com.google.common.cache.LocalCache$Values                                       : loaded 2 times (x 118B)
Class com.google.common.collect.TransformedListIterator                               : loaded 2 times (x 93B)
Class org.jetbrains.kotlin.gradle.internal.transforms.BuildToolsApiClasspathEntrySnapshotTransform: loaded 2 times (x 82B)
Class org.jetbrains.kotlin.gradle.tasks.AbstractKotlinCompile$compilerRunner$1        : loaded 2 times (x 75B)
Class org.jetbrains.kotlin.gradle.tasks.CacheableTasksKt$cacheOnlyIfEnabledForKotlin$1: loaded 2 times (x 75B)
Class org.jetbrains.kotlin.gradle.tasks.configuration.AbstractKotlinCompileConfig$2   : loaded 2 times (x 79B)
Class org.jetbrains.kotlin.gradle.plugin.mpp.compilationImpl.factory.KotlinCompilationImplFactory$PreConfigure: loaded 2 times (x 70B)
Class org.jetbrains.kotlin.gradle.plugin.KotlinProjectSetupActionKt$KotlinProjectSetupCoroutine$1$1: loaded 2 times (x 95B)
Class org.jetbrains.kotlin.konan.target.KonanTarget$WATCHOS_ARM32                     : loaded 2 times (x 78B)
Class org.jetbrains.kotlin.gradle.targets.js.dsl.KotlinJsTargetDsl                    : loaded 2 times (x 70B)
Class org.jetbrains.kotlin.gradle.plugin.KotlinPluginLifecycleImplKt                  : loaded 2 times (x 71B)
Class org.jetbrains.kotlin.gradle.plugin.diagnostics.checkers.DeprecatedKotlinNativeTargetsChecker$runChecks$1: loaded 2 times (x 88B)
Class org.jetbrains.kotlin.gradle.plugin.KotlinPluginLifecycleImpl$WhenMappings       : loaded 2 times (x 71B)
Class org.jetbrains.kotlin.gradle.dsl.KotlinCommonCompilerToolOptionsHelper           : loaded 2 times (x 71B)
Class org.jetbrains.kotlin.gradle.plugin.KotlinTargetComponent                        : loaded 2 times (x 70B)
Class org.jetbrains.kotlin.gradle.plugin.KotlinGradlePluginExtensionPointInternal     : loaded 2 times (x 76B)
Class org.jetbrains.kotlin.statistics.metrics.StringOverridePolicy$OVERRIDE_VERSION_IF_NOT_SET: loaded 2 times (x 85B)
Class org.jetbrains.kotlin.gradle.plugin.statistics.KotlinBuildStatsBeanService$Companion$initStatsService$1: loaded 2 times (x 79B)
Class org.jetbrains.kotlin.gradle.plugin.VariantImplementationFactories$Companion$getProvider$1: loaded 2 times (x 75B)
Class org.jetbrains.kotlin.gradle.internal.properties.PropertiesBuildService$BooleanGradleProperty: loaded 2 times (x 76B)
Class org.jetbrains.kotlin.gradle.dsl.KotlinProjectExtension                          : loaded 2 times (x 122B)
Class [Lorg.objectweb.asm.Symbol;                                                     : loaded 2 times (x 69B)
Class org.objectweb.asm.ClassVisitor                                                  : loaded 2 times (x 88B)
Class com.google.common.collect.UnmodifiableListIterator                              : loaded 2 times (x 95B)
Class com.google.common.collect.MapMakerInternalMap$StrongKeyDummyValueEntry$LinkedStrongKeyDummyValueEntry: loaded 2 times (x 82B)
Class com.google.common.collect.MapMakerInternalMap$Strength                          : loaded 2 times (x 80B)
Class org.jetbrains.kotlin.gradle.plugin.KotlinPluginLifecycle$ProjectConfigurationResult$Failure: loaded 2 times (x 72B)
Class com.google.common.base.Platform$JdkPatternCompiler                              : loaded 2 times (x 75B)
Class org.jetbrains.kotlin.gradle.plugin.sources.DefaultKotlinSourceSet$MetadataDependencyTransformation: loaded 2 times (x 72B)
Class org.jetbrains.kotlin.gradle.tasks.DefaultKotlinJavaToolchain$Companion          : loaded 2 times (x 71B)
Class org.jetbrains.kotlin.gradle.tasks.DefaultKotlinJavaToolchain                    : loaded 2 times (x 77B)
Class org.jetbrains.kotlin.gradle.targets.native.toolchain.KotlinNativeBundleBuildService$Parameters: loaded 2 times (x 70B)
Class org.jetbrains.kotlin.gradle.targets.native.toolchain.KotlinNativeBundleBuildService: loaded 2 times (x 77B)
Class org.jetbrains.kotlin.gradle.plugin.KotlinGradleBuildServices                    : loaded 2 times (x 80B)
Class [Lorg.jetbrains.kotlin.statistics.ValueAnonymizer;                              : loaded 2 times (x 69B)
Class org.jetbrains.kotlin.gradle.internal.properties.PropertiesBuildService$MemoizedCallable$value$2: loaded 2 times (x 79B)
Class org.objectweb.asm.MethodTooLargeException                                       : loaded 2 times (x 83B)
Class [Lcom.google.common.cache.CacheBuilder$OneWeigher;                              : loaded 2 times (x 69B)
Class com.google.common.base.Suppliers                                                : loaded 2 times (x 71B)
Class org.gradle.internal.classloader.DefaultClassLoaderFactory                       : loaded 2 times (x 82B)
Class kotlin.sequences.SequencesKt___SequencesKt                                      : loaded 2 times (x 71B)
Class kotlin.collections.AbstractList$Companion                                       : loaded 2 times (x 71B)
Class org.apache.commons.io.file.PathUtils                                            : loaded 2 times (x 71B)
Class com.google.common.collect.ImmutableSortedMapFauxverideShim                      : loaded 2 times (x 120B)
Class [Lcom.google.common.collect.AbstractIterator$State;                             : loaded 2 times (x 69B)
Class com.google.common.io.ByteSource$ConcatenatedByteSource                          : loaded 2 times (x 85B)
Class com.google.common.collect.ReverseNaturalOrdering                                : loaded 2 times (x 114B)
Class org.jetbrains.kotlin.gradle.plugin.PropertiesProvider$kotlinCompilerArgumentsLogLevel$1: loaded 2 times (x 74B)
Class org.jetbrains.kotlin.compilerRunner.CompilerSystemPropertiesService$Parameters_Decorated: loaded 2 times (x 134B)
Class org.jetbrains.kotlin.gradle.plugin.KotlinTargetWithTests                        : loaded 2 times (x 70B)
Class org.jetbrains.kotlin.gradle.plugin.diagnostics.ToolingDiagnosticRenderingOptions: loaded 2 times (x 72B)
Class [Lorg.jetbrains.kotlin.gradle.dsl.KotlinVersion;                                : loaded 2 times (x 69B)
Class org.jetbrains.kotlin.gradle.plugin.diagnostics.UsesKotlinToolingDiagnosticsParameters: loaded 2 times (x 70B)
Class org.jetbrains.kotlin.gradle.plugin.diagnostics.checkers.JsEnvironmentChecker    : loaded 2 times (x 76B)
Class org.jetbrains.kotlin.gradle.targets.js.npm.NpmDependencyExtensionKt             : loaded 2 times (x 71B)
Class org.jetbrains.kotlin.gradle.targets.metadata.KotlinMetadataTargetConfiguratorKt$special$$inlined$extrasStoredFuture$1: loaded 2 times (x 79B)
Class org.jetbrains.kotlin.gradle.report.BuildMetricsService                          : loaded 2 times (x 86B)
Class org.jetbrains.kotlin.statistics.metrics.NumberAnonymizationPolicy               : loaded 2 times (x 85B)
Class org.jetbrains.kotlin.statistics.metrics.StringAnonymizationPolicy               : loaded 2 times (x 78B)
Class com.google.common.base.CharMatcher$None                                         : loaded 2 times (x 112B)
Class org.gradle.internal.classloader.ClassLoaderVisitor                              : loaded 2 times (x 76B)
Class build_3lv75rqok1ltc5g160g8vul7o$_run_closure1                                   : loaded 2 times (x 139B)
Class com.google.common.collect.Ordering                                              : loaded 2 times (x 114B)
Class org.jetbrains.kotlin.build.report.metrics.BuildPerformanceMetrics               : loaded 2 times (x 72B)
Class org.jetbrains.kotlin.gradle.plugin.mpp.compilationImpl.KotlinCompilationLanguageSettingsConfigurator: loaded 2 times (x 74B)
Class org.jetbrains.kotlin.gradle.plugin.KotlinPluginLifecycleKt$await$1              : loaded 2 times (x 88B)
Class [Lorg.jetbrains.kotlin.gradle.plugin.KotlinCompilation;                         : loaded 2 times (x 69B)
Class org.jetbrains.kotlin.gradle.plugin.mpp.KotlinTargetComponentWithPublication     : loaded 2 times (x 70B)
Class org.jetbrains.kotlin.gradle.plugin.mpp.compilationImpl.KotlinCreateNativeCompileTasksSideEffectKt: loaded 2 times (x 71B)
Class org.jetbrains.kotlin.gradle.dsl.KotlinTargetContainerWithJsPresetFunctions      : loaded 2 times (x 70B)
Class org.jetbrains.kotlin.gradle.plugin.KotlinProjectSetupActionKt                   : loaded 2 times (x 71B)
Class org.jetbrains.kotlin.gradle.report.ReportingSettings$Companion                  : loaded 2 times (x 71B)
Class org.jetbrains.kotlin.gradle.report.ConfigureReporingKt                          : loaded 2 times (x 71B)
Class org.jetbrains.kotlin.tooling.core.TypeUtils                                     : loaded 2 times (x 71B)
Class [Lcom.google.common.collect.ImmutableMapEntry;                                  : loaded 2 times (x 69B)
Class org.gradle.api.internal.classpath.EffectiveClassPath                            : loaded 2 times (x 90B)
Class kotlin.text.StringsKt__AppendableKt                                             : loaded 2 times (x 71B)
Class com.google.common.collect.CollectSpliterators$1WithCharacteristics              : loaded 2 times (x 90B)
Class [Lorg.apache.commons.io.StandardLineSeparator;                                  : loaded 2 times (x 69B)
Class org.apache.commons.io.output.StringBuilderWriter                                : loaded 2 times (x 100B)
Class com.google.common.collect.AbstractIterator$1                                    : loaded 2 times (x 71B)
Class org.jetbrains.kotlin.gradle.utils.CompatibilityKt                               : loaded 2 times (x 71B)
Class org.jetbrains.kotlin.gradle.plugin.mpp.compilationImpl.DefaultKotlinCompilationConfigurationsContainer: loaded 2 times (x 85B)
Class com.google.common.collect.ImmutableRangeSet                                     : loaded 2 times (x 115B)
Class org.jetbrains.kotlin.konan.target.KonanTarget$ANDROID_ARM32                     : loaded 2 times (x 78B)
Class org.jetbrains.kotlin.gradle.tasks.TasksProviderKt                               : loaded 2 times (x 71B)
Class org.jetbrains.kotlin.gradle.plugin.diagnostics.ToolingDiagnostic                : loaded 2 times (x 72B)
Class org.jetbrains.kotlin.gradle.plugin.sources.DefaultKotlinSourceSetFactory        : loaded 2 times (x 80B)
Class com.google.common.collect.ImmutableEnumMap                                      : loaded 2 times (x 125B)
Class com.google.common.collect.ListMultimap                                          : loaded 2 times (x 70B)
Class com.google.common.collect.ImmutableSet$SerializedForm                           : loaded 2 times (x 73B)
Class com.google.common.collect.ComparatorOrdering                                    : loaded 2 times (x 115B)
Class org.jetbrains.kotlin.buildtools.api.jvm.ClassSnapshotGranularity                : loaded 2 times (x 79B)
Class org.jetbrains.kotlin.incremental.ClasspathChanges                               : loaded 2 times (x 71B)
Class org.jetbrains.kotlin.gradle.ExternalKotlinTargetApi                             : loaded 2 times (x 70B)
Class com.google.common.collect.Iterators$EmptyModifiableIterator                     : loaded 2 times (x 86B)
Class org.jetbrains.kotlin.konan.target.KonanTarget                                   : loaded 2 times (x 78B)
Class org.jetbrains.kotlin.gradle.plugin.diagnostics.checkers.AndroidPluginWithoutAndroidTargetChecker$runChecks$1: loaded 2 times (x 88B)
Class org.jetbrains.kotlin.gradle.plugin.diagnostics.checkers.AndroidSourceSetLayoutV1SourceSetsNotFoundChecker$runChecks$1: loaded 2 times (x 88B)
Class org.jetbrains.kotlin.gradle.plugin.diagnostics.KotlinGradleProjectCheckersRunnerKt$launchKotlinGradleProjectCheckers$1$1: loaded 2 times (x 95B)
Class org.jetbrains.kotlin.gradle.targets.CreateDefaultTestRunSideEffectKt            : loaded 2 times (x 71B)
Class org.jetbrains.kotlin.gradle.utils.ProviderApiUtilsKt$mapOrNull$1                : loaded 2 times (x 75B)
Class org.jetbrains.kotlin.gradle.targets.native.toolchain.KotlinNativeBundleBuildService$Companion$registerIfAbsent$1: loaded 2 times (x 75B)
Class org.jetbrains.kotlin.statistics.metrics.BooleanAnonymizationPolicy              : loaded 2 times (x 85B)
Class org.jetbrains.kotlin.statistics.metrics.BooleanOverridePolicy$OVERRIDE          : loaded 2 times (x 85B)
Class org.jetbrains.kotlin.gradle.plugin.PropertiesProvider$kotlinExperimentalTryNext$1: loaded 2 times (x 75B)
Class org.jetbrains.kotlin.gradle.plugin.VariantImplementationFactoriesConfigurator$Companion$getProvider$1: loaded 2 times (x 74B)
Class com.google.common.collect.Sets$1                                                : loaded 2 times (x 139B)
Class org.objectweb.asm.AnnotationVisitor                                             : loaded 2 times (x 78B)
Class com.google.common.base.Splitter                                                 : loaded 2 times (x 72B)
Class org.gradle.api.internal.DefaultClassPathProvider                                : loaded 2 times (x 76B)
Class kotlin.sequences.Sequence                                                       : loaded 2 times (x 70B)
Class kotlin.text.StringsKt__StringNumberConversionsJVMKt                             : loaded 2 times (x 71B)
Class com.google.common.io.CharSource$ConcatenatedCharSource                          : loaded 2 times (x 86B)
Class com.google.common.collect.MapMakerInternalMap$Strength$1                        : loaded 2 times (x 80B)
Class com.google.common.collect.Maps$ViewCachingAbstractMap                           : loaded 2 times (x 125B)
Class com.google.common.collect.NaturalOrdering                                       : loaded 2 times (x 115B)
Class org.jetbrains.kotlin.gradle.tasks.configuration.KaptGenerateStubsConfig$Companion$wireJavaAndKotlinOutputs$1: loaded 2 times (x 79B)
Class org.jetbrains.kotlin.gradle.tasks.configuration.BaseKotlinCompileConfig$1$3$classpathEntrySnapshotFiles$1: loaded 2 times (x 74B)
Class org.jetbrains.kotlin.gradle.plugin.KotlinPluginLifecycleCoroutineContextElement : loaded 2 times (x 84B)
Class org.jetbrains.kotlin.gradle.dsl.PlatformSourceSetConventionsChecker             : loaded 2 times (x 74B)
Class org.jetbrains.kotlin.gradle.plugin.diagnostics.checkers.KotlinSourceSetTreeDependsOnMismatchChecker: loaded 2 times (x 74B)
Class org.jetbrains.kotlin.gradle.targets.CreateDefaultCompilationsSideEffectKt       : loaded 2 times (x 71B)
Class org.jetbrains.kotlin.gradle.plugin.mpp.SyncLanguageSettingsWithKotlinExtensionSetupActionKt: loaded 2 times (x 71B)
Class org.jetbrains.kotlin.statistics.metrics.NumericalMetrics                        : loaded 2 times (x 80B)
Class org.jetbrains.kotlin.gradle.plugin.VariantImplementationFactories$Companion$getProvider$2$1: loaded 2 times (x 79B)
Class com.google.common.collect.Sets$2                                                : loaded 2 times (x 139B)
Class [Lorg.gradle.api.internal.ClassPathProvider;                                    : loaded 2 times (x 69B)
Class org.gradle.api.internal.ClassPathProvider                                       : loaded 2 times (x 70B)
Class com.google.common.reflect.Types$ClassOwnership$1                                : loaded 2 times (x 80B)
Class com.google.common.collect.MapMakerInternalMap$Strength$2                        : loaded 2 times (x 80B)
Class org.jetbrains.kotlin.gradle.plugin.statistics.ExecutedTaskMetrics               : loaded 2 times (x 71B)
Class org.jetbrains.kotlin.gradle.plugin.diagnostics.CheckKotlinGradlePluginConfigurationErrors$Companion: loaded 2 times (x 71B)
Class org.jetbrains.kotlin.gradle.tasks.KotlinJvmCompile$DefaultImpls                 : loaded 2 times (x 71B)
Class org.jetbrains.kotlin.gradle.tasks.CacheableTasksKt                              : loaded 2 times (x 71B)
Class org.jetbrains.kotlin.konan.target.HostManager$targetValues$2                    : loaded 2 times (x 78B)
Class [Lorg.jetbrains.kotlin.konan.target.Family;                                     : loaded 2 times (x 69B)
Class org.jetbrains.kotlin.gradle.plugin.diagnostics.checkers.UnusedSourceSetsChecker$runChecks$1: loaded 2 times (x 88B)
Class org.jetbrains.kotlin.gradle.targets.js.npm.PeerNpmDependencyExtension           : loaded 2 times (x 70B)
Class org.jetbrains.kotlin.gradle.dsl.AndroidMainSourceSetConventionsChecker          : loaded 2 times (x 74B)
Class org.jetbrains.kotlin.gradle.plugin.diagnostics.checkers.WasmJsEnvironmentChecker$1: loaded 2 times (x 78B)
Class org.jetbrains.kotlin.gradle.targets.js.npm.NpmDependencyExtensionKt$AddNpmDependencyExtensionProjectSetupAction$1: loaded 2 times (x 74B)
Class org.jetbrains.kotlin.build.report.metrics.GradleBuildPerformanceMetric          : loaded 2 times (x 92B)
Class org.jetbrains.kotlin.gradle.internal.properties.PropertiesBuildService$NullableBooleanGradleProperty: loaded 2 times (x 76B)
Class [Lorg.objectweb.asm.AnnotationVisitor;                                          : loaded 2 times (x 69B)
Class com.google.common.collect.Sets$3                                                : loaded 2 times (x 139B)
Class com.google.common.util.concurrent.AbstractFuture$SafeAtomicHelper               : loaded 2 times (x 79B)
Class com.google.common.cache.LocalCache$LocalLoadingCache                            : loaded 2 times (x 134B)
Class com.google.common.base.AbstractIterator$State                                   : loaded 2 times (x 79B)
Class org.gradle.internal.service.UnknownServiceException                             : loaded 2 times (x 83B)
Class build_4x7dv1k9ss1ewnlmt9tutclq9                                                 : loaded 2 times (x 180B)
Class com.google.common.reflect.Types$ClassOwnership$2                                : loaded 2 times (x 80B)
Class com.google.common.reflect.TypeResolver                                          : loaded 2 times (x 72B)
Class com.google.common.collect.MapMakerInternalMap$StrongValueEntry                  : loaded 2 times (x 70B)
Class com.google.common.io.ByteArrayDataInput                                         : loaded 2 times (x 70B)
Class org.jetbrains.kotlin.gradle.tasks.configuration.BaseKotlinCompileConfig$2$1$1$1 : loaded 2 times (x 74B)
Class org.jetbrains.kotlin.gradle.tasks.KotlinCompile$ScriptFilterSpec                : loaded 2 times (x 75B)
Class org.jetbrains.kotlin.gradle.plugin.diagnostics.checkers.ComposePluginSuggestApplyChecker$runChecks$1: loaded 2 times (x 88B)
Class org.jetbrains.kotlin.konan.target.KonanTarget$TVOS_ARM64                        : loaded 2 times (x 78B)
Class org.jetbrains.kotlin.gradle.targets.js.npm.DefaultPeerNpmDependencyExtension    : loaded 2 times (x 141B)
Class org.jetbrains.kotlin.gradle.plugin.KotlinPluginLifecycleKt                      : loaded 2 times (x 71B)
Class org.jetbrains.kotlin.gradle.plugin.diagnostics.checkers.WasmJsEnvironmentChecker$2: loaded 2 times (x 78B)
Class org.jetbrains.kotlin.gradle.plugin.mpp.AbstractKotlinTarget                     : loaded 2 times (x 156B)
Class org.jetbrains.kotlin.gradle.internal.properties.NativePropertiesLoader$kotlinNativeVersion$1: loaded 2 times (x 75B)
Class org.jetbrains.kotlin.gradle.plugin.VariantImplementationFactoriesConfigurator$Inject: loaded 2 times (x 96B)
Class org.jetbrains.kotlin.gradle.dsl.KotlinSingleTargetExtension                     : loaded 2 times (x 124B)
Class com.google.common.collect.Sets$4                                                : loaded 2 times (x 139B)
Class org.objectweb.asm.ModuleVisitor                                                 : loaded 2 times (x 81B)
Class com.google.common.cache.LocalCache$Strength$1                                   : loaded 2 times (x 81B)
Class build_8widj0iietofevectdi1bw4up$_run_closure1                                   : loaded 2 times (x 139B)
Class build_7khqre8565fxvq40izi7ead63$_run_closure1                                   : loaded 2 times (x 139B)
Class org.apache.commons.io.output.QueueOutputStream                                  : loaded 2 times (x 87B)
Class com.google.common.reflect.Types$ClassOwnership$3                                : loaded 2 times (x 71B)
Class org.jetbrains.kotlin.gradle.tasks.configuration.BaseKotlinCompileConfig$2$1$1$2 : loaded 2 times (x 74B)
Class org.jetbrains.kotlin.gradle.plugin.mpp.KotlinCompilationsKt$addSourcesToKotlinCompileTask$configureAction$2: loaded 2 times (x 79B)
Class org.jetbrains.kotlin.gradle.plugin.mpp.compilationImpl.KotlinCompilationTaskNamesContainer: loaded 2 times (x 72B)
Class org.jetbrains.kotlin.gradle.plugin.mpp.compilationImpl.factory.KotlinCompilationImplFactory$KotlinCompilerOptionsFactory: loaded 2 times (x 70B)
Class org.jetbrains.kotlin.gradle.internal.properties.PropertiesBuildServiceKt$propertyWithDeprecatedName$1: loaded 2 times (x 75B)
Class org.jetbrains.kotlin.gradle.targets.js.npm.NpmDependencyExtension               : loaded 2 times (x 70B)
Class org.jetbrains.kotlin.gradle.plugin.LanguageSettingsBuilder                      : loaded 2 times (x 70B)
Class org.jetbrains.kotlin.gradle.plugin.diagnostics.checkers.WasmWasiEnvironmentChecker: loaded 2 times (x 76B)
Class org.jetbrains.kotlin.gradle.plugin.diagnostics.checkers.WasmJsEnvironmentChecker$3: loaded 2 times (x 78B)
Class org.jetbrains.kotlin.gradle.targets.ConfigureBuildSideEffectKt                  : loaded 2 times (x 71B)
Class org.jetbrains.kotlin.gradle.plugin.BuildEventsListenerRegistryHolder$Companion  : loaded 2 times (x 71B)
Class [Lorg.jetbrains.kotlin.statistics.metrics.StringMetrics;                        : loaded 2 times (x 69B)
Class org.jetbrains.kotlin.gradle.internal.properties.PropertiesBuildService$Inject   : loaded 2 times (x 96B)
Class com.google.common.util.concurrent.SettableFuture                                : loaded 2 times (x 114B)
Class com.google.common.cache.LocalCache$Strength$2                                   : loaded 2 times (x 81B)
Class kotlin.collections.ArraysKt___ArraysJvmKt                                       : loaded 2 times (x 71B)
Class kotlin.collections.CollectionsKt__CollectionsKt                                 : loaded 2 times (x 71B)
Class kotlin.text.StringsKt__RegexExtensionsJVMKt                                     : loaded 2 times (x 71B)
Class org.objectweb.asm.Handle                                                        : loaded 2 times (x 72B)
Class com.google.common.collect.Interners$InternerImpl                                : loaded 2 times (x 75B)
Class com.google.common.collect.Interner                                              : loaded 2 times (x 70B)
Class com.google.common.io.ByteStreams                                                : loaded 2 times (x 71B)
Class com.google.common.collect.TransformedIterator                                   : loaded 2 times (x 80B)
Class com.google.common.collect.AllEqualOrdering                                      : loaded 2 times (x 114B)
Class org.jetbrains.kotlin.gradle.plugin.KotlinPluginLifecycle$ProjectConfigurationResult$Success: loaded 2 times (x 71B)
Class org.jetbrains.kotlin.gradle.tasks.KotlinJavaToolchain$JdkSetter                 : loaded 2 times (x 70B)
Class org.jetbrains.kotlin.gradle.utils.ConfigurationCacheKt                          : loaded 2 times (x 71B)
Class org.jetbrains.kotlin.gradle.internal.StdlibDependencyManagementKt$configureStdlibVersionAlignment$1: loaded 2 times (x 75B)
Class org.jetbrains.kotlin.gradle.plugin.diagnostics.checkers.OverriddenKotlinNativeHomeChecker$allKonanMainSubdirectoriesExist$1$1: loaded 2 times (x 75B)
Class org.jetbrains.kotlin.gradle.dsl.PlatformSourceSetConventionsChecker$CheckedPlatformInfo: loaded 2 times (x 72B)
Class org.jetbrains.kotlin.gradle.plugin.diagnostics.checkers.WasmJsEnvironmentChecker$4: loaded 2 times (x 78B)
Class org.jetbrains.kotlin.gradle.plugin.mpp.KotlinUsages$KotlinCinteropDisambiguation: loaded 2 times (x 76B)
Class org.jetbrains.kotlin.gradle.plugin.KotlinPluginInMultipleProjectsHolder         : loaded 2 times (x 72B)
Class org.jetbrains.kotlin.gradle.report.BuildReportType$Companion                    : loaded 2 times (x 71B)
Class com.google.common.cache.LocalCache$Strength$3                                   : loaded 2 times (x 81B)
Class com.google.common.collect.MapDifference                                         : loaded 2 times (x 70B)
Class com.google.common.base.Splitter$1                                               : loaded 2 times (x 77B)
Class com.google.common.reflect.Invokable                                             : loaded 2 times (x 103B)
Class com.google.common.collect.MapMaker$Dummy                                        : loaded 2 times (x 79B)
Class org.jetbrains.kotlin.gradle.tasks.KotlinCompilerPluginData$InputsOutputsState   : loaded 2 times (x 72B)
Class org.jetbrains.kotlin.gradle.plugin.sources.FragmentConsistencyChecks$optInAnnotationsCheck$1: loaded 2 times (x 79B)
Class org.jetbrains.kotlin.gradle.plugin.mpp.AbstractKotlinCompilationToRunnableFiles : loaded 2 times (x 196B)
Class org.jetbrains.kotlin.gradle.artifacts.KotlinMetadataArtifactKt$KotlinMetadataArtifact$1: loaded 2 times (x 74B)
Class org.jetbrains.kotlin.gradle.plugin.mpp.KotlinUsages$KotlinMetadataCompatibility : loaded 2 times (x 76B)
Class [Lorg.jetbrains.kotlin.gradle.dsl.JvmTarget;                                    : loaded 2 times (x 69B)
Class org.jetbrains.kotlin.gradle.utils.ConfigurationsKt$maybeCreateResolvable$1      : loaded 2 times (x 78B)
Class org.jetbrains.kotlin.gradle.plugin.StatisticsBuildFlowManager$Companion         : loaded 2 times (x 71B)
Class org.jetbrains.kotlin.statistics.metrics.StringMetrics$Companion                 : loaded 2 times (x 71B)
Class org.jetbrains.kotlin.gradle.internal.properties.PropertiesBuildService$property$1$1: loaded 2 times (x 75B)
Class org.jetbrains.kotlin.tooling.core.Extras$Type                                   : loaded 2 times (x 72B)
Class org.objectweb.asm.FieldWriter                                                   : loaded 2 times (x 78B)
Class com.google.common.cache.CacheBuilder$NullListener                               : loaded 2 times (x 82B)
Class org.gradle.internal.classpath.TransformedClassPath                              : loaded 2 times (x 96B)
Class org.gradle.internal.classloader.InstrumentingClassLoader                        : loaded 2 times (x 70B)
Class kotlin.enums.EnumEntriesList                                                    : loaded 2 times (x 223B)
Class build_1fqtm0yyqw0j1gm55f3xwemzk                                                 : loaded 2 times (x 180B)
Class org.apache.commons.io.output.UnsynchronizedByteArrayOutputStream                : loaded 2 times (x 102B)
Class com.google.common.reflect.Types$ParameterizedTypeImpl                           : loaded 2 times (x 81B)
Class com.google.common.collect.ImmutableListMultimap                                 : loaded 2 times (x 176B)
Class org.jetbrains.kotlin.gradle.internal.StdlibDependencyManagementKt$configureStdlibVersionAlignment$1$1$1: loaded 2 times (x 75B)
Class org.jetbrains.kotlin.gradle.plugin.BuildFinishedListenerService$Companion       : loaded 2 times (x 71B)
Class org.jetbrains.kotlin.gradle.plugin.BuildFinishedListenerService                 : loaded 2 times (x 80B)
Class com.google.common.collect.ImmutableRangeSet$AsSet                               : loaded 2 times (x 299B)
Class org.jetbrains.kotlin.gradle.plugin.sources.FragmentConsistencyChecks$optInAnnotationsCheck$2: loaded 2 times (x 78B)
Class org.jetbrains.kotlin.gradle.targets.NativeForwardImplementationToApiElementsSideEffectKt$special$$inlined$KotlinTargetSideEffect$1: loaded 2 times (x 74B)
Class com.google.common.cache.CacheLoader$FunctionToCacheLoader                       : loaded 2 times (x 75B)
Class com.google.common.collect.Iterators$ArrayItr                                    : loaded 2 times (x 97B)
Class com.google.common.collect.ImmutableCollection$Builder                           : loaded 2 times (x 76B)
Class kotlin.collections.CollectionsKt__IteratorsJVMKt                                : loaded 2 times (x 71B)
Class org.apache.commons.io.output.ByteArrayOutputStream                              : loaded 2 times (x 102B)
Class com.google.common.reflect.TypeResolver$TypeVariableKey                          : loaded 2 times (x 72B)
Class com.google.common.collect.EmptyImmutableListMultimap                            : loaded 2 times (x 176B)
Class com.google.common.collect.BaseImmutableMultimap                                 : loaded 2 times (x 123B)
Class org.jetbrains.kotlin.gradle.tasks.configuration.BaseKotlinCompileConfig$1$3$2   : loaded 2 times (x 75B)
Class org.jetbrains.kotlin.gradle.tasks.AbstractKotlinCompileTool$sources$1           : loaded 2 times (x 79B)
Class org.jetbrains.kotlin.gradle.tasks.configuration.TaskConfigAction                : loaded 2 times (x 72B)
Class org.jetbrains.kotlin.gradle.plugin.diagnostics.checkers.OverriddenKotlinNativeHomeChecker$allKonanMainSubdirectoriesExist$1: loaded 2 times (x 75B)
Class org.jetbrains.kotlin.gradle.plugin.AbstractKotlinPlugin$Companion               : loaded 2 times (x 71B)
Class org.jetbrains.kotlin.gradle.plugin.KotlinSourceSetTree                          : loaded 2 times (x 72B)
Class org.jetbrains.kotlin.gradle.plugin.KotlinPluginLifecycle$Stage                  : loaded 2 times (x 79B)
Class org.jetbrains.kotlin.gradle.plugin.mpp.compilationImpl.KotlinCreateResourcesTaskSideEffectKt$KotlinCreateResourcesTaskSideEffect$1: loaded 2 times (x 74B)
Class org.jetbrains.kotlin.gradle.plugin.sources.KotlinSourceSetFactory               : loaded 2 times (x 80B)
Class org.jetbrains.kotlin.gradle.targets.native.toolchain.KotlinNativeBundleBuildService$Parameters_Decorated: loaded 2 times (x 143B)
Class org.jetbrains.kotlin.gradle.internal.ClassLoadersCachingBuildService$Companion  : loaded 2 times (x 71B)
Class org.jetbrains.kotlin.gradle.plugin.StatisticsBuildFlowManager$subscribeForBuildResult$1$1: loaded 2 times (x 74B)
Class com.google.common.base.Joiner                                                   : loaded 2 times (x 79B)
Class com.google.common.base.MoreObjects                                              : loaded 2 times (x 71B)
Class build_7rwbe6unj3pvm0slpeq8s7opa$_run_closure1                                   : loaded 2 times (x 139B)
Class build_15l4gc84vt98x0o22k5fuqylh                                                 : loaded 2 times (x 181B)
Class [Lorg.objectweb.asm.Attribute;                                                  : loaded 2 times (x 69B)
Class org.jetbrains.kotlin.gradle.plugin.hierarchy.KotlinSourceSetTreeClassifier$Default: loaded 2 times (x 71B)
Class org.jetbrains.kotlin.gradle.utils.ProviderApiUtilsKt$mapOrNull$1$1              : loaded 2 times (x 75B)
Class org.jetbrains.kotlin.gradle.plugin.mpp.InternalKotlinCompilationKt              : loaded 2 times (x 71B)
Class [Lorg.jetbrains.kotlin.build.report.metrics.BuildAttribute;                     : loaded 2 times (x 69B)
Class org.jetbrains.kotlin.gradle.tasks.configuration.AbstractKotlinCompileConfig     : loaded 2 times (x 72B)
Class org.jetbrains.kotlin.gradle.plugin.mpp.compilationImpl.KotlinCompilationImpl$attributes$2: loaded 2 times (x 79B)
Class org.jetbrains.kotlin.gradle.plugin.diagnostics.checkers.OverriddenKotlinNativeHomeChecker$StdlibExistenceCheckerValueSource: loaded 2 times (x 78B)
Class org.jetbrains.kotlin.gradle.utils.IsolatedKotlinClasspathClassCastException     : loaded 2 times (x 82B)
Class [Lorg.objectweb.asm.Type;                                                       : loaded 2 times (x 69B)
Class com.google.common.collect.Platform                                              : loaded 2 times (x 71B)
Class com.google.common.collect.UnmodifiableIterator                                  : loaded 2 times (x 80B)
Class org.gradle.internal.service.ServiceLocator                                      : loaded 2 times (x 70B)
Class org.apache.commons.io.FileExistsException                                       : loaded 2 times (x 82B)
Class com.google.common.collect.ImmutableSortedMap$Builder                            : loaded 2 times (x 90B)
Class com.google.common.collect.HashBiMap$BiEntry                                     : loaded 2 times (x 83B)
Class org.jetbrains.kotlin.gradle.utils.GradleAttributesContainerUtilsKt$copyAttributeTo$1: loaded 2 times (x 79B)
Class org.jetbrains.kotlin.gradle.plugin.diagnostics.RenderReportedDiagnosticsKt      : loaded 2 times (x 71B)
Class org.jetbrains.kotlin.gradle.plugin.hierarchy.KotlinSourceSetTreeClassifierKt$classify$1: loaded 2 times (x 88B)
Class org.jetbrains.kotlin.gradle.tasks.DefaultKotlinJavaToolchain$DefaultJavaToolchainSetter$useAsConvention$1: loaded 2 times (x 75B)
Class org.jetbrains.kotlin.gradle.plugin.KotlinCompilerArgumentsProducer$CreateCompilerArgumentsContext: loaded 2 times (x 70B)
Class com.google.common.collect.SingletonImmutableBiMap                               : loaded 2 times (x 143B)
Class [Lorg.jetbrains.kotlin.konan.target.KonanTarget;                                : loaded 2 times (x 69B)
Class org.jetbrains.kotlin.gradle.plugin.diagnostics.checkers.WasmSourceSetsNotFoundChecker: loaded 2 times (x 74B)
Class org.jetbrains.kotlin.gradle.plugin.diagnostics.checkers.AndroidSourceSetLayoutV1SourceSetsNotFoundChecker$androidSourceSetRegex$2: loaded 2 times (x 78B)
Class org.jetbrains.kotlin.gradle.plugin.statistics.KotlinBuildStatsLoggerService$Companion: loaded 2 times (x 71B)
Class com.google.common.base.Ascii                                                    : loaded 2 times (x 71B)
Class com.google.common.cache.LocalCache$1                                            : loaded 2 times (x 89B)
Class com.google.common.collect.AbstractMapEntry                                      : loaded 2 times (x 81B)
Class kotlin.io.CloseableKt                                                           : loaded 2 times (x 71B)
Class kotlin.collections.CollectionsKt__MutableCollectionsKt                          : loaded 2 times (x 71B)
Class com.google.common.reflect.TypeToken$SimpleTypeToken                             : loaded 2 times (x 73B)
Class com.google.common.io.CharSource$StringCharSource                                : loaded 2 times (x 86B)
Class com.google.common.io.ByteSource$ByteArrayByteSource                             : loaded 2 times (x 85B)
Class com.google.common.collect.MapMakerInternalMap$AbstractStrongKeyEntry            : loaded 2 times (x 80B)
Class com.google.common.collect.AbstractSetMultimap                                   : loaded 2 times (x 174B)
Class org.jetbrains.kotlin.gradle.plugin.KotlinCompilationWithResources               : loaded 2 times (x 70B)
Class com.google.common.collect.Sets$ImprovedAbstractSet                              : loaded 2 times (x 135B)
Class com.google.common.collect.ImmutableList$Builder                                 : loaded 2 times (x 77B)
Class org.jetbrains.kotlin.gradle.plugin.KotlinTargetPreset                           : loaded 2 times (x 70B)
Class org.jetbrains.kotlin.gradle.plugin.diagnostics.checkers.KotlinTargetAlreadyDeclaredChecker: loaded 2 times (x 74B)
Class org.jetbrains.kotlin.gradle.plugin.mpp.compilationImpl.KotlinCompilationProcessorSideEffectKt: loaded 2 times (x 71B)
Class org.jetbrains.kotlin.gradle.plugin.mpp.KotlinUsages$KotlinJavaRuntimeJarsCompatibility: loaded 2 times (x 76B)
Class org.jetbrains.kotlin.gradle.utils.FileUtilsKt$localProperties$1                 : loaded 2 times (x 75B)
Class org.jetbrains.kotlin.gradle.dsl.HasConfigurableKotlinCompilerOptions            : loaded 2 times (x 70B)
Class com.google.common.cache.LocalCache$2                                            : loaded 2 times (x 142B)
Class com.google.common.collect.AbstractMultimap                                      : loaded 2 times (x 123B)
Class build_6pdgncjd44vllnxel9p7b9qu2                                                 : loaded 2 times (x 180B)
Class org.jetbrains.kotlin.gradle.plugin.statistics.KotlinProjectConfigurationMetrics : loaded 2 times (x 71B)
Class org.jetbrains.kotlin.gradle.tasks.configuration.AbstractKotlinCompileConfig$2$1 : loaded 2 times (x 79B)
Class org.jetbrains.kotlin.gradle.tasks.DefaultKotlinJavaToolchain_Decorated          : loaded 2 times (x 126B)
Class org.jetbrains.kotlin.gradle.plugin.KotlinCompilationInfo$TCS                    : loaded 2 times (x 89B)
Class com.google.common.collect.ImmutableRangeSet$1                                   : loaded 2 times (x 209B)
Class org.jetbrains.kotlin.gradle.plugin.mpp.HasBinaries                              : loaded 2 times (x 70B)
Class org.jetbrains.kotlin.gradle.dsl.KotlinCommonOptions                             : loaded 2 times (x 70B)
Class org.jetbrains.kotlin.gradle.plugin.mpp.compilationImpl.KotlinCreateSourcesJarTaskSideEffectKt: loaded 2 times (x 71B)
Class org.jetbrains.kotlin.gradle.dsl.KotlinJvmProjectExtension                       : loaded 2 times (x 139B)
Class org.jetbrains.kotlin.gradle.plugin.KotlinGradlePluginExtensionPointInternalKt   : loaded 2 times (x 71B)
Class org.jetbrains.kotlin.gradle.targets.native.toolchain.UsesKotlinNativeBundleBuildService: loaded 2 times (x 70B)
Class org.jetbrains.kotlin.gradle.plugin.KotlinCompilerArgumentsProducer              : loaded 2 times (x 70B)
Class org.jetbrains.kotlin.build.report.metrics.ValueType                             : loaded 2 times (x 79B)
Class com.google.common.util.concurrent.AbstractFuture$UnsafeAtomicHelper$1           : loaded 2 times (x 76B)
Class com.google.common.collect.RegularImmutableAsList                                : loaded 2 times (x 216B)
Class com.google.common.base.Optional                                                 : loaded 2 times (x 80B)
Class org.jetbrains.kotlin.gradle.tasks.configuration.BaseKotlinCompileConfig$1$classpathConfiguration$1: loaded 2 times (x 75B)
Class org.jetbrains.kotlin.build.report.metrics.BuildTimes$Companion                  : loaded 2 times (x 71B)
Class com.google.common.collect.Range                                                 : loaded 2 times (x 87B)
Class org.jetbrains.kotlin.gradle.targets.js.npm.NpmDependencyExtensionDelegate       : loaded 2 times (x 167B)
Class org.jetbrains.kotlin.gradle.plugin.sources.FragmentConsistencyChecker           : loaded 2 times (x 72B)
Class org.jetbrains.kotlin.gradle.dsl.DefaultToolchainSupport_Decorated               : loaded 2 times (x 124B)
Class org.jetbrains.kotlin.gradle.internal.properties.NativePropertiesLoader$jvmArgs$1: loaded 2 times (x 75B)
Class org.jetbrains.kotlin.gradle.report.BuildMetricsService$Companion                : loaded 2 times (x 71B)
Class org.jetbrains.kotlin.gradle.tasks.KotlinCompileTool                             : loaded 2 times (x 70B)
Class org.jetbrains.kotlin.gradle.utils.SingleAction$PerformedActions                 : loaded 2 times (x 72B)
Class org.jetbrains.kotlin.gradle.plugin.VariantImplementationFactories$Parameters_Decorated: loaded 2 times (x 134B)
Class org.jetbrains.kotlin.gradle.plugin.PropertiesProvider$PropertyNames             : loaded 2 times (x 71B)
Class org.jetbrains.kotlin.gradle.utils.GradleUtilsKt                                 : loaded 2 times (x 71B)
Class org.jetbrains.kotlin.gradle.plugin.HasProject                                   : loaded 2 times (x 70B)
Class com.google.common.util.concurrent.AbstractFuture$Trusted                        : loaded 2 times (x 70B)
Class com.google.common.collect.Iterators                                             : loaded 2 times (x 71B)
Class com.google.common.base.CharMatcher$RangesMatcher                                : loaded 2 times (x 112B)
Class Build_gradle$3$2                                                                : loaded 2 times (x 78B)
Class build_e3xep5dy24gdei5br13iqrpjh$_run_closure1                                   : loaded 2 times (x 139B)
Class com.google.common.io.ByteSink$AsCharSink                                        : loaded 2 times (x 80B)
Class com.google.common.collect.ExplicitOrdering                                      : loaded 2 times (x 115B)
Class org.jetbrains.kotlin.gradle.tasks.configuration.AbstractKotlinCompileConfig$2$3 : loaded 2 times (x 75B)
Class org.jetbrains.kotlin.gradle.tasks.configuration.BaseKotlinCompileConfig         : loaded 2 times (x 72B)
Class org.jetbrains.kotlin.gradle.plugin.mpp.compilationImpl.factory.KotlinCompilationImplFactory$KotlinCompilationTaskNamesContainerFactory: loaded 2 times (x 70B)
Class org.jetbrains.kotlin.gradle.internal.KotlinDependenciesManagementKt$CustomizeKotlinDependenciesSetupAction$1$coreLibrariesVersion$1: loaded 2 times (x 79B)
Class org.jetbrains.kotlin.gradle.plugin.diagnostics.checkers.CInteropInputChecker$runChecks$1: loaded 2 times (x 88B)
Class org.jetbrains.kotlin.gradle.ExperimentalKotlinGradlePluginApi                   : loaded 2 times (x 70B)
Class org.jetbrains.kotlin.gradle.internal.properties.NativePropertiesLoader          : loaded 2 times (x 86B)
Class org.jetbrains.kotlin.statistics.metrics.NumberAnonymizationPolicy$SAFE          : loaded 2 times (x 85B)
Class org.jetbrains.kotlin.gradle.plugin.statistics.BuildFusService                   : loaded 2 times (x 84B)
Class com.google.common.util.concurrent.UncheckedExecutionException                   : loaded 2 times (x 82B)
Class com.google.common.collect.Lists$StringAsImmutableList                           : loaded 2 times (x 207B)
Class org.jetbrains.kotlin.gradle.plugin.diagnostics.checkers.CInteropInputChecker$runChecks$2: loaded 2 times (x 75B)
Class org.jetbrains.kotlin.gradle.tasks.configuration.KaptGenerateStubsConfig$Companion: loaded 2 times (x 71B)
Class org.jetbrains.kotlin.gradle.internal.KotlinTestDependencyManagementKt$maybeAddTestDependencyCapability$1: loaded 2 times (x 75B)
Class org.jetbrains.kotlin.gradle.tasks.configuration.AbstractKotlinCompileConfig$2$4 : loaded 2 times (x 75B)
Class org.jetbrains.kotlin.gradle.tasks.KotlinCompile$scriptSources$1                 : loaded 2 times (x 75B)
Class org.jetbrains.kotlin.build.report.metrics.BuildAttribute$Companion              : loaded 2 times (x 71B)
Class com.google.common.collect.ImmutableSortedSetFauxverideShim                      : loaded 2 times (x 147B)
Class org.jetbrains.kotlin.gradle.plugin.diagnostics.CheckKotlinGradlePluginConfigurationErrorsKt: loaded 2 times (x 71B)
Class org.jetbrains.kotlin.gradle.targets.js.npm.NpmDependencyExtensionKt$AddNpmDependencyExtensionProjectSetupAction$1$WhenMappings: loaded 2 times (x 71B)
Class org.jetbrains.kotlin.gradle.plugin.mpp.KotlinJvmAndroidCompilation              : loaded 2 times (x 198B)
Class org.jetbrains.kotlin.gradle.targets.CreateDefaultCompilationsSideEffectKt$CreateDefaultCompilationsSideEffect$1: loaded 2 times (x 74B)
Class org.jetbrains.kotlin.gradle.targets.native.internal.AddKotlinPlatformIntegersSupportLibraryKt$AddKotlinPlatformIntegersSupportLibrary$1: loaded 2 times (x 95B)
Class org.jetbrains.kotlin.gradle.plugin.mpp.ApplyUserDefinedAttributesKt             : loaded 2 times (x 71B)
Class org.jetbrains.kotlin.tooling.core.TypeUtils$WhenMappings                        : loaded 2 times (x 71B)
Class org.jetbrains.kotlin.gradle.utils.FutureImpl                                    : loaded 2 times (x 80B)
Class org.jetbrains.kotlin.gradle.internal.properties.NativePropertiesLoader$isToolchainEnabled$1: loaded 2 times (x 75B)
Class [Lorg.jetbrains.kotlin.statistics.metrics.NumericalMetrics;                     : loaded 2 times (x 69B)
Class com.google.common.base.CharMatcher$JavaLetterOrDigit                            : loaded 2 times (x 111B)
Class org.gradle.internal.InternalTransformer                                         : loaded 2 times (x 70B)
Class kotlin.collections.MapsKt__MapsJVMKt                                            : loaded 2 times (x 71B)
Class kotlin.collections.EmptyList                                                    : loaded 2 times (x 174B)
Class com.google.common.collect.ImmutableBiMap$Builder                                : loaded 2 times (x 82B)
Class com.google.common.collect.HashMultimapGwtSerializationDependencies              : loaded 2 times (x 174B)
Class org.jetbrains.kotlin.gradle.plugin.mpp.compilationImpl.factory.KotlinCompilationImplFactory$PostConfigure$Companion: loaded 2 times (x 71B)
Class com.google.common.collect.AbstractMapBasedMultimap$KeySet$1                     : loaded 2 times (x 82B)
Class org.jetbrains.kotlin.gradle.tasks.CompileUsingKotlinDaemonWithNormalization     : loaded 2 times (x 70B)
Class org.jetbrains.kotlin.gradle.internal.KotlinDomApiDependencyManagementKt$configureKotlinDomApiDefaultDependency$1: loaded 2 times (x 79B)
Class org.jetbrains.kotlin.gradle.targets.js.npm.DefaultDevNpmDependencyExtension     : loaded 2 times (x 145B)
Class [Lorg.jetbrains.kotlin.gradle.plugin.HasKotlinDependencies;                     : loaded 2 times (x 69B)
Class org.jetbrains.kotlin.gradle.tasks.DefaultKotlinJavaToolchain$Companion$wireJvmTargetToToolchain$1: loaded 2 times (x 75B)
Class org.jetbrains.kotlin.gradle.plugin.diagnostics.checkers.JsLikeEnvironmentChecker: loaded 2 times (x 76B)
Class org.jetbrains.kotlin.gradle.plugin.KotlinPlatformType                           : loaded 2 times (x 82B)
Class org.jetbrains.kotlin.gradle.internal.properties.PropertiesBuildServiceKt        : loaded 2 times (x 71B)
Class org.jetbrains.kotlin.gradle.plugin.KotlinGradleBuildServices$Companion          : loaded 2 times (x 71B)
Class org.objectweb.asm.ClassWriter                                                   : loaded 2 times (x 106B)
Class com.google.common.cache.CacheLoader$UnsupportedLoadingOperationException        : loaded 2 times (x 82B)
Class com.google.common.base.CharMatcher$And                                          : loaded 2 times (x 112B)
Class org.gradle.internal.classloader.ClasspathUtil$1                                 : loaded 2 times (x 76B)
Class Build_gradle$3$5$1$1                                                            : loaded 2 times (x 78B)
Class com.google.common.collect.FluentIterable$1                                      : loaded 2 times (x 81B)
Class com.google.common.base.Objects                                                  : loaded 2 times (x 71B)
Class org.jetbrains.kotlin.gradle.plugin.diagnostics.TransformActionUsingKotlinToolingDiagnostics$Companion: loaded 2 times (x 71B)
Class org.jetbrains.kotlin.gradle.plugin.BuildFinishedListenerService$Companion$registerIfAbsent$1: loaded 2 times (x 74B)
Class com.google.common.collect.AbstractMapBasedMultimap$Itr                          : loaded 2 times (x 83B)
Class org.jetbrains.kotlin.gradle.plugin.diagnostics.ToolingDiagnosticRenderingOptions$Companion: loaded 2 times (x 71B)
Class org.jetbrains.kotlin.gradle.dsl.KotlinJvmCompilerOptionsHelper                  : loaded 2 times (x 71B)
Class org.jetbrains.kotlin.gradle.tasks.DefaultKotlinJavaToolchain$Companion$wireJvmTargetToToolchain$2: loaded 2 times (x 75B)
Class org.jetbrains.kotlin.gradle.plugin.ProjectLocalConfigurations$ProjectLocalDisambiguation: loaded 2 times (x 76B)
Class org.jetbrains.kotlin.gradle.plugin.mpp.apple.swiftexport.internal.SwiftExportInitKt: loaded 2 times (x 71B)
Class org.jetbrains.kotlin.gradle.internal.properties.PropertiesBuildService$NullableStringGradleProperty: loaded 2 times (x 76B)
Class org.jetbrains.kotlin.gradle.plugin.KotlinGradleBuildServices$detectKotlinPluginLoadedInMultipleProjects$onRegister$1$1: loaded 2 times (x 75B)
Class org.jetbrains.kotlin.gradle.plugin.internal.ConfigurationCacheStartParameterAccessor$Factory: loaded 2 times (x 70B)
Class org.objectweb.asm.FieldVisitor                                                  : loaded 2 times (x 77B)
Class com.google.common.collect.IndexedImmutableSet                                   : loaded 2 times (x 150B)
Class com.google.common.collect.ImmutableMap$1                                        : loaded 2 times (x 81B)
Class com.google.common.collect.BiMap                                                 : loaded 2 times (x 70B)
Class org.gradle.api.internal.classpath.DefaultModuleRegistry$DefaultModule           : loaded 2 times (x 86B)
Class build_15l4gc84vt98x0o22k5fuqylh$_run_closure1                                   : loaded 2 times (x 139B)
Class com.google.common.reflect.Reflection                                            : loaded 2 times (x 71B)
Class com.google.common.collect.FluentIterable$2                                      : loaded 2 times (x 81B)
Class com.google.common.base.Absent                                                   : loaded 2 times (x 80B)
Class org.jetbrains.kotlin.buildtools.api.KotlinLogger                                : loaded 2 times (x 70B)
Class org.jetbrains.kotlin.gradle.internal.transforms.BuildToolsApiClasspathEntrySnapshotTransform$Parameters$Inject: loaded 2 times (x 118B)
Class com.google.common.collect.NullsFirstOrdering                                    : loaded 2 times (x 115B)
Class org.jetbrains.kotlin.gradle.plugin.diagnostics.CheckKotlinGradlePluginConfigurationErrors_Decorated: loaded 2 times (x 365B)
Class org.jetbrains.kotlin.gradle.plugin.mpp.compilationImpl.KotlinCompilationSourceSetInclusion$DefaultAddSourcesToCompileTask$addSources$1: loaded 2 times (x 79B)
Class org.jetbrains.kotlin.gradle.plugin.diagnostics.checkers.WasmSourceSetsNotFoundChecker$wasmSourceSetRegex$2: loaded 2 times (x 78B)
Class org.jetbrains.kotlin.gradle.plugin.mpp.compilationImpl.KotlinCompilationSideEffect: loaded 2 times (x 70B)
Class org.jetbrains.kotlin.gradle.plugin.KotlinGradlePluginExtensionPoint             : loaded 2 times (x 70B)
Class org.jetbrains.kotlin.tooling.core.ExtrasUtilsKt                                 : loaded 2 times (x 71B)
Class org.jetbrains.kotlin.buildtools.api.ExperimentalBuildToolsApi                   : loaded 2 times (x 70B)
Class org.jetbrains.kotlin.gradle.utils.ResourceUtilsKt                               : loaded 2 times (x 71B)
Class org.jetbrains.kotlin.gradle.plugin.KotlinPluginWrapperKt$kotlinPluginVersionFromResources$1: loaded 2 times (x 78B)
Class com.google.common.primitives.Ints                                               : loaded 2 times (x 71B)
Class com.google.common.collect.AbstractIterator                                      : loaded 2 times (x 82B)
Class kotlin.collections.CollectionsKt__ReversedViewsKt                               : loaded 2 times (x 71B)
Class build_9ogcvgi7bj6vlb965si2yanac                                                 : loaded 2 times (x 180B)
Class settings_8s4qkigdn4e6n51yhur02l8uc                                              : loaded 2 times (x 179B)
Class com.google.common.collect.FluentIterable$3                                      : loaded 2 times (x 81B)
Class org.jetbrains.kotlin.gradle.plugin.mpp.KotlinTargetSoftwareComponentImplKt$KotlinTargetSoftwareComponent$1$1$1: loaded 2 times (x 75B)
Class org.jetbrains.kotlin.gradle.tasks.configuration.KaptGenerateStubsConfig$Companion$configureLibraries$1: loaded 2 times (x 79B)
Class org.jetbrains.kotlin.gradle.tasks.UsesKotlinJavaToolchain$DefaultImpls          : loaded 2 times (x 71B)
Class org.jetbrains.kotlin.build.report.metrics.BuildAttributeKind$Companion          : loaded 2 times (x 71B)
Class org.jetbrains.kotlin.gradle.plugin.mpp.compilationImpl.KotlinCompilationSourceSetInclusion$DefaultAddSourcesToCompileTask$addSources$2: loaded 2 times (x 79B)
Class org.jetbrains.kotlin.gradle.plugin.KotlinCompilationOutput                      : loaded 2 times (x 70B)
Class org.jetbrains.kotlin.gradle.tasks.AbstractKotlinCompile                         : loaded 2 times (x 453B)
Class org.jetbrains.kotlin.gradle.plugin.diagnostics.CheckKotlinGradlePluginConfigurationErrorsKt$addDependsOnFromTasksThatShouldFailWhenErrorsReported$1: loaded 2 times (x 75B)
Class org.jetbrains.kotlin.konan.target.KonanTarget$TVOS_X64                          : loaded 2 times (x 78B)
Class org.jetbrains.kotlin.gradle.plugin.diagnostics.KotlinToolingDiagnosticsSetupActionKt: loaded 2 times (x 71B)
Class org.jetbrains.kotlin.gradle.plugin.KotlinGradleBuildServices$Parameters$Inject  : loaded 2 times (x 106B)
Class org.jetbrains.kotlin.gradle.plugin.statistics.BuildFusService$Companion$registerIfAbsentImpl$2: loaded 2 times (x 75B)
Class org.jetbrains.kotlin.gradle.plugin.KotlinPluginWrapperKt$kotlinPluginVersionFromResources$1$1: loaded 2 times (x 71B)
Class com.google.common.math.MathPreconditions                                        : loaded 2 times (x 71B)
Class com.google.common.collect.Multiset                                              : loaded 2 times (x 70B)
Class com.google.common.collect.ArrayListMultimapGwtSerializationDependencies         : loaded 2 times (x 172B)
Class com.google.common.collect.ObjectArrays                                          : loaded 2 times (x 71B)
Class com.google.common.collect.AbstractIndexedListIterator                           : loaded 2 times (x 96B)
Class kotlin.collections.SetsKt__SetsJVMKt                                            : loaded 2 times (x 71B)
Class kotlin.Function                                                                 : loaded 2 times (x 70B)
Class build_4x7dv1k9ss1ewnlmt9tutclq9$_run_closure1                                   : loaded 2 times (x 139B)
Class org.apache.commons.io.output.NullOutputStream                                   : loaded 2 times (x 85B)
Class org.jetbrains.kotlin.tooling.core.Extras$Entry                                  : loaded 2 times (x 72B)
Class org.jetbrains.kotlin.gradle.plugin.sources.InternalKotlinSourceSetKt            : loaded 2 times (x 71B)
Class org.jetbrains.kotlin.gradle.internal.Kapt3GradleSubplugin$Kapt3SubpluginContext : loaded 2 times (x 72B)
Class org.jetbrains.kotlin.gradle.artifacts.KotlinTargetArtifact                      : loaded 2 times (x 70B)
Class org.jetbrains.kotlin.gradle.dsl.KotlinJvmCompilerOptionsDefault_Decorated       : loaded 2 times (x 168B)
Class org.jetbrains.kotlin.gradle.plugin.HasKotlinDependencies                        : loaded 2 times (x 70B)
Class org.jetbrains.kotlin.gradle.targets.native.toolchain.KotlinNativeBundleBuildService$Companion: loaded 2 times (x 71B)
Class org.jetbrains.kotlin.gradle.plugin.BuildEventsListenerRegistryHolder_Decorated  : loaded 2 times (x 119B)
Class org.jetbrains.kotlin.gradle.plugin.statistics.BuildFusService$Companion$registerIfAbsentImpl$2$1: loaded 2 times (x 75B)
Class org.jetbrains.kotlin.gradle.plugin.statistics.MetricContainer                   : loaded 2 times (x 72B)
Class org.jetbrains.kotlin.gradle.plugin.statistics.old.Pre232IdeaKotlinBuildStatsMXBean: loaded 2 times (x 70B)
Class org.jetbrains.kotlin.gradle.plugin.statistics.KotlinBuildStatsServicesRegistry  : loaded 2 times (x 78B)
Class org.jetbrains.kotlin.gradle.plugin.VariantImplementationFactoriesConfigurator   : loaded 2 times (x 76B)
Class com.google.common.collect.ImmutableMapEntrySet                                  : loaded 2 times (x 151B)
Class org.gradle.api.internal.classpath.Module                                        : loaded 2 times (x 70B)
Class org.jetbrains.kotlin.gradle.tasks.DefaultKotlinJavaToolchain$getToolsJarFromJvm$1$1: loaded 2 times (x 79B)
Class org.jetbrains.kotlin.gradle.tasks.KotlinCompile$ClasspathSnapshotProperties_Decorated: loaded 2 times (x 137B)
Class org.jetbrains.kotlin.gradle.internal.transforms.BuildToolsApiClasspathEntrySnapshotTransform$Parameters_Decorated: loaded 2 times (x 155B)
Class org.jetbrains.kotlin.gradle.plugin.mpp.compilationImpl.KotlinCompilationSourceSetInclusion$Companion$includedSourceSets$2: loaded 2 times (x 78B)
Class org.jetbrains.kotlin.gradle.plugin.diagnostics.KotlinToolingDiagnosticsSetupActionKt$KotlinToolingDiagnosticsSetupAction$1$1: loaded 2 times (x 75B)
Class org.jetbrains.kotlin.gradle.targets.js.npm.NpmDirectoryDependencyWithExternalsExtension: loaded 2 times (x 70B)
Class org.jetbrains.kotlin.gradle.plugin.KotlinProjectSetupAction                     : loaded 2 times (x 70B)
Class org.jetbrains.kotlin.gradle.plugin.KotlinGradleFinishBuildHandler$Companion     : loaded 2 times (x 71B)
Class com.google.common.cache.Weigher                                                 : loaded 2 times (x 70B)
Class org.gradle.api.internal.classpath.UnknownModuleException                        : loaded 2 times (x 82B)
Class org.apache.commons.io.Charsets                                                  : loaded 2 times (x 71B)
Class org.jetbrains.kotlin.gradle.plugin.mpp.InternalKotlinTargetComponentKt          : loaded 2 times (x 71B)
Class org.jetbrains.kotlin.gradle.plugin.mpp.InternalKotlinTarget$DefaultImpls        : loaded 2 times (x 71B)
Class org.jetbrains.kotlin.gradle.plugin.KotlinPluginLifecycleImpl$executeCurrentStageAndScheduleNext$3: loaded 2 times (x 75B)
Class org.jetbrains.kotlin.gradle.plugin.mpp.compilationImpl.KotlinCompilationRegisterInSourceSetsConfigurator$configure$1: loaded 2 times (x 79B)
Class org.jetbrains.kotlin.gradle.plugin.diagnostics.KotlinToolingDiagnosticsSetupActionKt$KotlinToolingDiagnosticsSetupAction$1$2: loaded 2 times (x 95B)
Class org.jetbrains.kotlin.gradle.targets.js.npm.NpmDependencyWithExternalsExtension  : loaded 2 times (x 70B)
Class org.jetbrains.kotlin.gradle.plugin.mpp.KotlinUsageContext                       : loaded 2 times (x 70B)
Class org.jetbrains.kotlin.gradle.plugin.KotlinTargetsContainer                       : loaded 2 times (x 70B)
Class org.jetbrains.kotlin.compilerRunner.GradleCliCommonizerKt                       : loaded 2 times (x 71B)
Class org.jetbrains.kotlin.gradle.utils.ConfigurationsKt                              : loaded 2 times (x 71B)
Class org.jetbrains.kotlin.gradle.plugin.StatisticsBuildFlowManager                   : loaded 2 times (x 72B)
Class org.jetbrains.kotlin.gradle.plugin.statistics.BuildFusService$Parameters        : loaded 2 times (x 70B)
Class org.jetbrains.kotlin.gradle.plugin.PluginWrappersKt                             : loaded 2 times (x 71B)
Class com.google.common.base.Stopwatch                                                : loaded 2 times (x 72B)
Class com.google.common.cache.LocalCache$Strength                                     : loaded 2 times (x 81B)
Class com.google.common.cache.Cache                                                   : loaded 2 times (x 70B)
Class kotlin.sequences.SequencesKt__SequenceBuilderKt                                 : loaded 2 times (x 71B)
Class org.apache.commons.io.filefilter.IOFileFilter                                   : loaded 2 times (x 70B)
Class com.google.common.io.AppendableWriter                                           : loaded 2 times (x 100B)
Class com.google.common.io.Files$2                                                    : loaded 2 times (x 76B)
Class org.jetbrains.kotlin.gradle.plugin.mpp.InternalKotlinTargetKt                   : loaded 2 times (x 71B)
Class com.google.common.collect.AbstractMultimap$Entries                              : loaded 2 times (x 120B)
Class org.jetbrains.kotlin.gradle.plugin.diagnostics.KotlinToolingDiagnosticsSetupActionKt$KotlinToolingDiagnosticsSetupAction$1$3: loaded 2 times (x 75B)
Class org.jetbrains.kotlin.gradle.targets.js.dsl.KotlinTargetWithNodeJsDsl            : loaded 2 times (x 70B)
Class org.jetbrains.kotlin.gradle.plugin.sources.DefaultKotlinSourceSetKt$defaultSourceSetLanguageSettingsChecker$1: loaded 2 times (x 78B)
Class org.jetbrains.kotlin.gradle.plugin.sources.InternalKotlinSourceSet              : loaded 2 times (x 70B)
Class org.jetbrains.kotlin.gradle.plugin.KotlinJvmPlugin                              : loaded 2 times (x 80B)
Class org.jetbrains.kotlin.gradle.plugin.mpp.SyncLanguageSettingsWithKotlinExtensionSetupActionKt$SyncLanguageSettingsWithKotlinExtensionSetupAction$1: loaded 2 times (x 95B)
Class org.jetbrains.kotlin.gradle.dsl.KotlinGradlePluginPublicDsl                     : loaded 2 times (x 70B)
Class org.jetbrains.kotlin.gradle.internal.properties.NativeProperties                : loaded 2 times (x 70B)
Class org.jetbrains.kotlin.statistics.BuildSessionLogger                              : loaded 2 times (x 77B)
Class org.jetbrains.kotlin.gradle.plugin.internal.ConfigurationCacheStartParameterAccessor: loaded 2 times (x 70B)
Class com.google.common.util.concurrent.AbstractFuture$Cancellation                   : loaded 2 times (x 72B)
Class com.google.common.collect.ImmutableMap$Builder                                  : loaded 2 times (x 82B)
Class com.google.common.base.NullnessCasts                                            : loaded 2 times (x 71B)
Class build_9ogcvgi7bj6vlb965si2yanac$_run_closure1                                   : loaded 2 times (x 139B)
Class build_1fqtm0yyqw0j1gm55f3xwemzk$_run_closure1                                   : loaded 2 times (x 139B)
Class build_dk6f3zt9k0ytqr8wvyq3mniif$_run_closure1                                   : loaded 2 times (x 139B)
Class com.google.common.base.Present                                                  : loaded 2 times (x 81B)
Class com.google.common.collect.AbstractMapBasedMultimap$WrappedCollection$WrappedIterator: loaded 2 times (x 84B)
Class org.jetbrains.kotlin.gradle.utils.FutureKt$future$2$1                           : loaded 2 times (x 95B)
Class [Lorg.jetbrains.kotlin.gradle.plugin.statistics.plugins.ObservablePlugins;      : loaded 2 times (x 69B)
Class org.jetbrains.kotlin.gradle.plugin.internal.BuildIdService$Companion$registerIfAbsent$1$1: loaded 2 times (x 75B)
Class org.jetbrains.kotlin.gradle.plugin.mpp.compilationImpl.factory.KotlinCompilationDependencyConfigurationsFactoriesKt$WhenMappings: loaded 2 times (x 71B)
Class org.jetbrains.kotlin.konan.target.KonanTarget$IOS_ARM64                         : loaded 2 times (x 78B)
Class org.jetbrains.kotlin.gradle.targets.js.dsl.KotlinWasmTargetDsl                  : loaded 2 times (x 70B)
Class org.jetbrains.kotlin.gradle.plugin.diagnostics.checkers.DisabledCinteropCommonizationInHmppProjectChecker$runChecks$1: loaded 2 times (x 88B)
Class org.jetbrains.kotlin.gradle.plugin.sources.ConsistencyCheck                     : loaded 2 times (x 72B)
Class org.jetbrains.kotlin.gradle.plugin.sources.DefaultKotlinSourceSetKt$defaultSourceSetLanguageSettingsChecker$2: loaded 2 times (x 78B)
Class org.jetbrains.kotlin.gradle.dsl.KotlinCommonToolOptions                         : loaded 2 times (x 70B)
Class org.jetbrains.kotlin.gradle.plugin.AbstractKotlinPlugin                         : loaded 2 times (x 79B)
Class org.jetbrains.kotlin.gradle.tasks.DefaultKotlinJavaToolchain$Companion$wireJvmTargetToJvm$1: loaded 2 times (x 75B)
Class org.jetbrains.kotlin.gradle.plugin.diagnostics.checkers.ComposePluginSuggestApplyChecker: loaded 2 times (x 74B)
Class org.jetbrains.kotlin.gradle.dsl.KotlinMultiplatformExtension                    : loaded 2 times (x 701B)
Class com.google.common.cache.RemovalListener                                         : loaded 2 times (x 70B)
Class org.gradle.api.internal.DefaultClassPathRegistry                                : loaded 2 times (x 76B)
Class org.apache.commons.io.file.DeleteOption                                         : loaded 2 times (x 70B)
Class com.google.common.reflect.Invokable$ConstructorInvokable                        : loaded 2 times (x 107B)
Class com.google.common.collect.ImmutableMultimap$Keys                                : loaded 2 times (x 166B)
Class org.jetbrains.kotlin.gradle.plugin.mpp.KotlinTargetSoftwareComponentImplKt$KotlinTargetSoftwareComponent$1$1$configuration$1: loaded 2 times (x 79B)
Class org.jetbrains.kotlin.gradle.targets.js.npm.DefaultPeerNpmDependencyExtension$delegate$1: loaded 2 times (x 167B)
Class org.jetbrains.kotlin.gradle.targets.js.npm.NpmDependency                        : loaded 2 times (x 97B)
Class org.jetbrains.kotlin.gradle.targets.js.npm.DefaultNpmDependencyExtension        : loaded 2 times (x 152B)
Class org.jetbrains.kotlin.gradle.targets.js.npm.NpmDependency$Scope                  : loaded 2 times (x 79B)
Class org.jetbrains.kotlin.gradle.plugin.sources.FragmentConsistencyChecks$unstableFeaturesCheck$1: loaded 2 times (x 79B)
Class org.jetbrains.kotlin.gradle.plugin.sources.DefaultKotlinSourceSet               : loaded 2 times (x 141B)
Class org.jetbrains.kotlin.gradle.plugin.diagnostics.checkers.AndroidSourceSetLayoutV1SourceSetsNotFoundChecker: loaded 2 times (x 74B)
Class org.jetbrains.kotlin.gradle.utils.ConfigurationsKt$sam$org_gradle_api_Action$0  : loaded 2 times (x 75B)
Class org.jetbrains.kotlin.gradle.plugin.VariantImplementationFactories$Parameters    : loaded 2 times (x 70B)
Class com.google.common.primitives.IntsMethodsForWeb                                  : loaded 2 times (x 71B)
Class com.google.common.collect.Multimap                                              : loaded 2 times (x 70B)
Class org.gradle.api.internal.ClassPathRegistry                                       : loaded 2 times (x 70B)
Class org.gradle.internal.classpath.DefaultClassPath$ImmutableUniqueList              : loaded 2 times (x 199B)
Class kotlin.text.StringsKt__StringsJVMKt                                             : loaded 2 times (x 71B)
Class org.apache.commons.io.IOUtils                                                   : loaded 2 times (x 71B)
Class com.google.common.reflect.TypeToken                                             : loaded 2 times (x 73B)
Class com.google.common.collect.NullnessCasts                                         : loaded 2 times (x 71B)
Class com.google.common.collect.MapMakerInternalMap$Segment                           : loaded 2 times (x 142B)
Class com.google.common.base.ExtraObjectsMethodsForWeb                                : loaded 2 times (x 71B)
Class org.jetbrains.kotlin.gradle.plugin.statistics.KotlinBuildStatisticsUtilsKt$collectGeneralConfigurationTimeMetrics$statisticOverhead$1$2: loaded 2 times (x 75B)
Class org.jetbrains.kotlin.gradle.plugin.KotlinCompilation$DefaultImpls               : loaded 2 times (x 71B)
Class org.jetbrains.kotlin.gradle.utils.ProviderApiUtilsKt$providerWithLazyConvention$1: loaded 2 times (x 74B)
Class org.jetbrains.kotlin.konan.target.KonanTarget$Companion$predefinedTargets$2     : loaded 2 times (x 78B)
Class org.jetbrains.kotlin.gradle.plugin.sources.FragmentConsistencyChecks$unstableFeaturesCheck$2: loaded 2 times (x 78B)
Class org.jetbrains.kotlin.gradle.plugin.KotlinPluginLifecycleImpl                    : loaded 2 times (x 80B)
Class org.jetbrains.kotlin.gradle.plugin.diagnostics.KotlinToolingDiagnostics$WasmWasiEnvironmentNotChosenExplicitly: loaded 2 times (x 73B)
Class org.jetbrains.kotlin.gradle.artifacts.KotlinNativeKlibArtifactKt$KotlinNativeKlibArtifact$1: loaded 2 times (x 74B)
Class org.jetbrains.kotlin.gradle.dsl.KotlinCommonCompilerOptionsDefault              : loaded 2 times (x 96B)
Class org.jetbrains.kotlin.gradle.dsl.KotlinCommonCompilerToolOptionsDefault          : loaded 2 times (x 84B)
Class org.jetbrains.kotlin.gradle.internal.properties.NativePropertiesLoader$isUseXcodeMessageStyleEnabled$1: loaded 2 times (x 75B)
Class org.jetbrains.kotlin.gradle.plugin.StatisticsBuildFlowManager_Decorated         : loaded 2 times (x 119B)
Class org.jetbrains.kotlin.gradle.report.BuildReportMode$Companion                    : loaded 2 times (x 71B)
Class org.jetbrains.kotlin.gradle.plugin.VariantImplementationFactories$VariantImplementationFactory: loaded 2 times (x 70B)
Class kotlin.collections.SetsKt                                                       : loaded 2 times (x 71B)
Class kotlin.text.StringsKt__IndentKt                                                 : loaded 2 times (x 71B)
Class com.google.common.base.Equivalence$Identity                                     : loaded 2 times (x 82B)
Class com.google.common.io.ByteSink                                                   : loaded 2 times (x 76B)
Class org.jetbrains.kotlin.gradle.plugin.mpp.ApplyUserDefinedAttributesKt$UserDefinedAttributesSetupAction$1$1: loaded 2 times (x 79B)
Class org.jetbrains.kotlin.compilerRunner.CompilerSystemPropertiesService             : loaded 2 times (x 80B)
Class org.jetbrains.kotlin.gradle.plugin.mpp.compilationImpl.KotlinCompilationImpl$1  : loaded 2 times (x 79B)
Class org.jetbrains.kotlin.gradle.targets.js.npm.SemVer$Companion                     : loaded 2 times (x 71B)
Class org.jetbrains.kotlin.konan.target.KonanTarget$LINUX_ARM64                       : loaded 2 times (x 78B)
Class org.jetbrains.kotlin.konan.target.KonanTarget$LINUX_X64                         : loaded 2 times (x 78B)
Class [Lorg.jetbrains.kotlin.konan.target.Architecture;                               : loaded 2 times (x 69B)
Class org.jetbrains.kotlin.gradle.targets.native.SetupEmbedAndSignAppleFrameworkTaskSideEffectKt$special$$inlined$KotlinTargetSideEffect$1: loaded 2 times (x 74B)
Class org.jetbrains.kotlin.gradle.plugin.mpp.KotlinUsages$KotlinCinteropCompatibility : loaded 2 times (x 77B)
Class org.jetbrains.kotlin.gradle.dsl.ExplicitApiMode                                 : loaded 2 times (x 79B)
Class org.jetbrains.kotlin.gradle.utils.GradleAttributesContainerUtilsKt              : loaded 2 times (x 71B)
Class org.jetbrains.kotlin.gradle.plugin.VariantImplementationFactories$Companion     : loaded 2 times (x 71B)
Class org.jetbrains.kotlin.gradle.plugin.internal.CustomPropertiesFileValueSource$Parameters_Decorated: loaded 2 times (x 134B)
Class org.jetbrains.kotlin.gradle.dsl.KotlinTopLevelExtensionConfig                   : loaded 2 times (x 70B)
Class com.google.common.cache.CacheBuilder                                            : loaded 2 times (x 72B)
Class com.google.common.collect.SingletonImmutableList                                : loaded 2 times (x 207B)
Class org.gradle.internal.classpath.ClassPath                                         : loaded 2 times (x 70B)
Class org.gradle.api.UncheckedIOException                                             : loaded 2 times (x 82B)
Class kotlin.sequences.SequencesKt__SequencesKt$asSequence$$inlined$Sequence$1        : loaded 2 times (x 75B)
Class [Lcom.google.common.reflect.Types$JavaVersion;                                  : loaded 2 times (x 69B)
Class com.google.common.collect.Interners$InternerBuilder                             : loaded 2 times (x 76B)
Class com.google.common.io.Files$FileByteSource                                       : loaded 2 times (x 85B)
Class org.jetbrains.kotlin.gradle.incremental.IncrementalModuleInfoProvider           : loaded 2 times (x 70B)
Class org.jetbrains.kotlin.gradle.plugin.mpp.compilationImpl.KotlinCompilationImpl$2  : loaded 2 times (x 79B)
Class org.jetbrains.kotlin.gradle.dsl.PlatformSourceSetConventionsChecker$runChecks$1 : loaded 2 times (x 88B)
Class org.jetbrains.kotlin.gradle.plugin.mpp.compilationImpl.KotlinCompilationProcessorSideEffectKt$KotlinCompilationProcessorSideEffect$1: loaded 2 times (x 74B)
Class org.jetbrains.kotlin.gradle.dsl.KotlinJvmCompilerOptionsDefault                 : loaded 2 times (x 106B)
Class org.jetbrains.kotlin.gradle.internal.UsesClassLoadersCachingBuildService        : loaded 2 times (x 70B)
Class com.google.common.collect.ImmutableList$ReverseImmutableList                    : loaded 2 times (x 208B)
Class com.google.common.base.JdkPattern                                               : loaded 2 times (x 75B)
Class kotlin.collections.MapsKt__MapsKt                                               : loaded 2 times (x 71B)
Class com.google.common.io.CharStreams$NullWriter                                     : loaded 2 times (x 99B)
Class com.google.common.io.CharSource$CharSequenceCharSource                          : loaded 2 times (x 86B)
Class org.jetbrains.kotlin.gradle.internal.transforms.BuildToolsApiClasspathEntrySnapshotTransform$Parameters: loaded 2 times (x 87B)
Class org.jetbrains.kotlin.compilerRunner.KotlinCompilerArgumentsLogLevel$Companion   : loaded 2 times (x 71B)
Class org.jetbrains.kotlin.gradle.plugin.DefaultKotlinBasePlugin$addKotlinCompilerConfiguration$3$1: loaded 2 times (x 79B)
Class org.jetbrains.kotlin.gradle.tasks.AbstractKotlinCompile$defaultKotlinJavaToolchain$1: loaded 2 times (x 78B)
Class org.jetbrains.kotlin.daemon.common.MultiModuleICSettings                        : loaded 2 times (x 72B)
Class org.jetbrains.kotlin.cli.common.arguments.Freezable                             : loaded 2 times (x 72B)
Class org.jetbrains.kotlin.gradle.plugin.KotlinCompilationInfoKt                      : loaded 2 times (x 71B)
Class org.jetbrains.kotlin.gradle.tasks.KotlinCompile                                 : loaded 2 times (x 498B)
Class com.google.errorprone.annotations.DoNotMock                                     : loaded 2 times (x 70B)
Class org.jetbrains.kotlin.gradle.internal.StdlibDependencyManagementKt               : loaded 2 times (x 71B)
Class org.jetbrains.kotlin.konan.target.KonanTarget$MINGW_X64                         : loaded 2 times (x 78B)
Class org.jetbrains.kotlin.gradle.dsl.PlatformSourceSetConventionsChecker$runChecks$2 : loaded 2 times (x 78B)
Class org.jetbrains.kotlin.gradle.utils.ObservableSet                                 : loaded 2 times (x 70B)
Class org.jetbrains.kotlin.gradle.plugin.diagnostics.KotlinToolingDiagnosticsCollectorKt: loaded 2 times (x 71B)
Class org.jetbrains.kotlin.gradle.plugin.mpp.HierarchyAttributeContainer              : loaded 2 times (x 83B)
Class org.jetbrains.kotlin.gradle.tasks.UsesKotlinJavaToolchain                       : loaded 2 times (x 70B)
Class org.jetbrains.kotlin.gradle.plugin.DefaultKotlinBasePlugin$apply$1              : loaded 2 times (x 75B)
Class org.jetbrains.kotlin.statistics.metrics.StringOverridePolicy$OVERRIDE           : loaded 2 times (x 85B)
Class org.jetbrains.kotlin.gradle.internal.properties.PropertiesBuildService$Params_Decorated: loaded 2 times (x 134B)
Class org.objectweb.asm.SymbolTable$Entry                                             : loaded 2 times (x 74B)
Class com.google.common.util.concurrent.AbstractFuture$AtomicHelper                   : loaded 2 times (x 78B)
Class com.google.common.base.PairwiseEquivalence                                      : loaded 2 times (x 83B)
Class Native_plugin_loader_gradle                                                     : loaded 2 times (x 130B)
Class org.jetbrains.kotlin.gradle.plugin.KotlinPlatformPluginBase                     : loaded 2 times (x 76B)
Class org.jetbrains.kotlin.gradle.plugin.mpp.KotlinTargetComponentWithCoordinatesAndPublication: loaded 2 times (x 70B)
Class org.jetbrains.kotlin.gradle.incremental.UsesIncrementalModuleInfoBuildService   : loaded 2 times (x 70B)
Class org.jetbrains.kotlin.konan.target.KonanTarget$ANDROID_X86                       : loaded 2 times (x 78B)
Class org.jetbrains.kotlin.gradle.dsl.PlatformSourceSetConventionsChecker$runChecks$3 : loaded 2 times (x 78B)
Class org.jetbrains.kotlin.gradle.plugin.RegisterKotlinPluginExtensionsKt             : loaded 2 times (x 71B)
Class org.jetbrains.kotlin.gradle.plugin.mpp.resources.resolve.KotlinTargetResourcesResolutionStrategy: loaded 2 times (x 79B)
Class org.jetbrains.kotlin.gradle.utils.CompilerOptionsKt$configureExperimentalTryNext$1$1: loaded 2 times (x 78B)
Class org.jetbrains.kotlin.gradle.utils.CompilerOptionsKt                             : loaded 2 times (x 71B)
Class org.jetbrains.kotlin.gradle.utils.SingleAction                                  : loaded 2 times (x 73B)
Class org.jetbrains.kotlin.gradle.plugin.PropertiesProvider$Companion                 : loaded 2 times (x 71B)
Class org.objectweb.asm.Edge                                                          : loaded 2 times (x 72B)
Class com.google.common.base.Suppliers$SupplierOfInstance                             : loaded 2 times (x 79B)
Class com.google.common.collect.Iterators$1                                           : loaded 2 times (x 81B)
Class kotlin.UninitializedPropertyAccessException                                     : loaded 2 times (x 82B)
Class com.google.common.reflect.TypeToken$1                                           : loaded 2 times (x 110B)
Class org.jetbrains.kotlin.gradle.tasks.KotlinCompile$defaultKotlinJavaToolchain$1    : loaded 2 times (x 79B)
Class org.jetbrains.kotlin.gradle.tasks.KotlinJavaToolchain$JavaToolchainSetter       : loaded 2 times (x 70B)
Class org.jetbrains.kotlin.gradle.dsl.PlatformSourceSetConventionsChecker$runChecks$4 : loaded 2 times (x 78B)
Class org.jetbrains.kotlin.gradle.plugin.diagnostics.checkers.JsLikeEnvironmentChecker$runChecks$1: loaded 2 times (x 88B)
Class org.jetbrains.kotlin.gradle.plugin.diagnostics.UsesKotlinToolingDiagnostics     : loaded 2 times (x 70B)
Class org.jetbrains.kotlin.gradle.plugin.diagnostics.KotlinToolingDiagnostics$WasmJsEnvironmentNotChosenExplicitly: loaded 2 times (x 73B)
Class org.jetbrains.kotlin.tooling.core.ExtrasPropertyKt$extrasLazyProperty$1         : loaded 2 times (x 94B)
Class org.jetbrains.kotlin.statistics.metrics.BooleanAnonymizationPolicy$SAFE         : loaded 2 times (x 85B)
Class com.google.common.cache.LocalCache$ComputingValueReference                      : loaded 2 times (x 96B)
Class com.google.common.collect.SingletonImmutableSet                                 : loaded 2 times (x 146B)
Class com.google.common.collect.ImmutableMap$IteratorBasedImmutableMap                : loaded 2 times (x 125B)
Class org.jetbrains.kotlin.gradle.plugin.KotlinGradleBuildServices$Inject             : loaded 2 times (x 100B)
Class com.google.common.collect.AbstractMapBasedMultimap$AsMap$AsMapEntries           : loaded 2 times (x 138B)
Class org.jetbrains.kotlin.gradle.internal.KotlinDependenciesManagementKt$configureDefaultVersionsResolutionStrategy$1$1$1: loaded 2 times (x 75B)
Class org.jetbrains.kotlin.gradle.plugin.mpp.compilationImpl.DefaultKotlinCompilationSourceSetsContainer$allKotlinSourceSetsImpl$1$1: loaded 2 times (x 80B)
Class org.jetbrains.kotlin.gradle.plugin.mpp.compilationImpl.DefaultKotlinCompilationSourceSetsContainer: loaded 2 times (x 78B)
Class org.jetbrains.kotlin.konan.target.KonanTarget$TVOS_SIMULATOR_ARM64              : loaded 2 times (x 78B)
Class org.jetbrains.kotlin.konan.target.KonanTarget$Companion                         : loaded 2 times (x 71B)
Class org.jetbrains.kotlin.gradle.plugin.KotlinPluginLifecycle$Stage$Companion        : loaded 2 times (x 71B)
Class org.jetbrains.kotlin.gradle.plugin.diagnostics.checkers.DeprecatedKotlinNativeTargetsChecker: loaded 2 times (x 74B)
Class org.jetbrains.kotlin.gradle.targets.native.ConfigureFrameworkExportSideEffectKt$special$$inlined$KotlinTargetSideEffect$1: loaded 2 times (x 74B)
Class org.jetbrains.kotlin.tooling.core.AbstractExtras                                : loaded 2 times (x 141B)
Class com.google.common.cache.LocalCache$Segment                                      : loaded 2 times (x 154B)
Class Native_plugin_loader_gradle$NativePluginLoader$Companion                        : loaded 2 times (x 71B)
Class [Lcom.google.common.base.Supplier;                                              : loaded 2 times (x 69B)
Class org.jetbrains.kotlin.gradle.internal.StdlibDependencyManagementKt$addStdlibDependency$1$1: loaded 2 times (x 79B)
Class org.jetbrains.kotlin.gradle.tasks.configuration.BaseKotlinCompileConfig$2$1     : loaded 2 times (x 75B)
Class org.jetbrains.kotlin.gradle.plugin.diagnostics.TransformActionUsingKotlinToolingDiagnostics: loaded 2 times (x 70B)
Class org.jetbrains.kotlin.build.report.metrics.BuildTimes                            : loaded 2 times (x 72B)
Class org.jetbrains.kotlin.gradle.tasks.KotlinCompile$ClasspathSnapshotProperties     : loaded 2 times (x 75B)
Class com.google.common.collect.SortedIterable                                        : loaded 2 times (x 70B)
Class org.jetbrains.kotlin.gradle.dsl.PlatformSourceSetConventionsChecker$runChecks$6 : loaded 2 times (x 88B)
Class org.jetbrains.kotlin.gradle.plugin.sources.DefaultKotlinSourceSet_Decorated     : loaded 2 times (x 192B)
Class org.jetbrains.kotlin.gradle.plugin.mpp.KotlinCompilationsKt                     : loaded 2 times (x 71B)
Class org.jetbrains.kotlin.gradle.utils.GradleUtilsKt$registerClassLoaderScopedBuildService$1: loaded 2 times (x 74B)
Class org.jetbrains.kotlin.statistics.metrics.StringOverridePolicy                    : loaded 2 times (x 85B)
Class org.jetbrains.kotlin.gradle.plugin.statistics.DefaultKotlinBuildStatsBeanService: loaded 2 times (x 92B)
Class [Lorg.objectweb.asm.SymbolTable$Entry;                                          : loaded 2 times (x 69B)
Class com.google.common.cache.CacheLoader                                             : loaded 2 times (x 74B)
Class com.google.common.collect.Iterators$4                                           : loaded 2 times (x 82B)
Class com.google.common.collect.ImmutableBiMap                                        : loaded 2 times (x 143B)
Class com.google.common.collect.AbstractListMultimap                                  : loaded 2 times (x 172B)
Class org.gradle.internal.installation.GradleInstallation$1                           : loaded 2 times (x 75B)
Class org.gradle.api.internal.classpath.ModuleRegistry                                : loaded 2 times (x 70B)
Class build_6vkohzwu1ip0043s1cwax2i6v$_run_closure1                                   : loaded 2 times (x 139B)
Class org.apache.commons.io.output.NullWriter                                         : loaded 2 times (x 99B)
Class org.jetbrains.kotlin.gradle.logging.GradleKotlinLogger                          : loaded 2 times (x 80B)
Class org.jetbrains.kotlin.gradle.plugin.KotlinPluginLifecycle$ProjectConfigurationResult: loaded 2 times (x 71B)
Class org.jetbrains.kotlin.gradle.internal.KotlinDependenciesManagementKt$configureDefaultVersionsResolutionStrategy$1: loaded 2 times (x 75B)
Class org.jetbrains.kotlin.gradle.internal.StdlibDependencyManagementKt$configureStdlibDefaultDependency$1: loaded 2 times (x 79B)
Class org.jetbrains.kotlin.gradle.model.builder.KotlinModelBuilder$Companion          : loaded 2 times (x 71B)
Class org.jetbrains.kotlin.gradle.plugin.mpp.compilationImpl.KotlinCreateResourcesTaskSideEffectKt: loaded 2 times (x 71B)
Class org.jetbrains.kotlin.gradle.targets.native.internal.SetupKotlinNativePlatformDependenciesAndStdlibKt: loaded 2 times (x 71B)
Class [Lorg.jetbrains.kotlin.gradle.plugin.mpp.resources.resolve.KotlinTargetResourcesResolutionStrategy;: loaded 2 times (x 69B)
Class org.jetbrains.kotlin.gradle.plugin.mpp.KotlinUsages                             : loaded 2 times (x 71B)
Class org.jetbrains.kotlin.gradle.internal.properties.NativePropertiesLoader$Companion: loaded 2 times (x 71B)
Class [Lorg.jetbrains.kotlin.build.report.metrics.GradleBuildPerformanceMetric;       : loaded 2 times (x 69B)
Class org.jetbrains.kotlin.gradle.plugin.statistics.KotlinBuildStatsBeanService$Companion: loaded 2 times (x 71B)
Class org.jetbrains.kotlin.gradle.plugin.statistics.BuildFusService$Companion         : loaded 2 times (x 71B)
Class com.google.common.util.concurrent.internal.InternalFutureFailureAccess          : loaded 2 times (x 72B)
Class com.google.common.collect.Iterators$5                                           : loaded 2 times (x 82B)
Class com.google.common.collect.ImmutableSet$JdkBackedSetBuilderImpl                  : loaded 2 times (x 76B)
Class com.google.common.base.Splitter$SplittingIterator                               : loaded 2 times (x 84B)
Class build_6y050fs54j50jg0uwke5vxnmm                                                 : loaded 2 times (x 180B)
Class com.google.common.collect.ImmutableMultimap$Values                              : loaded 2 times (x 126B)
Class com.google.common.collect.ImmutableSortedAsList                                 : loaded 2 times (x 220B)
Class com.google.common.io.Closer$SuppressingSuppressor                               : loaded 2 times (x 75B)
Class com.google.common.collect.HashBiMap$Inverse                                     : loaded 2 times (x 142B)
Class org.jetbrains.kotlin.gradle.plugin.HasCompilerOptions                           : loaded 2 times (x 70B)
Class org.jetbrains.kotlin.gradle.plugin.mpp.compilationImpl.DefaultKotlinCompilationFriendPathsResolver$FriendArtifactResolver: loaded 2 times (x 70B)
Class org.jetbrains.kotlin.konan.target.KonanTarget$WATCHOS_SIMULATOR_ARM64           : loaded 2 times (x 78B)
Class org.jetbrains.kotlin.gradle.targets.js.ir.KotlinJsIrTarget                      : loaded 2 times (x 260B)
Class org.jetbrains.kotlin.gradle.plugin.mpp.DefaultKotlinUsageContext                : loaded 2 times (x 108B)
Class org.jetbrains.kotlin.gradle.plugin.KotlinPluginLifecycleImpl$start$3            : loaded 2 times (x 79B)
Class org.jetbrains.kotlin.gradle.plugin.KotlinMultiplatformPluginWrapper             : loaded 2 times (x 86B)
Class [Lorg.jetbrains.kotlin.statistics.metrics.BooleanMetrics;                       : loaded 2 times (x 69B)
Class org.jetbrains.kotlin.gradle.internal.properties.PropertiesBuildService$Companion: loaded 2 times (x 71B)
Class com.google.common.util.concurrent.AbstractFuture$UnsafeAtomicHelper             : loaded 2 times (x 78B)
Class com.google.common.cache.LocalCache$LocalManualCache$1                           : loaded 2 times (x 75B)
Class com.google.common.base.CharMatcher$ForPredicate                                 : loaded 2 times (x 112B)
Class kotlin.collections.CollectionsKt__CollectionsJVMKt                              : loaded 2 times (x 71B)
Class com.google.common.collect.Multimaps$CustomSetMultimap                           : loaded 2 times (x 178B)
Class com.google.common.collect.ImmutableSortedMap$1EntrySet                          : loaded 2 times (x 153B)
Class org.jetbrains.kotlin.gradle.plugin.mpp.compilationImpl.KotlinCompilationConfigurationsContainer: loaded 2 times (x 70B)
Class org.jetbrains.kotlin.gradle.internal.StdlibDependencyManagementKt$addStdlibDependency$1: loaded 2 times (x 75B)
Class [Lorg.jetbrains.kotlin.gradle.plugin.KotlinPluginLifecycle$CoroutineStart;      : loaded 2 times (x 69B)
Class org.jetbrains.kotlin.gradle.dsl.IosSourceSetConventionChecker                   : loaded 2 times (x 74B)
Class org.jetbrains.kotlin.gradle.plugin.diagnostics.KotlinGradleProjectChecker       : loaded 2 times (x 70B)
Class org.jetbrains.kotlin.gradle.dsl.KotlinMultiplatformSourceSetConventions         : loaded 2 times (x 70B)
Class org.jetbrains.kotlin.gradle.plugin.sources.KotlinSourceSetFactory$Companion     : loaded 2 times (x 71B)
Class org.jetbrains.kotlin.statistics.metrics.NumberOverridePolicy$SUM                : loaded 2 times (x 85B)
Class com.google.common.collect.ImmutableCollection                                   : loaded 2 times (x 125B)
Class com.google.common.base.CharMatcher$AnyOf                                        : loaded 2 times (x 112B)
Class org.gradle.api.internal.classpath.DefaultModuleRegistry                         : loaded 2 times (x 86B)
Class kotlin.sequences.SequencesKt                                                    : loaded 2 times (x 71B)
Class kotlin.collections.CollectionsKt__IteratorsKt                                   : loaded 2 times (x 71B)
Class kotlin.sequences.FilteringSequence$iterator$1                                   : loaded 2 times (x 79B)
Class org.jetbrains.kotlin.gradle.plugin.internal.state.TaskExecutionResults          : loaded 2 times (x 71B)
Class org.jetbrains.kotlin.gradle.plugin.statistics.BuildFusService$Parameters$Inject : loaded 2 times (x 112B)
Class org.jetbrains.kotlin.compilerRunner.KotlinCompilerArgumentsLogLevel             : loaded 2 times (x 79B)
Class org.jetbrains.kotlin.gradle.plugin.mpp.compilationImpl.factory.CompositePostConfigure: loaded 2 times (x 75B)
Class org.jetbrains.kotlin.gradle.targets.native.internal.CInteropConfigurationsKt    : loaded 2 times (x 71B)
Class org.jetbrains.kotlin.statistics.metrics.StatisticsValuesConsumer                : loaded 2 times (x 70B)
Class com.google.common.util.concurrent.ListenableFuture                              : loaded 2 times (x 70B)
Class com.google.common.cache.ReferenceEntry                                          : loaded 2 times (x 70B)
Class com.google.common.collect.ImmutableSet$CachingAsList                            : loaded 2 times (x 147B)
Class com.google.common.base.Converter                                                : loaded 2 times (x 90B)
Class com.google.common.collect.Lists                                                 : loaded 2 times (x 71B)
Class com.google.common.base.CharMatcher$Any                                          : loaded 2 times (x 112B)
Class kotlin.text.StringsKt                                                           : loaded 2 times (x 71B)
Class org.jetbrains.kotlin.gradle.plugin.DefaultKotlinBasePlugin$addKotlinCompilerConfiguration$2$1$1$1: loaded 2 times (x 75B)
Class org.jetbrains.kotlin.gradle.plugin.statistics.NonSynchronizedMetricsContainer   : loaded 2 times (x 77B)
Class org.jetbrains.kotlin.gradle.tasks.KotlinCompilerExecutionStrategy$Companion     : loaded 2 times (x 71B)
Class org.jetbrains.kotlin.gradle.plugin.CompilerPluginConfig                         : loaded 2 times (x 72B)
Class org.jetbrains.kotlin.gradle.model.builder.KotlinModelBuilder                    : loaded 2 times (x 76B)
Class [Lorg.jetbrains.kotlin.tooling.core.HasMutableExtras;                           : loaded 2 times (x 69B)
Class org.jetbrains.kotlin.gradle.plugin.diagnostics.checkers.GradleDeprecatedPropertyChecker: loaded 2 times (x 74B)
Class org.jetbrains.kotlin.gradle.artifacts.KotlinJsKlibArtifactKt$KotlinJsKlibArtifact$1: loaded 2 times (x 74B)
Class org.jetbrains.kotlin.gradle.targets.CreateTargetConfigurationsSideEffectKt      : loaded 2 times (x 71B)
Class org.jetbrains.kotlin.gradle.plugin.mpp.ApplyUserDefinedAttributesKt$UserDefinedAttributesSetupAction$1: loaded 2 times (x 95B)
Class org.jetbrains.kotlin.gradle.plugin.mpp.KotlinAndroidTarget                      : loaded 2 times (x 165B)
Class org.jetbrains.kotlin.gradle.plugin.DefaultKotlinBasePlugin$addKotlinCompilerConfiguration$1: loaded 2 times (x 75B)
Class org.jetbrains.kotlin.gradle.plugin.internal.DefaultCompatibilityConventionRegistrar: loaded 2 times (x 74B)
Class org.jetbrains.kotlin.gradle.plugin.PropertiesProvider                           : loaded 2 times (x 72B)
Class com.google.common.util.concurrent.AbstractFuture                                : loaded 2 times (x 106B)
Class com.google.common.base.FunctionalEquivalence                                    : loaded 2 times (x 83B)
Class com.google.common.collect.Iterators$9                                           : loaded 2 times (x 81B)
Class com.google.common.collect.AbstractMapBasedMultimap                              : loaded 2 times (x 139B)
Class com.google.common.collect.ImmutableAsList                                       : loaded 2 times (x 209B)
Class kotlin.LazyKt__LazyJVMKt                                                        : loaded 2 times (x 71B)
Class build_7rwbe6unj3pvm0slpeq8s7opa$_run_closure1$_closure3                         : loaded 2 times (x 139B)
Class com.google.common.reflect.TypeResolver$TypeTable                                : loaded 2 times (x 73B)
Class com.google.common.io.CharStreams                                                : loaded 2 times (x 71B)
Class com.google.common.collect.ImmutableMultiset                                     : loaded 2 times (x 163B)
Class org.jetbrains.kotlin.gradle.plugin.mpp.MppSourcesJarKt$sourcesJarTask$1         : loaded 2 times (x 95B)
Class [Lorg.jetbrains.kotlin.gradle.dsl.jvm.JvmTargetValidationMode;                  : loaded 2 times (x 69B)
Class org.jetbrains.kotlin.gradle.tasks.DefaultKotlinJavaToolchain$javaVersion$1      : loaded 2 times (x 74B)
Class org.jetbrains.kotlin.gradle.plugin.mpp.compilationImpl.factory.KotlinCompilationImplFactory$KotlinCompilationOutputFactory: loaded 2 times (x 70B)
Class org.jetbrains.kotlin.konan.target.TargetSupportException                        : loaded 2 times (x 82B)
Class org.jetbrains.kotlin.gradle.plugin.KotlinCompilationToRunnableFiles             : loaded 2 times (x 70B)
Class org.jetbrains.kotlin.gradle.tooling.BuildKotlinToolingMetadataTaskKt            : loaded 2 times (x 71B)
Class org.jetbrains.kotlin.gradle.plugin.ProjectLocalConfigurations$setupAttributesMatchingStrategy$1$1: loaded 2 times (x 74B)
Class org.jetbrains.kotlin.gradle.targets.native.toolchain.KotlinNativeBundleBuildService$Companion$registerIfAbsent$2$1$1: loaded 2 times (x 75B)
Class org.jetbrains.kotlin.statistics.BuildSessionLogger$Companion                    : loaded 2 times (x 71B)
Class org.objectweb.asm.RecordComponentVisitor                                        : loaded 2 times (x 77B)
Class com.google.common.cache.CacheLoader$SupplierToCacheLoader                       : loaded 2 times (x 75B)
Class kotlin.text.StringsKt__StringNumberConversionsKt                                : loaded 2 times (x 71B)
Class org.gradle.kotlin.dsl.Accessors3b22zubz91h1vnit99qiq17ljKt                      : loaded 2 times (x 71B)
Class com.google.common.reflect.TypeResolver$TypeTable$1                              : loaded 2 times (x 73B)
Class com.google.common.collect.UsingToStringOrdering                                 : loaded 2 times (x 114B)
Class org.jetbrains.kotlin.gradle.internal.StdlibDependencyManagementKt$isStdlibAddedByUser$1: loaded 2 times (x 79B)
Class org.jetbrains.kotlin.gradle.targets.js.npm.SemverKt                             : loaded 2 times (x 71B)
Class org.jetbrains.kotlin.gradle.plugin.mpp.MppSourcesJarKt                          : loaded 2 times (x 71B)
Class org.jetbrains.kotlin.gradle.plugin.mpp.KotlinCompilationsKt$sam$java_util_concurrent_Callable$0: loaded 2 times (x 75B)
Class org.jetbrains.kotlin.gradle.tasks.KotlinCompilerPluginData                      : loaded 2 times (x 72B)
Class org.jetbrains.kotlin.compilerRunner.CompilerSystemPropertiesService$Companion$registerIfAbsent$2$1$1: loaded 2 times (x 75B)
Class org.jetbrains.kotlin.gradle.plugin.KotlinCompilationInfo                        : loaded 2 times (x 88B)
Class org.jetbrains.kotlin.gradle.plugin.mpp.compilationImpl.KotlinCompilationSourceSetInclusion$include$1: loaded 2 times (x 79B)
Class org.jetbrains.kotlin.gradle.plugin.mpp.compilationImpl.factory.KotlinCompilationImplFactory$KotlinCompilationDependencyConfigurationsFactory: loaded 2 times (x 70B)
Class org.jetbrains.kotlin.gradle.plugin.internal.UsesBuildIdProviderService          : loaded 2 times (x 70B)
Class org.jetbrains.kotlin.gradle.tasks.BaseKotlinCompile                             : loaded 2 times (x 70B)
Class org.jetbrains.kotlin.gradle.plugin.KotlinPluginLifecycleCoroutineContextElement$Key: loaded 2 times (x 71B)
Class org.jetbrains.kotlin.gradle.internal.IdeaKt                                     : loaded 2 times (x 71B)
Class org.jetbrains.kotlin.gradle.plugin.diagnostics.KotlinToolingDiagnosticsSetupActionKt$KotlinToolingDiagnosticsSetupAction$1: loaded 2 times (x 74B)
Class org.jetbrains.kotlin.tooling.core.ExtrasPropertyKt                              : loaded 2 times (x 71B)
Class org.jetbrains.kotlin.gradle.dsl.KotlinProjectExtensionKt                        : loaded 2 times (x 71B)
Class org.jetbrains.kotlin.gradle.plugin.KotlinGradleBuildServices$Parameters_Decorated: loaded 2 times (x 134B)
Class org.jetbrains.kotlin.gradle.plugin.DefaultKotlinBasePlugin$addKotlinCompilerConfiguration$3: loaded 2 times (x 75B)
Class [Lorg.jetbrains.kotlin.statistics.metrics.IMetricContainerFactory;              : loaded 2 times (x 69B)
Class com.google.common.collect.Maps$EntryTransformer                                 : loaded 2 times (x 70B)
Class org.gradle.internal.service.ServiceLookupException                              : loaded 2 times (x 82B)
Class com.google.common.io.Resources$UrlByteSource                                    : loaded 2 times (x 85B)
Class org.jetbrains.kotlin.gradle.plugin.statistics.BuildFusService$Inject            : loaded 2 times (x 104B)
Class org.jetbrains.kotlin.gradle.internal.StdlibDependencyManagementKt$isStdlibAddedByUser$2: loaded 2 times (x 78B)
Class org.jetbrains.kotlin.gradle.tasks.GradleCompileTaskProvider_Decorated           : loaded 2 times (x 121B)
Class org.jetbrains.kotlin.gradle.plugin.hierarchy.KotlinSourceSetTreeClassifierKt$sourceSetTreeClassifier$2: loaded 2 times (x 78B)
Class com.google.common.collect.Lists$ReverseList                                     : loaded 2 times (x 200B)
Class com.google.common.collect.ImmutableSortedSet                                    : loaded 2 times (x 299B)
Class org.jetbrains.kotlin.konan.target.HostManager                                   : loaded 2 times (x 72B)
Class org.jetbrains.kotlin.gradle.targets.js.npm.NpmDirectoryDependencyExtension      : loaded 2 times (x 70B)
Class org.jetbrains.kotlin.gradle.plugin.mpp.KotlinUsageContext$MavenScope            : loaded 2 times (x 79B)
Class org.jetbrains.kotlin.gradle.targets.native.KotilnNativeConfigureBinariesSideEffectKt$special$$inlined$KotlinTargetSideEffect$1: loaded 2 times (x 74B)
Class org.jetbrains.kotlin.gradle.plugin.KotlinProjectSetupAction$Companion           : loaded 2 times (x 71B)
Class [Lcom.google.common.cache.LocalCache$EntryFactory;                              : loaded 2 times (x 69B)
Class com.google.common.base.CharMatcher$JavaLetter                                   : loaded 2 times (x 111B)
Class org.gradle.internal.classloader.ClassLoaderFactory                              : loaded 2 times (x 70B)
Class org.apache.commons.io.CloseableURLConnection                                    : loaded 2 times (x 116B)
Class org.jetbrains.kotlin.gradle.plugin.SubpluginEnvironment                         : loaded 2 times (x 72B)
Class org.jetbrains.kotlin.gradle.internal.StdlibDependencyManagementKt$addStdlibDependency$1$1$1: loaded 2 times (x 75B)
Class org.jetbrains.kotlin.gradle.tasks.DefaultKotlinJavaToolchain$currentJvmJdkToolsJar$1: loaded 2 times (x 74B)
Class org.jetbrains.kotlin.gradle.plugin.sources.AbstractKotlinSourceSet              : loaded 2 times (x 141B)
Class org.jetbrains.kotlin.gradle.tooling.BuildKotlinToolingMetadataTaskKt$RegisterBuildKotlinToolingMetadataTask$1: loaded 2 times (x 74B)
Class org.jetbrains.kotlin.compilerRunner.GradleCliCommonizerKt$maybeCreateCommonizerClasspathConfiguration$1$1: loaded 2 times (x 75B)
Class [Lorg.jetbrains.kotlin.build.report.metrics.ValueType;                          : loaded 2 times (x 69B)
Class com.google.common.cache.LocalCache$LocalManualCache                             : loaded 2 times (x 99B)
Class com.google.common.base.CharMatcher$IsNot                                        : loaded 2 times (x 111B)
Class com.google.common.base.CommonPattern                                            : loaded 2 times (x 74B)
Class org.gradle.internal.service.CachingServiceLocator                               : loaded 2 times (x 82B)
Class build_8widj0iietofevectdi1bw4up                                                 : loaded 2 times (x 180B)
Class build_7rwbe6unj3pvm0slpeq8s7opa                                                 : loaded 2 times (x 180B)
Class org.jetbrains.kotlin.gradle.dsl.jvm.JvmTargetValidationMode                     : loaded 2 times (x 79B)
Class org.jetbrains.kotlin.gradle.plugin.BuildFinishedListenerService$Companion$registerIfAbsent$2$1: loaded 2 times (x 79B)
Class org.jetbrains.kotlin.gradle.plugin.KotlinTargetConfiguratorKt$WhenMappings      : loaded 2 times (x 71B)
Class com.google.common.collect.AbstractMapBasedMultimap$KeySet                       : loaded 2 times (x 137B)
Class com.google.common.collect.RegularImmutableSortedSet                             : loaded 2 times (x 299B)
Class org.jetbrains.kotlin.gradle.internal.KotlinTestDependencyManagementKt$configureKotlinTestDependency$1: loaded 2 times (x 79B)
Class org.jetbrains.kotlin.gradle.plugin.diagnostics.checkers.OverriddenKotlinNativeHomeChecker$StdlibExistenceCheckerValueSource$Params_Decorated: loaded 2 times (x 134B)
Class org.jetbrains.kotlin.project.model.LanguageSettings                             : loaded 2 times (x 70B)
Class org.jetbrains.kotlin.gradle.plugin.KotlinPluginLifecycleKt$kotlinPluginLifecycle$2: loaded 2 times (x 78B)
Class org.jetbrains.kotlin.gradle.plugin.statistics.BuildFusService$Companion$registerIfAbsent$1$1: loaded 2 times (x 79B)
Class org.jetbrains.kotlin.gradle.plugin.BuildFinishFlowAction$Parameters_Decorated   : loaded 2 times (x 137B)
Class org.jetbrains.kotlin.gradle.plugin.internal.CompatibilityConventionRegistrar$Factory: loaded 2 times (x 70B)
Class com.google.common.math.IntMath                                                  : loaded 2 times (x 71B)
Class org.gradle.internal.classloader.FilteringClassLoader                            : loaded 2 times (x 105B)
Class com.google.common.reflect.Types$TypeVariableInvocationHandler                   : loaded 2 times (x 75B)
Class org.jetbrains.kotlin.gradle.plugin.mpp.KotlinMetadataTarget                     : loaded 2 times (x 167B)
Class com.google.common.collect.MapMakerInternalMap$InternalEntry                     : loaded 2 times (x 70B)
Class [Lcom.google.common.collect.HashBiMap$BiEntry;                                  : loaded 2 times (x 69B)
Class org.jetbrains.kotlin.gradle.plugin.diagnostics.CheckKotlinGradlePluginConfigurationErrorsKt$locateOrRegisterCheckKotlinGradlePluginErrorsTask$taskProvider$1$1: loaded 2 times (x 75B)
Class org.jetbrains.kotlin.gradle.plugin.mpp.InternalKotlinCompilation$DefaultImpls   : loaded 2 times (x 71B)
Class org.jetbrains.kotlin.gradle.plugin.mpp.compilationImpl.KotlinCompilationSourceSetInclusion$DefaultAddSourcesToCompileTask: loaded 2 times (x 74B)
Class org.jetbrains.kotlin.gradle.internal.KotlinTestDependencyManagementKt$configureKotlinTestDependency$2: loaded 2 times (x 75B)
Class org.jetbrains.kotlin.gradle.dsl.PlatformSourceSetConventionsChecker$runChecks$$inlined$CheckedPlatformInfo$default$1: loaded 2 times (x 78B)
Class [Lorg.jetbrains.kotlin.gradle.plugin.KotlinPluginLifecycle$Stage;               : loaded 2 times (x 69B)
Class org.jetbrains.kotlin.gradle.artifacts.KotlinTargetArtifact$Companion            : loaded 2 times (x 71B)
Class org.jetbrains.kotlin.gradle.plugin.mpp.compilationImpl.KotlinCreateLifecycleTasksSideEffectKt$KotlinCreateLifecycleTasksSideEffect$1: loaded 2 times (x 74B)
Class org.jetbrains.kotlin.gradle.targets.metadata.KotlinMetadataTargetConfiguratorKt$metadataCompilationsCreated$2: loaded 2 times (x 78B)
Class org.jetbrains.kotlin.gradle.dsl.KotlinGradlePluginDsl                           : loaded 2 times (x 70B)
Class org.jetbrains.kotlin.tooling.core.MutableExtras                                 : loaded 2 times (x 70B)
Class org.jetbrains.kotlin.gradle.plugin.KotlinGradleBuildServices$detectKotlinPluginLoadedInMultipleProjects$onRegister$1: loaded 2 times (x 79B)
Class com.google.common.collect.Iterators$10                                          : loaded 2 times (x 81B)
Class com.google.common.collect.ImmutableMapEntry                                     : loaded 2 times (x 85B)
Class com.google.common.base.CharMatcher$JavaDigit                                    : loaded 2 times (x 111B)
Class kotlin.enums.EnumEntries                                                        : loaded 2 times (x 70B)
Class org.jetbrains.kotlin.build.report.metrics.DoNothingBuildMetricsReporter         : loaded 2 times (x 86B)
Class com.google.common.collect.ImmutableMultimap                                     : loaded 2 times (x 147B)
Class com.google.common.base.Predicates                                               : loaded 2 times (x 71B)
Class org.jetbrains.kotlin.gradle.plugin.diagnostics.CheckKotlinGradlePluginConfigurationErrorsKt$locateOrRegisterCheckKotlinGradlePluginErrorsTask$taskProvider$1$2: loaded 2 times (x 74B)
Class org.jetbrains.kotlin.gradle.plugin.mpp.KotlinWithJavaTarget                     : loaded 2 times (x 166B)
Class org.jetbrains.kotlin.gradle.tasks.CompileUsingKotlinDaemon                      : loaded 2 times (x 70B)
Class org.jetbrains.kotlin.gradle.plugin.mpp.compilationImpl.KotlinCreateNativeCompileTasksSideEffectKt$special$$inlined$KotlinCompilationSideEffect$1: loaded 2 times (x 74B)
Class org.jetbrains.kotlin.gradle.targets.KotlinTargetSideEffect$Companion            : loaded 2 times (x 71B)
Class org.jetbrains.kotlin.gradle.dsl.KotlinSingleJavaTargetExtension                 : loaded 2 times (x 124B)
Class org.jetbrains.kotlin.gradle.utils.StoredPropertyKt$extrasStoredProperty$1       : loaded 2 times (x 78B)
Class org.jetbrains.kotlin.gradle.plugin.KotlinPluginLifecycle$IllegalLifecycleException: loaded 2 times (x 82B)
Class org.jetbrains.kotlin.gradle.internal.properties.NativePropertiesLoader$userProvidedNativeHome$1: loaded 2 times (x 75B)
Class org.jetbrains.kotlin.gradle.plugin.KotlinGradleFinishBuildHandler               : loaded 2 times (x 72B)
Class [Lorg.jetbrains.kotlin.build.report.metrics.BuildPerformanceMetric;             : loaded 2 times (x 69B)
Class org.jetbrains.kotlin.statistics.metrics.StringOverridePolicy$CONCAT             : loaded 2 times (x 85B)
Class org.jetbrains.kotlin.gradle.dsl.KotlinTopLevelExtension                         : loaded 2 times (x 70B)
Class com.google.common.base.Equivalence                                              : loaded 2 times (x 82B)
Class com.google.common.collect.ImmutableMapEntry$NonTerminalImmutableMapEntry        : loaded 2 times (x 85B)
Class com.google.common.base.Function                                                 : loaded 2 times (x 70B)
Class org.apache.commons.io.output.AbstractByteArrayOutputStream                      : loaded 2 times (x 102B)
Class org.jetbrains.kotlin.gradle.plugin.ProjectLocalConfigurationsKt                 : loaded 2 times (x 71B)
Class org.jetbrains.kotlin.gradle.plugin.mpp.compilationImpl.factory.KotlinCompilationImplFactory: loaded 2 times (x 72B)
Class org.jetbrains.kotlin.gradle.internal.KotlinDomApiDependencyManagementKt$addKotlinDomApiDependency$1: loaded 2 times (x 75B)
Class org.jetbrains.kotlin.gradle.plugin.diagnostics.checkers.KotlinTargetAlreadyDeclaredChecker$runChecks$1: loaded 2 times (x 88B)
Class org.jetbrains.kotlin.gradle.plugin.mpp.KotlinTargetWithBinaries                 : loaded 2 times (x 163B)
Class [Lorg.jetbrains.kotlin.gradle.plugin.KotlinSourceSet;                           : loaded 2 times (x 69B)
Class org.jetbrains.kotlin.gradle.plugin.diagnostics.checkers.JsEnvironmentChecker$1  : loaded 2 times (x 78B)
Class org.jetbrains.kotlin.gradle.plugin.diagnostics.KotlinToolingDiagnostics$JsLikeEnvironmentNotChosenExplicitly: loaded 2 times (x 73B)
Class org.jetbrains.kotlin.gradle.plugin.KotlinTargetsContainerWithPresets            : loaded 2 times (x 70B)
Class org.jetbrains.kotlin.gradle.utils.StoredLazyProperty$getValue$1                 : loaded 2 times (x 79B)
Class org.jetbrains.kotlin.statistics.metrics.IMetricContainerFactory                 : loaded 2 times (x 70B)
Class org.jetbrains.kotlin.statistics.MetricValueValidationFailed                     : loaded 2 times (x 82B)
Class org.jetbrains.kotlin.gradle.plugin.PropertiesProvider$localProperties$2         : loaded 2 times (x 79B)
Class com.google.common.collect.IndexedImmutableSet$1                                 : loaded 2 times (x 212B)
Class com.google.common.cache.CacheBuilder$OneWeigher                                 : loaded 2 times (x 82B)
Class com.google.common.collect.RegularImmutableList                                  : loaded 2 times (x 212B)
Class org.jetbrains.kotlin.gradle.utils.Completable$await$1                           : loaded 2 times (x 88B)
Class kotlin.collections.ArraysKt__ArraysKt                                           : loaded 2 times (x 71B)
Class com.google.common.reflect.Types$ClassOwnership$1LocalClass                      : loaded 2 times (x 71B)
Class com.google.common.collect.ImmutableSortedMap                                    : loaded 2 times (x 217B)
Class org.jetbrains.kotlin.gradle.plugin.mpp.compilationImpl.DefaultKotlinCompilationFriendPathsResolver$resolveFriendPaths$1$1: loaded 2 times (x 79B)
Class org.jetbrains.kotlin.gradle.tasks.configuration.KaptGenerateStubsConfig         : loaded 2 times (x 72B)
Class org.jetbrains.kotlin.gradle.tasks.configuration.BaseKotlinCompileConfig$1$classpathConfiguration$jvmToolchain$1: loaded 2 times (x 74B)
Class org.jetbrains.kotlin.build.report.metrics.BuildMetricsReporterImpl              : loaded 2 times (x 98B)
Class org.jetbrains.kotlin.gradle.targets.js.npm.SemVer                               : loaded 2 times (x 75B)
Class org.jetbrains.kotlin.gradle.plugin.diagnostics.checkers.JsEnvironmentChecker$2  : loaded 2 times (x 78B)
Class org.jetbrains.kotlin.gradle.utils.WhenPluginEnabledKt$whenPluginsEnabled$1      : loaded 2 times (x 75B)
Class org.jetbrains.kotlin.gradle.tasks.AbstractKotlinCompileTool                     : loaded 2 times (x 366B)
Class [Lorg.jetbrains.kotlin.gradle.report.BuildReportType;                           : loaded 2 times (x 69B)
Class org.jetbrains.kotlin.gradle.plugin.statistics.KotlinBuildStatsConfiguration     : loaded 2 times (x 72B)
Class org.jetbrains.kotlin.gradle.internal.properties.PropertiesBuildService$localProperties$2: loaded 2 times (x 79B)
Class com.google.common.collect.ImmutableBiMapFauxverideShim                          : loaded 2 times (x 120B)
Class org.gradle.internal.classloader.ClasspathUtil                                   : loaded 2 times (x 71B)
Class org.jetbrains.kotlin.gradle.plugin.mpp.compilationImpl.DefaultKotlinCompilationFriendPathsResolver$DefaultFriendArtifactResolver: loaded 2 times (x 74B)
Class org.jetbrains.kotlin.gradle.dsl.KotlinCompile                                   : loaded 2 times (x 70B)
Class org.jetbrains.kotlin.gradle.plugin.diagnostics.checkers.InternalGradlePropertiesUsageChecker$runChecks$1: loaded 2 times (x 88B)
Class org.jetbrains.kotlin.gradle.utils.StringUtilsKt$lowerCamelCaseName$1            : loaded 2 times (x 125B)
Class org.jetbrains.kotlin.gradle.plugin.diagnostics.checkers.JsEnvironmentChecker$3  : loaded 2 times (x 78B)
Class org.jetbrains.kotlin.gradle.artifacts.KotlinLegacyMetadataArtifactKt            : loaded 2 times (x 71B)
Class org.jetbrains.kotlin.gradle.dsl.JvmTarget$Companion                             : loaded 2 times (x 71B)
Class org.jetbrains.kotlin.gradle.internal.properties.NativePropertiesLoader$downloadFromMaven$1: loaded 2 times (x 75B)
Class org.jetbrains.kotlin.gradle.plugin.internal.DefaultConfigurationCacheStartParameterAccessor_Decorated: loaded 2 times (x 125B)
Class org.jetbrains.kotlin.gradle.plugin.internal.DefaultConfigurationCacheStartParameterAccessor: loaded 2 times (x 77B)
Class org.jetbrains.kotlin.tooling.core.HasExtras                                     : loaded 2 times (x 70B)
Class com.google.common.base.Charsets                                                 : loaded 2 times (x 71B)
Class com.google.common.util.concurrent.Uninterruptibles                              : loaded 2 times (x 71B)
Class com.google.common.collect.AbstractMapBasedMultimap$WrappedSet                   : loaded 2 times (x 142B)
Class com.google.common.io.CharSource                                                 : loaded 2 times (x 85B)
Class org.jetbrains.kotlin.gradle.plugin.KotlinCompilationInfo$TCS$friendPaths$1      : loaded 2 times (x 79B)
Class org.jetbrains.kotlin.gradle.plugin.sources.DefaultLanguageSettingsBuilder$freeCompilerArgsProvider$1: loaded 2 times (x 95B)
Class org.jetbrains.kotlin.konan.target.HostManager$Companion                         : loaded 2 times (x 71B)
Class org.jetbrains.kotlin.gradle.targets.js.npm.DevNpmDependencyExtension            : loaded 2 times (x 70B)
Class org.jetbrains.kotlin.gradle.plugin.diagnostics.checkers.PreHmppDependenciesUsageChecker: loaded 2 times (x 74B)
Class org.jetbrains.kotlin.gradle.targets.CreateArtifactsSideEffectKt                 : loaded 2 times (x 71B)
Class org.jetbrains.kotlin.gradle.plugin.AbstractKotlinMultiplatformPluginWrapper     : loaded 2 times (x 86B)
Class org.jetbrains.kotlin.gradle.utils.GradleConfigurationUtilsKt$addGradlePluginMetadataAttributes$1: loaded 2 times (x 75B)
Class org.jetbrains.kotlin.gradle.plugin.internal.DefaultProjectIsolationStartParameterAccessor: loaded 2 times (x 77B)
Class com.google.common.collect.Maps                                                  : loaded 2 times (x 71B)
Class com.google.common.base.CharMatcher$JavaUpperCase                                : loaded 2 times (x 111B)
Class org.gradle.api.specs.Spec                                                       : loaded 2 times (x 70B)
Class org.apache.commons.io.file.PathFilter                                           : loaded 2 times (x 70B)
Class com.google.common.reflect.Types$JavaVersion                                     : loaded 2 times (x 83B)
Class com.google.common.collect.MapMaker                                              : loaded 2 times (x 72B)
Class org.jetbrains.kotlin.gradle.plugin.SubpluginEnvironment$Companion               : loaded 2 times (x 71B)
Class org.jetbrains.kotlin.gradle.plugin.mpp.ApplyUserDefinedAttributesKt$UserDefinedAttributesSetupAction$1$1$3: loaded 2 times (x 75B)
Class org.jetbrains.kotlin.gradle.tasks.KotlinCompile$disableMultiModuleIC$2          : loaded 2 times (x 79B)
Class org.jetbrains.kotlin.gradle.tasks.GradleCompileTaskProviderKt                   : loaded 2 times (x 71B)
Class org.jetbrains.kotlin.gradle.tasks.configuration.BaseKotlinCompileConfig$Companion: loaded 2 times (x 71B)
Class org.jetbrains.kotlin.gradle.plugin.mpp.compilationImpl.KotlinCompilationImpl$Params: loaded 2 times (x 72B)
Class org.jetbrains.kotlin.konan.target.UtilsKt                                       : loaded 2 times (x 71B)
Class org.jetbrains.kotlin.gradle.tooling.BuildKotlinToolingMetadataTask              : loaded 2 times (x 317B)
Class org.jetbrains.kotlin.gradle.plugin.internal.CompatibilityConventionRegistrarKt  : loaded 2 times (x 71B)
Class org.jetbrains.kotlin.gradle.artifacts.KotlinJvmJarArtifactKt                    : loaded 2 times (x 71B)
Class org.jetbrains.kotlin.gradle.plugin.mpp.compilationImpl.CreateCInteropTasksSideEffectKt$special$$inlined$KotlinCompilationSideEffect$1: loaded 2 times (x 74B)
Class org.jetbrains.kotlin.gradle.plugin.statistics.FinalizeConfigurationFusMetricActionKt: loaded 2 times (x 71B)
Class org.jetbrains.kotlin.gradle.plugin.mpp.resources.resolve.KotlinTargetResourcesResolutionStrategy$Companion: loaded 2 times (x 71B)
Class org.jetbrains.kotlin.gradle.targets.native.toolchain.KotlinNativeBundleBuildService$Companion$registerIfAbsent$2$1: loaded 2 times (x 79B)
Class org.jetbrains.kotlin.build.report.metrics.GradleBuildPerformanceMetric$Companion: loaded 2 times (x 71B)
Class org.jetbrains.kotlin.gradle.plugin.statistics.KotlinBuildStatsBeanService       : loaded 2 times (x 87B)
Class [Lcom.google.common.collect.ImmutableEntry;                                     : loaded 2 times (x 69B)
Class build_dk6f3zt9k0ytqr8wvyq3mniif                                                 : loaded 2 times (x 181B)
Class org.jetbrains.kotlin.gradle.tasks.configuration.AbstractKotlinCompileConfig$1$1 : loaded 2 times (x 74B)
Class org.jetbrains.kotlin.gradle.tasks.KotlinCompile$kotlinOptions$1                 : loaded 2 times (x 79B)
Class org.jetbrains.kotlin.gradle.internal.properties.NativeProperties$Companion      : loaded 2 times (x 71B)
Class org.jetbrains.kotlin.gradle.utils.StringUtilsKt                                 : loaded 2 times (x 71B)
Class org.jetbrains.kotlin.gradle.targets.ConfigureBuildSideEffectKt$ConfigureBuildSideEffect$1: loaded 2 times (x 74B)
Class org.jetbrains.kotlin.tooling.core.ExtrasLazyProperty                            : loaded 2 times (x 70B)
Class org.jetbrains.kotlin.gradle.utils.CompletableFuture                             : loaded 2 times (x 70B)
Class org.jetbrains.kotlin.build.report.metrics.BuildPerformanceMetric                : loaded 2 times (x 70B)
Class [Lorg.jetbrains.kotlin.statistics.metrics.StringOverridePolicy;                 : loaded 2 times (x 69B)
Class com.google.common.cache.LocalCache$LoadingValueReference                        : loaded 2 times (x 96B)
Class kotlin.collections.EmptyIterator                                                : loaded 2 times (x 89B)
Class kotlin.SynchronizedLazyImpl                                                     : loaded 2 times (x 76B)
Class kotlin.text.StringsKt__RegexExtensionsKt                                        : loaded 2 times (x 71B)
Class org.jetbrains.kotlin.compilerRunner.CompilerSystemPropertiesService$Companion   : loaded 2 times (x 71B)
Class build_5j88fcxamei5zmh2le2scfdyo$_run_closure1                                   : loaded 2 times (x 139B)
Class com.google.common.reflect.Invokable$MethodInvokable                             : loaded 2 times (x 107B)
Class com.google.common.io.LineReader$1                                               : loaded 2 times (x 75B)
Class com.google.common.collect.CollectSpliterators                                   : loaded 2 times (x 71B)
Class com.google.common.collect.AbstractMapBasedMultimap$AsMap                        : loaded 2 times (x 128B)
Class com.google.common.collect.MapMakerInternalMap$StrongKeyDummyValueEntry          : loaded 2 times (x 82B)
Class org.jetbrains.kotlin.gradle.tasks.configuration.AbstractKotlinCompileConfig$getClasspathSnapshotDir$1: loaded 2 times (x 74B)
Class org.jetbrains.kotlin.gradle.tasks.configuration.AbstractKotlinCompileConfig$1$2 : loaded 2 times (x 74B)
Class com.google.common.base.Platform                                                 : loaded 2 times (x 71B)
Class com.google.common.collect.Multimaps$Entries                                     : loaded 2 times (x 118B)
Class org.jetbrains.kotlin.gradle.plugin.diagnostics.checkers.OverriddenKotlinNativeHomeChecker$StdlibExistenceCheckerValueSource$Params$Inject: loaded 2 times (x 106B)
Class org.jetbrains.kotlin.gradle.plugin.diagnostics.checkers.CommonMainOrTestWithDependsOnChecker: loaded 2 times (x 74B)
Class org.jetbrains.kotlin.gradle.artifacts.KotlinNativeHostSpecificMetadataArtifactKt: loaded 2 times (x 71B)
Class org.jetbrains.kotlin.gradle.plugin.mpp.compilationImpl.KotlinCreateLifecycleTasksSideEffectKt: loaded 2 times (x 71B)
Class org.jetbrains.kotlin.gradle.plugin.KotlinTarget                                 : loaded 2 times (x 70B)
Class org.jetbrains.kotlin.gradle.utils.ConfigurationsKt$createResolvable$1           : loaded 2 times (x 78B)
Class [Lorg.jetbrains.kotlin.statistics.metrics.BooleanAnonymizationPolicy;           : loaded 2 times (x 69B)
Class kotlin.sequences.SequencesKt__SequencesJVMKt                                    : loaded 2 times (x 71B)
Class kotlin.collections.AbstractList                                                 : loaded 2 times (x 197B)
Class kotlin.collections.AbstractCollection                                           : loaded 2 times (x 117B)
Class com.google.common.io.LineReader                                                 : loaded 2 times (x 72B)
Class com.google.common.collect.AbstractMapBasedMultimap$WrappedList                  : loaded 2 times (x 205B)
Class com.google.common.collect.CompoundOrdering                                      : loaded 2 times (x 115B)
Class org.jetbrains.kotlin.gradle.internal.KotlinDependenciesManagementKt$allNonProjectDependencies$1: loaded 2 times (x 74B)
Class [Lorg.jetbrains.kotlin.build.report.metrics.BuildAttributeKind;                 : loaded 2 times (x 69B)
Class org.jetbrains.kotlin.gradle.tasks.K2MultiplatformStructure                      : loaded 2 times (x 74B)
Class org.jetbrains.kotlin.compilerRunner.CompilerSystemPropertiesService$Parameters  : loaded 2 times (x 70B)
Class org.jetbrains.kotlin.gradle.plugin.mpp.compilationImpl.KotlinCompilationSourceSetsContainer: loaded 2 times (x 70B)
Class org.jetbrains.kotlin.gradle.artifacts.KotlinNativeKlibArtifactKt                : loaded 2 times (x 71B)
Class org.jetbrains.kotlin.gradle.plugin.ProjectLocalConfigurations                   : loaded 2 times (x 71B)
Class org.jetbrains.kotlin.gradle.plugin.mpp.KotlinUsages$KotlinUsagesDisambiguation  : loaded 2 times (x 76B)
Class org.jetbrains.kotlin.tooling.core.Extras$Key$Companion                          : loaded 2 times (x 71B)
Class org.jetbrains.kotlin.tooling.core.Extras$Key                                    : loaded 2 times (x 72B)
Class [Lorg.objectweb.asm.AnnotationWriter;                                           : loaded 2 times (x 69B)
Class com.google.common.primitives.Ints$IntConverter                                  : loaded 2 times (x 90B)
Class com.google.common.collect.Maps$8                                                : loaded 2 times (x 82B)
Class kotlin.LazyKt__LazyKt                                                           : loaded 2 times (x 71B)
Class kotlin.text.StringsKt__StringBuilderJVMKt                                       : loaded 2 times (x 71B)
Class Build_gradle$3$1                                                                : loaded 2 times (x 78B)
Class build_zrukb7zdoy478y1os7tmgem2$_run_closure1                                    : loaded 2 times (x 140B)
Class org.jetbrains.kotlin.gradle.tasks.configuration.AbstractKotlinCompileConfig$1$4 : loaded 2 times (x 75B)
Class com.google.common.collect.Lists$ReverseList$1                                   : loaded 2 times (x 99B)
Class com.google.common.collect.ImmutableRangeSet$Builder                             : loaded 2 times (x 77B)
Class [Lcom.google.common.collect.Iterators$EmptyModifiableIterator;                  : loaded 2 times (x 69B)
Class org.jetbrains.kotlin.gradle.plugin.diagnostics.CheckKotlinGradlePluginConfigurationErrors: loaded 2 times (x 317B)
Class org.jetbrains.kotlin.gradle.plugin.sources.DefaultKotlinSourceSetKt             : loaded 2 times (x 71B)
Class org.jetbrains.kotlin.gradle.dsl.KotlinJvmOptions                                : loaded 2 times (x 70B)
Class org.jetbrains.kotlin.gradle.plugin.mpp.HierarchyAttributeContainer$1            : loaded 2 times (x 78B)
Class org.jetbrains.kotlin.gradle.plugin.KotlinPluginLifecycle                        : loaded 2 times (x 70B)
Class org.jetbrains.kotlin.gradle.plugin.KotlinJsPluginWrapper                        : loaded 2 times (x 86B)
Class org.jetbrains.kotlin.gradle.dsl.ToolchainSupport                                : loaded 2 times (x 70B)
Class org.jetbrains.kotlin.tooling.core.Extras                                        : loaded 2 times (x 70B)
Class org.jetbrains.kotlin.gradle.plugin.mpp.InternalKotlinTarget                     : loaded 2 times (x 70B)
Class org.jetbrains.kotlin.statistics.metrics.NumberAnonymizationPolicy$RANDOM_10_PERCENT: loaded 2 times (x 85B)
Class org.jetbrains.kotlin.statistics.metrics.StringMetrics                           : loaded 2 times (x 80B)
Class com.google.common.collect.Sets$SetView                                          : loaded 2 times (x 138B)
Class com.google.common.cache.LocalCache$StrongValueReference                         : loaded 2 times (x 90B)
Class com.google.common.util.concurrent.AbstractFuture$SynchronizedHelper             : loaded 2 times (x 78B)
Class com.google.common.base.CharMatcher$Invisible                                    : loaded 2 times (x 112B)
Class kotlin.UNINITIALIZED_VALUE                                                      : loaded 2 times (x 71B)
Class com.google.common.graph.SuccessorsFunction                                      : loaded 2 times (x 70B)
Class org.jetbrains.kotlin.gradle.tasks.CompilerPluginOptions                         : loaded 2 times (x 72B)
Class org.jetbrains.kotlin.gradle.plugin.mpp.KotlinTargetSoftwareComponentImpl        : loaded 2 times (x 90B)
Class org.jetbrains.kotlin.gradle.plugin.mpp.DefaultKotlinUsageContext$PublishOnlyIf  : loaded 2 times (x 70B)
Class org.jetbrains.kotlin.gradle.tasks.configuration.AbstractKotlinCompileConfig$1$5 : loaded 2 times (x 75B)
Class org.jetbrains.kotlin.gradle.dsl.KotlinCommonCompilerOptionsHelper               : loaded 2 times (x 71B)
Class org.jetbrains.kotlin.gradle.plugin.KotlinJvmPlugin$Companion                    : loaded 2 times (x 71B)
Class org.jetbrains.kotlin.gradle.plugin.diagnostics.KotlinToolingDiagnostics         : loaded 2 times (x 71B)
Class org.jetbrains.kotlin.gradle.artifacts.KotlinMetadataArtifactKt                  : loaded 2 times (x 71B)
Class org.jetbrains.kotlin.gradle.targets.CreateArtifactsSideEffectKt$CreateArtifactsSideEffect$1: loaded 2 times (x 74B)
Class org.jetbrains.kotlin.gradle.internal.properties.PropertiesBuildService$property$1$valueFromGradleAndLocalProperties$1: loaded 2 times (x 75B)
Class org.jetbrains.kotlin.gradle.plugin.KotlinPluginWrapperKt$kotlinToolingVersion$2 : loaded 2 times (x 78B)
Class org.objectweb.asm.Type                                                          : loaded 2 times (x 72B)
Class org.gradle.internal.classloader.VisitableURLClassLoader$InstrumentingVisitableURLClassLoader: loaded 2 times (x 123B)
Class kotlin.ranges.RangesKt__RangesKt                                                : loaded 2 times (x 71B)
Class kotlin.collections.SetsKt___SetsKt                                              : loaded 2 times (x 71B)
Class kotlin.sequences.SequencesKt__SequencesKt                                       : loaded 2 times (x 71B)
Class org.apache.commons.io.FileUtils                                                 : loaded 2 times (x 71B)
Class com.google.common.collect.MapMakerInternalMap$StrongKeyDummyValueEntry$Helper   : loaded 2 times (x 79B)
Class com.google.common.io.Files$FileByteSink                                         : loaded 2 times (x 77B)
Class org.jetbrains.kotlin.gradle.plugin.mpp.DefaultKotlinUsageContext$1              : loaded 2 times (x 74B)
Class org.jetbrains.kotlin.gradle.plugin.mpp.compilationImpl.KotlinCompilationImpl$associateWith$2: loaded 2 times (x 79B)
Class org.jetbrains.kotlin.gradle.tasks.configuration.AbstractKotlinCompileConfig$1$6 : loaded 2 times (x 75B)
Class [Lorg.jetbrains.kotlin.gradle.tasks.KotlinCompilerExecutionStrategy;            : loaded 2 times (x 69B)
Class org.jetbrains.kotlin.gradle.tasks.FailedCompilationException                    : loaded 2 times (x 82B)
Class org.jetbrains.kotlin.gradle.plugin.hierarchy.KotlinSourceSetTreeClassifier      : loaded 2 times (x 70B)
Class org.jetbrains.kotlin.gradle.plugin.mpp.compilationImpl.KotlinCompilationAssociator: loaded 2 times (x 70B)
Class org.jetbrains.kotlin.konan.target.UtilsKt$evaluatePresetName$1                  : loaded 2 times (x 78B)
Class org.jetbrains.kotlin.gradle.plugin.mpp.KotlinNativeTarget                       : loaded 2 times (x 173B)
Class org.jetbrains.kotlin.gradle.plugin.diagnostics.checkers.KotlinSourceSetTreeDependsOnMismatchChecker$runChecks$1: loaded 2 times (x 88B)
Class org.jetbrains.kotlin.gradle.plugin.diagnostics.checkers.PreHmppDependenciesUsageChecker$runChecks$1: loaded 2 times (x 88B)
Class org.jetbrains.kotlin.gradle.utils.ProjectExtensionsKt                           : loaded 2 times (x 71B)
Class org.jetbrains.kotlin.gradle.plugin.KotlinSourceSetTree$Companion                : loaded 2 times (x 71B)
Class org.jetbrains.kotlin.gradle.plugin.diagnostics.KotlinGradleProjectChecker$Companion: loaded 2 times (x 71B)
Class org.jetbrains.kotlin.gradle.plugin.KotlinGradleBuildServices$Parameters         : loaded 2 times (x 70B)
Class org.jetbrains.kotlin.gradle.plugin.statistics.BuildFusService$Companion$registerIfAbsent$1$1$1: loaded 2 times (x 75B)
Class org.jetbrains.kotlin.statistics.fileloggers.MetricsContainer$Companion          : loaded 2 times (x 71B)
Class org.objectweb.asm.ByteVector                                                    : loaded 2 times (x 79B)
Class [Lcom.google.common.cache.CacheBuilder$NullListener;                            : loaded 2 times (x 69B)
Class com.google.common.math.IntMath$1                                                : loaded 2 times (x 71B)
Class org.gradle.internal.classloader.VisitableURLClassLoader$Spec                    : loaded 2 times (x 74B)
Class org.gradle.internal.classpath.DefaultClassPath                                  : loaded 2 times (x 90B)
Class kotlin.sequences.FilteringSequence                                              : loaded 2 times (x 75B)
Class com.google.common.collect.RegularImmutableMap$KeySet                            : loaded 2 times (x 150B)
Class build_6pdgncjd44vllnxel9p7b9qu2$_run_closure1                                   : loaded 2 times (x 139B)
Class build_6vkohzwu1ip0043s1cwax2i6v                                                 : loaded 2 times (x 180B)
Class com.google.common.reflect.Types$ClassOwnership                                  : loaded 2 times (x 80B)
Class com.google.common.collect.ImmutableSortedMap$1EntrySet$1                        : loaded 2 times (x 212B)
Class org.jetbrains.kotlin.gradle.plugin.DefaultKotlinBasePlugin$addKotlinCompilerConfiguration$2$1$1: loaded 2 times (x 75B)
Class org.jetbrains.kotlin.gradle.plugin.mpp.KotlinSoftwareComponentKt                : loaded 2 times (x 71B)
Class org.jetbrains.kotlin.gradle.plugin.mpp.compilationImpl.KotlinCompilationSourceSetInclusion$AddSourcesToCompileTask: loaded 2 times (x 70B)
Class org.jetbrains.kotlin.konan.target.Architecture                                  : loaded 2 times (x 79B)
Class [Lorg.jetbrains.kotlin.gradle.plugin.HasProject;                                : loaded 2 times (x 69B)
Class org.jetbrains.kotlin.gradle.utils.MutableObservableSetImpl                      : loaded 2 times (x 163B)
Class org.jetbrains.kotlin.gradle.tasks.KotlinTasksProvider                           : loaded 2 times (x 72B)
Class org.jetbrains.kotlin.gradle.plugin.KotlinJsCompilerTypeHolder                   : loaded 2 times (x 70B)
Class org.jetbrains.kotlin.gradle.dsl.DefaultToolchainSupport$wireToolchainToTasks$1  : loaded 2 times (x 75B)
Class org.jetbrains.kotlin.gradle.dsl.KotlinCommonCompilerOptions                     : loaded 2 times (x 70B)
Class org.jetbrains.kotlin.gradle.internal.properties.PropertiesBuildService$MemoizedCallable: loaded 2 times (x 75B)
Class org.objectweb.asm.Symbol                                                        : loaded 2 times (x 73B)
Class com.google.common.base.AbstractIterator                                         : loaded 2 times (x 80B)
Class com.google.common.io.Java8Compatibility                                         : loaded 2 times (x 71B)
Class com.google.common.io.Closer                                                     : loaded 2 times (x 78B)
Class org.jetbrains.kotlin.gradle.tasks.AbstractKotlinCompile$friendPathsSet$1        : loaded 2 times (x 75B)
Class org.jetbrains.kotlin.gradle.plugin.cocoapods.KotlinCocoapodsPlugin$Companion    : loaded 2 times (x 71B)
Class org.jetbrains.kotlin.build.report.metrics.BuildAttributes                       : loaded 2 times (x 72B)
Class org.jetbrains.kotlin.gradle.plugin.mpp.compilationImpl.KotlinCompilationImpl    : loaded 2 times (x 140B)
Class [Lorg.jetbrains.kotlin.gradle.plugin.mpp.compilationImpl.factory.KotlinCompilationImplFactory$PostConfigure;: loaded 2 times (x 69B)
Class org.jetbrains.kotlin.konan.target.KonanTarget$MACOS_X64                         : loaded 2 times (x 78B)
Class org.jetbrains.kotlin.konan.util.Named                                           : loaded 2 times (x 70B)
Class org.jetbrains.kotlin.gradle.plugin.KotlinSourceSet$Companion                    : loaded 2 times (x 71B)
Class [Lorg.jetbrains.kotlin.gradle.report.BuildReportMode;                           : loaded 2 times (x 69B)
Class org.jetbrains.kotlin.statistics.metrics.BooleanOverridePolicy                   : loaded 2 times (x 85B)
Class com.google.common.collect.RegularImmutableMap$Values                            : loaded 2 times (x 207B)
Class com.google.common.collect.ImmutableSet                                          : loaded 2 times (x 145B)
Class com.google.common.base.CharMatcher$BitSetMatcher                                : loaded 2 times (x 112B)
Class com.google.common.base.CharMatcher$Ascii                                        : loaded 2 times (x 112B)
Class org.jetbrains.kotlin.gradle.plugin.AbstractKotlinAndroidPluginWrapper           : loaded 2 times (x 86B)
Class org.gradle.internal.classloader.ClassLoaderSpec                                 : loaded 2 times (x 71B)
Class kotlin.collections.CollectionsKt___CollectionsJvmKt                             : loaded 2 times (x 71B)
Class com.google.common.io.ByteSource$EmptyByteSource                                 : loaded 2 times (x 85B)
Class org.jetbrains.kotlin.gradle.plugin.mpp.KotlinCompilationsKt$moduleNameForCompilation$1: loaded 2 times (x 75B)
Class org.jetbrains.kotlin.gradle.plugin.sources.KotlinDependencyScopeKt              : loaded 2 times (x 71B)
Class org.jetbrains.kotlin.gradle.plugin.diagnostics.TransformActionUsingKotlinToolingDiagnostics$Parameters: loaded 2 times (x 70B)
Class org.jetbrains.kotlin.gradle.tasks.DefaultKotlinJavaToolchain$DefaultJavaToolchainSetter: loaded 2 times (x 75B)
Class org.jetbrains.kotlin.build.report.metrics.BuildAttributeKind                    : loaded 2 times (x 79B)
Class org.jetbrains.kotlin.compilerRunner.CompilerSystemPropertiesService$Companion$registerIfAbsent$2$1: loaded 2 times (x 79B)
Class org.jetbrains.kotlin.gradle.plugin.mpp.KotlinCompilationsKt$addSourcesToKotlinCompileTask$1: loaded 2 times (x 75B)
Class org.jetbrains.kotlin.gradle.internal.KotlinDependenciesManagementKt$configureDefaultVersionsResolutionStrategy$1$1: loaded 2 times (x 75B)
Class org.jetbrains.kotlin.gradle.utils.KotlinExtensionUtilsKt$forAllTargets$1        : loaded 2 times (x 95B)
Class org.jetbrains.kotlin.gradle.plugin.diagnostics.CheckKotlinGradlePluginConfigurationErrorsKt$locateOrRegisterCheckKotlinGradlePluginErrorsTask$taskProvider$1: loaded 2 times (x 75B)
Class org.jetbrains.kotlin.gradle.plugin.diagnostics.checkers.OverriddenKotlinNativeHomeChecker$StdlibExistenceCheckerValueSource$Params: loaded 2 times (x 70B)
Class org.jetbrains.kotlin.gradle.dsl.PlatformSourceSetConventionsChecker$nativeTargetPresets$1$1: loaded 2 times (x 79B)
Class org.jetbrains.kotlin.gradle.tooling.BuildKotlinToolingMetadataTaskKt$buildKotlinToolingMetadataTask$1: loaded 2 times (x 78B)
Class org.jetbrains.kotlin.gradle.internal.Kapt3GradleSubplugin$Companion             : loaded 2 times (x 71B)
Class org.jetbrains.kotlin.gradle.plugin.mpp.compilationImpl.KotlinCreateCompilationArchiveTaskKt$KotlinRegisterCompilationArchiveTasksExtension$1: loaded 2 times (x 74B)
Class [Lorg.jetbrains.kotlin.statistics.metrics.NumberOverridePolicy;                 : loaded 2 times (x 69B)
Class org.jetbrains.kotlin.gradle.internal.properties.PropertiesBuildService$GradleProperty: loaded 2 times (x 70B)
Class org.jetbrains.kotlin.gradle.utils.StoredPropertyKt$projectStoredProperty$1      : loaded 2 times (x 78B)
Class org.objectweb.asm.AnnotationWriter                                              : loaded 2 times (x 79B)
Class com.google.common.cache.CacheStats                                              : loaded 2 times (x 71B)
Class kotlin.Unit                                                                     : loaded 2 times (x 71B)
Class kotlin.sequences.SequencesKt___SequencesJvmKt                                   : loaded 2 times (x 71B)
Class Build_gradle$3$5$1                                                              : loaded 2 times (x 78B)
Class com.google.common.collect.ImmutableMultisetGwtSerializationDependencies         : loaded 2 times (x 125B)
Class [Lcom.google.common.base.Predicate;                                             : loaded 2 times (x 69B)
Class com.google.common.collect.Interners                                             : loaded 2 times (x 71B)
Class com.google.common.io.Closer$Suppressor                                          : loaded 2 times (x 70B)
Class com.google.common.io.LineProcessor                                              : loaded 2 times (x 70B)
Class org.jetbrains.kotlin.gradle.plugin.mpp.SyncLanguageSettingsWithKotlinExtensionSetupActionKt$SyncLanguageSettingsWithKotlinExtensionSetupAction$1$1: loaded 2 times (x 75B)
Class org.jetbrains.kotlin.gradle.tasks.K2MultiplatformStructure$RefinesEdge          : loaded 2 times (x 72B)
Class org.jetbrains.kotlin.gradle.tasks.configuration.TaskConfigAction$configureTask$1: loaded 2 times (x 79B)
Class org.jetbrains.kotlin.gradle.plugin.diagnostics.checkers.DuplicateSourceSetChecker$runChecks$1: loaded 2 times (x 88B)
Class org.jetbrains.kotlin.gradle.plugin.diagnostics.ToolingDiagnostic$Severity       : loaded 2 times (x 79B)
Class org.jetbrains.kotlin.gradle.dsl.JvmTarget                                       : loaded 2 times (x 79B)
Class org.jetbrains.kotlin.gradle.internal.ClassLoadersCachingBuildService            : loaded 2 times (x 76B)
Class org.jetbrains.kotlin.gradle.plugin.VariantImplementationFactories$Inject        : loaded 2 times (x 106B)
Class org.jetbrains.kotlin.gradle.plugin.VariantImplementationFactoriesConfigurator$Companion: loaded 2 times (x 71B)
Class org.objectweb.asm.RecordComponentWriter                                         : loaded 2 times (x 78B)
Class com.google.common.util.concurrent.AbstractFuture$Listener                       : loaded 2 times (x 72B)
Class com.google.common.base.CharMatcher$Or                                           : loaded 2 times (x 112B)
Class kotlin.ranges.RangesKt                                                          : loaded 2 times (x 71B)
Class [Lorg.objectweb.asm.Label;                                                      : loaded 2 times (x 69B)
Class com.google.common.collect.ForwardingSet                                         : loaded 2 times (x 151B)
Class org.jetbrains.kotlin.gradle.plugin.mpp.SyncLanguageSettingsWithKotlinExtensionSetupActionKt$SyncLanguageSettingsWithKotlinExtensionSetupAction$1$2: loaded 2 times (x 75B)
Class [Lorg.jetbrains.kotlin.compilerRunner.KotlinCompilerArgumentsLogLevel;          : loaded 2 times (x 69B)
Class org.jetbrains.kotlin.gradle.tasks.KotlinCompile_Decorated                       : loaded 2 times (x 599B)
Class org.jetbrains.kotlin.gradle.plugin.internal.BuildIdService$Companion            : loaded 2 times (x 71B)
Class org.jetbrains.kotlin.gradle.plugin.diagnostics.checkers.OverriddenKotlinNativeHomeChecker$StdlibExistenceCheckerValueSource$Companion: loaded 2 times (x 71B)
Class org.jetbrains.kotlin.gradle.targets.js.dsl.KotlinWasmSubTargetContainerDsl      : loaded 2 times (x 70B)
Class org.jetbrains.kotlin.gradle.plugin.diagnostics.checkers.WasmWasiEnvironmentChecker$1: loaded 2 times (x 78B)
Class org.jetbrains.kotlin.gradle.plugin.diagnostics.checkers.DisabledCinteropCommonizationInHmppProjectChecker: loaded 2 times (x 74B)
Class org.jetbrains.kotlin.gradle.plugin.diagnostics.checkers.NoKotlinTargetsDeclaredChecker: loaded 2 times (x 74B)
Class org.jetbrains.kotlin.gradle.utils.StoredPropertyStorage                         : loaded 2 times (x 72B)
Class org.jetbrains.kotlin.gradle.plugin.KotlinSourceSetContainer                     : loaded 2 times (x 70B)
Class org.objectweb.asm.Attribute                                                     : loaded 2 times (x 77B)
Class com.google.common.base.Supplier                                                 : loaded 2 times (x 70B)
Class org.gradle.internal.classloader.VisitableURLClassLoader                         : loaded 2 times (x 117B)
Class kotlin.collections.ArraysUtilJVM                                                : loaded 2 times (x 71B)
Class kotlin.jvm.functions.Function0                                                  : loaded 2 times (x 70B)
Class com.google.common.io.CharSource$AsByteSource                                    : loaded 2 times (x 85B)
Class com.google.common.collect.ImmutableList$SerializedForm                          : loaded 2 times (x 73B)
Class org.jetbrains.kotlin.gradle.plugin.statistics.plugins.ObservablePlugins         : loaded 2 times (x 79B)
Class org.jetbrains.kotlin.gradle.plugin.sources.InternalKotlinSourceSetKt$awaitPlatformCompilations$1: loaded 2 times (x 88B)
Class [Lorg.jetbrains.kotlin.gradle.plugin.sources.KotlinDependencyScope;             : loaded 2 times (x 69B)
Class org.jetbrains.kotlin.gradle.tasks.configuration.BaseKotlinCompileConfig$configureCommonParameters$1: loaded 2 times (x 74B)
Class org.jetbrains.kotlin.gradle.plugin.mpp.compilationImpl.factory.ConfigurationNaming: loaded 2 times (x 70B)
Class org.jetbrains.kotlin.gradle.plugin.mpp.compilationImpl.DefaultKotlinCompilationPostConfigureKt: loaded 2 times (x 71B)
Class org.jetbrains.kotlin.konan.target.KonanTarget$WATCHOS_X64                       : loaded 2 times (x 78B)
Class org.jetbrains.kotlin.gradle.plugin.diagnostics.KotlinGradleProjectCheckersRunnerKt: loaded 2 times (x 71B)
Class [Lorg.jetbrains.kotlin.tooling.core.HasExtras;                                  : loaded 2 times (x 69B)
Class org.jetbrains.kotlin.gradle.plugin.diagnostics.checkers.IncorrectCompileOnlyDependenciesChecker: loaded 2 times (x 74B)
Class org.jetbrains.kotlin.gradle.plugin.diagnostics.checkers.WasmWasiEnvironmentChecker$2: loaded 2 times (x 78B)
Class org.jetbrains.kotlin.gradle.artifacts.KotlinLegacyCompatibilityMetadataArtifactKt$KotlinLegacyCompatibilityMetadataArtifact$1: loaded 2 times (x 74B)
Class org.jetbrains.kotlin.gradle.dsl.DefaultToolchainSupport$wireToolchainToTasks$1$1: loaded 2 times (x 75B)
Class org.jetbrains.kotlin.gradle.utils.SingleActionPerProject                        : loaded 2 times (x 73B)
Class com.google.common.util.concurrent.AbstractFuture$Waiter                         : loaded 2 times (x 72B)
Class org.jetbrains.kotlin.gradle.plugin.DefaultKotlinBasePlugin                      : loaded 2 times (x 82B)
Class org.gradle.internal.Cast                                                        : loaded 2 times (x 71B)
Class org.gradle.api.Action                                                           : loaded 2 times (x 70B)
Class kotlin.jvm.functions.Function1                                                  : loaded 2 times (x 70B)
Class com.google.common.io.Resources                                                  : loaded 2 times (x 71B)
Class com.google.common.collect.MapMakerInternalMap                                   : loaded 2 times (x 161B)
Class com.google.common.collect.HashBiMap                                             : loaded 2 times (x 143B)
Class [Lorg.jetbrains.kotlin.gradle.plugin.mpp.KotlinUsageContext$MavenScope;         : loaded 2 times (x 69B)
Class org.jetbrains.kotlin.gradle.tasks.configuration.BaseKotlinCompileConfig$configureCommonParameters$2: loaded 2 times (x 75B)
Class org.jetbrains.kotlin.gradle.plugin.mpp.compilationImpl.KotlinCompilationCompilerOptionsFromTargetConfigurator: loaded 2 times (x 74B)
Class com.google.common.base.Strings                                                  : loaded 2 times (x 71B)
Class org.jetbrains.kotlin.gradle.utils.FailuresKt$ideaSyncClasspathModeUtil$1        : loaded 2 times (x 72B)
Class org.jetbrains.kotlin.gradle.plugin.diagnostics.KotlinToolingDiagnosticsCollector$Inject: loaded 2 times (x 96B)
Class org.jetbrains.kotlin.gradle.artifacts.KotlinJsKlibArtifactKt                    : loaded 2 times (x 71B)
Class org.jetbrains.kotlin.gradle.dsl.KotlinTargetContainerWithWasmPresetFunctions    : loaded 2 times (x 70B)
Class org.jetbrains.kotlin.gradle.plugin.GradleUtilsKt                                : loaded 2 times (x 71B)
Class org.jetbrains.kotlin.gradle.internal.properties.PropertiesBuildService          : loaded 2 times (x 76B)
Class com.google.common.collect.Sets                                                  : loaded 2 times (x 71B)
Class org.objectweb.asm.Handler                                                       : loaded 2 times (x 72B)
Class com.google.common.base.Ticker                                                   : loaded 2 times (x 72B)
Class com.google.common.base.CharMatcher$FastMatcher                                  : loaded 2 times (x 111B)
Class kotlin.jvm.functions.Function2                                                  : loaded 2 times (x 70B)
Class build_3exi9gzl3e7qqyxk99ub0wkvh$_run_closure1$_closure2                         : loaded 2 times (x 139B)
Class com.google.common.collect.ImmutableSortedSet$Builder                            : loaded 2 times (x 86B)
Class org.jetbrains.kotlin.gradle.plugin.KotlinTarget$DefaultImpls                    : loaded 2 times (x 71B)
Class org.jetbrains.kotlin.gradle.tasks.KotlinCompile$javaSources$1                   : loaded 2 times (x 75B)
Class org.jetbrains.kotlin.incremental.IncrementalCompilationFeatures                 : loaded 2 times (x 71B)
Class org.jetbrains.kotlin.gradle.plugin.diagnostics.KotlinToolingDiagnosticsCollector: loaded 2 times (x 76B)
Class org.jetbrains.kotlin.gradle.plugin.mpp.compilationImpl.KotlinCreateCompilationArchiveTaskKt: loaded 2 times (x 71B)
Class org.jetbrains.kotlin.tooling.core.MutableExtrasImpl                             : loaded 2 times (x 165B)
Class org.jetbrains.kotlin.gradle.plugin.statistics.KotlinBuildStatsMXBean            : loaded 2 times (x 70B)
Class org.jetbrains.kotlin.gradle.utils.FileUtilsKt                                   : loaded 2 times (x 71B)
Class [Lcom.google.common.cache.LocalCache$Segment;                                   : loaded 2 times (x 69B)
Class [Lcom.google.common.cache.LocalCache$Strength;                                  : loaded 2 times (x 69B)
Class com.google.common.cache.CacheBuilder$1                                          : loaded 2 times (x 85B)
Class com.google.common.collect.ImmutableMap                                          : loaded 2 times (x 120B)
Class com.google.common.base.Predicate                                                : loaded 2 times (x 70B)
Class org.gradle.internal.classpath.DefaultClassPath$ImmutableUniqueList$Builder      : loaded 2 times (x 75B)
Class kotlin.collections.MapsKt___MapsJvmKt                                           : loaded 2 times (x 71B)
Class com.google.common.collect.MapMakerInternalMap$WeakValueReference                : loaded 2 times (x 70B)
Class org.jetbrains.kotlin.gradle.plugin.mpp.KotlinCompilationFactory$DefaultImpls    : loaded 2 times (x 71B)
Class com.google.common.collect.AbstractRangeSet                                      : loaded 2 times (x 114B)
Class org.jetbrains.kotlin.gradle.plugin.diagnostics.checkers.InternalGradlePropertiesUsageChecker: loaded 2 times (x 74B)
Class org.jetbrains.kotlin.gradle.plugin.mpp.compilationImpl.CreateCInteropTasksSideEffectKt: loaded 2 times (x 71B)
Class org.jetbrains.kotlin.gradle.targets.metadata.KotlinMetadataTargetConfiguratorKt : loaded 2 times (x 71B)
Class org.jetbrains.kotlin.gradle.testing.internal.KotlinTestsRegistry$Companion      : loaded 2 times (x 71B)
Class org.jetbrains.kotlin.gradle.dsl.KotlinCommonCompilerToolOptions                 : loaded 2 times (x 70B)
Class org.jetbrains.kotlin.gradle.internal.ClassLoadersCachingBuildService$Companion$registerIfAbsent$1$1: loaded 2 times (x 79B)
Class org.jetbrains.kotlin.gradle.internal.properties.PropertiesBuildService$Companion$registerIfAbsent$1: loaded 2 times (x 75B)
Class org.jetbrains.kotlin.gradle.plugin.internal.DefaultConfigurationCacheStartParameterAccessorVariantFactory: loaded 2 times (x 76B)
Class com.google.common.cache.LocalCache                                              : loaded 2 times (x 187B)
Class com.google.common.cache.CacheBuilder$2                                          : loaded 2 times (x 72B)
Class com.google.common.base.CharMatcher$NegatedFastMatcher                           : loaded 2 times (x 113B)
Class kotlin.collections.CollectionsKt___CollectionsKt                                : loaded 2 times (x 71B)
Class org.jetbrains.kotlin.gradle.plugin.mpp.compilationImpl.DefaultKotlinCompilationSourceSetsContainer$source$1: loaded 2 times (x 79B)
Class org.jetbrains.kotlin.build.report.metrics.BuildPerformanceMetrics$Companion     : loaded 2 times (x 71B)
Class org.jetbrains.kotlin.cli.common.arguments.K2JVMCompilerArguments                : loaded 2 times (x 81B)
Class org.jetbrains.kotlin.gradle.internal.KotlinTestDependencyManagementKt           : loaded 2 times (x 71B)
Class org.jetbrains.kotlin.konan.target.KonanTarget$ANDROID_X64                       : loaded 2 times (x 78B)
Class [Lorg.jetbrains.kotlin.gradle.plugin.sources.ConsistencyCheck;                  : loaded 2 times (x 69B)
Class org.jetbrains.kotlin.gradle.report.ReportingSettings                            : loaded 2 times (x 72B)
Class org.jetbrains.kotlin.statistics.metrics.StringAnonymizationPolicy$ComponentVersionAnonymizer: loaded 2 times (x 78B)
Class [Lcom.google.common.collect.AbstractMapEntry;                                   : loaded 2 times (x 69B)
Class com.google.common.collect.ImmutableEntry                                        : loaded 2 times (x 82B)
Class com.google.common.collect.ArrayListMultimap                                     : loaded 2 times (x 172B)
Class com.google.common.base.AbstractIterator$1                                       : loaded 2 times (x 71B)
Class com.google.common.base.CharMatcher$Digit                                        : loaded 2 times (x 112B)
Class org.jetbrains.kotlin.gradle.plugin.KotlinBasePluginWrapper                      : loaded 2 times (x 86B)
Class org.gradle.api.GradleException                                                  : loaded 2 times (x 82B)
Class kotlin.text.StringsKt___StringsJvmKt                                            : loaded 2 times (x 71B)
Class build_4x7dv1k9ss1ewnlmt9tutclq9$_run_closure1$_closure3                         : loaded 2 times (x 139B)
Class org.apache.commons.io.StandardLineSeparator                                     : loaded 2 times (x 79B)
Class com.google.common.base.Suppliers$MemoizingSupplier                              : loaded 2 times (x 79B)
Class com.google.common.io.CharSource$EmptyCharSource                                 : loaded 2 times (x 86B)
Class org.jetbrains.kotlin.gradle.plugin.diagnostics.KotlinToolingDiagnostics$JsEnvironmentNotChosenExplicitly: loaded 2 times (x 73B)
Class org.jetbrains.kotlin.gradle.plugin.ProjectLocalConfigurations$ProjectLocalCompatibility: loaded 2 times (x 76B)
Class org.jetbrains.kotlin.gradle.dsl.KotlinJvmCompilerOptions                        : loaded 2 times (x 70B)
Class org.jetbrains.kotlin.gradle.plugin.internal.DefaultProjectIsolationStartParameterAccessor$Factory: loaded 2 times (x 76B)
Class com.google.common.collect.CollectPreconditions                                  : loaded 2 times (x 71B)
Class com.google.common.base.CharMatcher$JavaIsoControl                               : loaded 2 times (x 112B)
Class kotlin.collections.MapsKt___MapsKt                                              : loaded 2 times (x 71B)
Class kotlin.collections.ArraysKt___ArraysKt                                          : loaded 2 times (x 71B)
Class [Lcom.google.common.collect.MapMakerInternalMap$Strength;                       : loaded 2 times (x 69B)
Class [Lcom.google.common.io.FileWriteMode;                                           : loaded 2 times (x 69B)
Class org.jetbrains.kotlin.buildtools.api.SourcesChanges                              : loaded 2 times (x 70B)
Class org.jetbrains.kotlin.konan.target.HostManager$Companion$targetAliases$2         : loaded 2 times (x 78B)
Class org.jetbrains.kotlin.gradle.plugin.KotlinPluginLifecycleImpl$launch$1           : loaded 2 times (x 79B)
Class org.jetbrains.kotlin.gradle.utils.Completable                                   : loaded 2 times (x 72B)
Class org.jetbrains.kotlin.gradle.plugin.DefaultKotlinBasePlugin$addKotlinCompilerConfiguration$2$1: loaded 2 times (x 75B)
Class org.jetbrains.kotlin.gradle.plugin.statistics.KotlinBuildStatsServicesRegistry$Companion: loaded 2 times (x 71B)
Class org.jetbrains.kotlin.gradle.plugin.internal.DefaultCompatibilityConventionRegistrar$Factory: loaded 2 times (x 76B)
Class com.google.common.collect.SortedMapDifference                                   : loaded 2 times (x 70B)
Class com.google.common.base.CharMatcher$JavaLowerCase                                : loaded 2 times (x 111B)
Class kotlin.collections.MapsKt__MapWithDefaultKt                                     : loaded 2 times (x 71B)
Class kotlin.text.StringsKt__StringsKt                                                : loaded 2 times (x 71B)
Class build_3lv75rqok1ltc5g160g8vul7o                                                 : loaded 2 times (x 180B)
Class com.google.common.collect.Iterables$4                                           : loaded 2 times (x 81B)
Class com.google.common.collect.MapMakerInternalMap$StrongKeyDummyValueSegment        : loaded 2 times (x 142B)
Class com.google.common.io.Files                                                      : loaded 2 times (x 71B)
Class com.google.common.cache.LocalCache$WriteThroughEntry                            : loaded 2 times (x 79B)
Class com.google.common.cache.LocalCache$HashIterator                                 : loaded 2 times (x 86B)
Class org.jetbrains.kotlin.gradle.tasks.DefaultKotlinJavaToolchain$DefaultJdkSetter   : loaded 2 times (x 76B)
Class org.jetbrains.kotlin.cli.common.arguments.CommonCompilerArguments               : loaded 2 times (x 80B)
Class org.jetbrains.kotlin.gradle.plugin.diagnostics.checkers.IncorrectCompileOnlyDependenciesChecker$runChecks$1: loaded 2 times (x 88B)
Class org.jetbrains.kotlin.gradle.plugin.mpp.KotlinOnlyTarget                         : loaded 2 times (x 159B)
Class org.jetbrains.kotlin.gradle.targets.js.npm.BaseNpmDependencyExtension           : loaded 2 times (x 70B)
Class org.jetbrains.kotlin.gradle.dsl.KotlinVersion$Companion                         : loaded 2 times (x 71B)
Class org.jetbrains.kotlin.gradle.InternalKotlinGradlePluginApi                       : loaded 2 times (x 70B)
Class org.jetbrains.kotlin.gradle.dsl.DefaultToolchainSupport                         : loaded 2 times (x 76B)
Class org.jetbrains.kotlin.gradle.plugin.internal.CustomPropertiesFileValueSource     : loaded 2 times (x 82B)
Class com.google.common.cache.LocalCache$EntryFactory                                 : loaded 2 times (x 83B)
Class kotlin.collections.CollectionsKt__MutableCollectionsJVMKt                       : loaded 2 times (x 71B)
Class kotlin.enums.EnumEntriesKt                                                      : loaded 2 times (x 71B)
Class kotlin.text.StringsKt___StringsKt                                               : loaded 2 times (x 71B)
Class com.google.common.reflect.Types$NativeTypeVariableEquals                        : loaded 2 times (x 71B)
Class com.google.common.reflect.TypeParameter                                         : loaded 2 times (x 72B)
Class [Lcom.google.common.collect.MapMaker$Dummy;                                     : loaded 2 times (x 69B)
Class com.google.common.collect.NullsLastOrdering                                     : loaded 2 times (x 115B)
Class org.jetbrains.kotlin.gradle.plugin.cocoapods.KotlinCocoapodsPlugin              : loaded 2 times (x 76B)
Class org.jetbrains.kotlin.gradle.internal.CompilerOptionsDslHelpersKt                : loaded 2 times (x 71B)
Class org.jetbrains.kotlin.gradle.tasks.TaskOutputsBackup                             : loaded 2 times (x 72B)
Class org.jetbrains.kotlin.gradle.internal.StdlibDependencyManagementKt$configureStdlibVersionAlignment$1$1: loaded 2 times (x 75B)
Class org.jetbrains.kotlin.gradle.dsl.KotlinProjectExtension$awaitSourceSets$1        : loaded 2 times (x 88B)
Class org.jetbrains.kotlin.konan.target.Family                                        : loaded 2 times (x 79B)
Class org.jetbrains.kotlin.gradle.plugin.KotlinPluginLifecycle$CoroutineStart         : loaded 2 times (x 79B)
Class org.jetbrains.kotlin.gradle.tasks.TasksProviderKt$sam$org_gradle_api_Action$0   : loaded 2 times (x 75B)
Class org.jetbrains.kotlin.gradle.tooling.BuildKotlinToolingMetadataTask$FromKotlinExtension: loaded 2 times (x 317B)
Class org.jetbrains.kotlin.gradle.utils.FailuresKt                                    : loaded 2 times (x 71B)
Class org.jetbrains.kotlin.gradle.targets.native.internal.CInteropConfigurationsKt$special$$inlined$KotlinTargetSideEffect$1: loaded 2 times (x 74B)
Class org.jetbrains.kotlin.gradle.internal.properties.NativePropertiesLoader$konanDataDirProperty$1: loaded 2 times (x 75B)
Class org.jetbrains.kotlin.gradle.internal.ClassLoadersCachingBuildService$Companion$registerIfAbsent$1$1$1: loaded 2 times (x 75B)
Class org.jetbrains.kotlin.gradle.plugin.statistics.BuildFusService$Parameters_Decorated: loaded 2 times (x 143B)
Class org.jetbrains.kotlin.gradle.internal.properties.PropertiesBuildService$Params$Inject: loaded 2 times (x 106B)
Class org.jetbrains.kotlin.tooling.core.HasMutableExtras                              : loaded 2 times (x 70B)
Class com.google.common.cache.LocalCache$AbstractReferenceEntry                       : loaded 2 times (x 107B)
Class com.google.common.base.Splitter$1$1                                             : loaded 2 times (x 86B)
Class com.google.common.base.CharMatcher$Whitespace                                   : loaded 2 times (x 112B)
Class org.gradle.internal.IoActions                                                   : loaded 2 times (x 71B)
Class build_5j88fcxamei5zmh2le2scfdyo$_run_closure1$_closure3                         : loaded 2 times (x 139B)
Class build_7khqre8565fxvq40izi7ead63                                                 : loaded 2 times (x 180B)
Class com.google.common.collect.ImmutableMapKeySet                                    : loaded 2 times (x 150B)
Class org.jetbrains.kotlin.gradle.internal.Kapt3KotlinGradleSubpluginKt               : loaded 2 times (x 71B)
Class com.google.common.collect.ImmutableRangeSet$ComplementRanges                    : loaded 2 times (x 207B)
Class org.jetbrains.kotlin.gradle.dsl.KotlinJvmCompile                                : loaded 2 times (x 70B)
Class org.jetbrains.kotlin.konan.target.KonanTarget$LINUX_ARM32_HFP                   : loaded 2 times (x 78B)
Class org.jetbrains.kotlin.gradle.internal.Kapt3GradleSubplugin                       : loaded 2 times (x 83B)
Class org.jetbrains.kotlin.gradle.plugin.diagnostics.checkers.CInteropInputChecker    : loaded 2 times (x 74B)
Class org.jetbrains.kotlin.gradle.plugin.statistics.FinalizeConfigurationFusMetricActionKt$FinalizeConfigurationFusMetricAction$1: loaded 2 times (x 95B)
Class org.jetbrains.kotlin.gradle.internal.KotlinDependenciesManagementKt$CustomizeKotlinDependenciesSetupAction$1: loaded 2 times (x 74B)
Class org.jetbrains.kotlin.gradle.plugin.KotlinGradlePluginExtensionPointInternal$registeredExtensions$2: loaded 2 times (x 78B)
Class org.jetbrains.kotlin.statistics.metrics.BooleanOverridePolicy$OR                : loaded 2 times (x 85B)
Class org.jetbrains.kotlin.gradle.plugin.UsesVariantImplementationFactories           : loaded 2 times (x 70B)
Class org.objectweb.asm.SymbolTable                                                   : loaded 2 times (x 72B)
Class com.google.common.cache.CacheLoader$InvalidCacheLoadException                   : loaded 2 times (x 82B)
Class com.google.common.collect.ImmutableSet$RegularSetBuilderImpl                    : loaded 2 times (x 77B)
Class com.google.common.base.CharMatcher$SingleWidth                                  : loaded 2 times (x 112B)
Class org.gradle.internal.classloader.SystemClassLoaderSpec                           : loaded 2 times (x 71B)
Class kotlin.jvm.internal.Intrinsics                                                  : loaded 2 times (x 71B)
Class build_6y050fs54j50jg0uwke5vxnmm$_run_closure1                                   : loaded 2 times (x 139B)
Class com.google.common.collect.FluentIterable                                        : loaded 2 times (x 81B)
Class org.jetbrains.kotlin.gradle.tasks.CacheableTasksKt$cacheOnlyIfEnabledForKotlin$1$1: loaded 2 times (x 74B)
Class org.jetbrains.kotlin.gradle.tasks.configuration.BaseKotlinCompileConfig$1$1     : loaded 2 times (x 74B)
Class org.jetbrains.kotlin.gradle.plugin.mpp.compilationImpl.factory.KotlinCompilationImplFactory$PostConfigure: loaded 2 times (x 70B)
Class org.jetbrains.kotlin.gradle.utils.KotlinExtensionUtilsKt                        : loaded 2 times (x 71B)
Class [Lorg.jetbrains.kotlin.konan.util.Named;                                        : loaded 2 times (x 69B)
Class org.jetbrains.kotlin.gradle.plugin.diagnostics.checkers.NoKotlinTargetsDeclaredChecker$runChecks$1: loaded 2 times (x 88B)
Class org.jetbrains.kotlin.gradle.plugin.mpp.AbstractKotlinTarget$kotlinComponents$2  : loaded 2 times (x 79B)
Class org.jetbrains.kotlin.gradle.plugin.KotlinPlatformType$CompatibilityRule         : loaded 2 times (x 76B)
Class org.jetbrains.kotlin.gradle.internal.properties.NativePropertiesLoader$actualNativeHomeDirectory$1: loaded 2 times (x 75B)
Class org.jetbrains.kotlin.gradle.internal.properties.NativePropertiesKt              : loaded 2 times (x 71B)
Class org.jetbrains.kotlin.gradle.plugin.BuildEventsListenerRegistryHolder            : loaded 2 times (x 72B)
Class [Lorg.jetbrains.kotlin.statistics.metrics.BooleanOverridePolicy;                : loaded 2 times (x 69B)
Class org.jetbrains.kotlin.gradle.plugin.internal.CustomPropertiesFileValueSource$Parameters$Inject: loaded 2 times (x 106B)
Class com.google.common.cache.LocalCache$StrongEntry                                  : loaded 2 times (x 108B)
Class com.google.common.util.concurrent.AbstractFuture$TrustedFuture                  : loaded 2 times (x 114B)
Class com.google.common.cache.LoadingCache                                            : loaded 2 times (x 70B)
Class kotlin.collections.MapsKt                                                       : loaded 2 times (x 71B)
Class kotlin.collections.CollectionsKt__IterablesKt                                   : loaded 2 times (x 71B)
Class com.google.common.reflect.TypeToken$2                                           : loaded 2 times (x 110B)
Class build_e3xep5dy24gdei5br13iqrpjh                                                 : loaded 2 times (x 181B)
Class build_zrukb7zdoy478y1os7tmgem2                                                  : loaded 2 times (x 180B)
Class com.google.common.base.Suppliers$NonSerializableMemoizingSupplier               : loaded 2 times (x 79B)
Class com.google.common.io.ByteStreams$LimitedInputStream                             : loaded 2 times (x 92B)
Class org.jetbrains.kotlin.gradle.plugin.mpp.KotlinTargetSoftwareComponentImplKt$KotlinTargetSoftwareComponent$1: loaded 2 times (x 95B)
Class org.jetbrains.kotlin.gradle.tasks.configuration.BaseKotlinCompileConfig$registerBuildToolsApiTransformations$1: loaded 2 times (x 75B)
Class org.jetbrains.kotlin.gradle.tasks.GradleCompileTaskProvider                     : loaded 2 times (x 72B)
Class org.jetbrains.kotlin.gradle.plugin.internal.BuildIdService                      : loaded 2 times (x 76B)
Class org.jetbrains.kotlin.gradle.plugin.mpp.compilationImpl.factory.KotlinCompilationDependencyConfigurationsFactoriesKt: loaded 2 times (x 71B)
Class org.jetbrains.kotlin.gradle.plugin.mpp.compilationImpl.DefaultKotlinCompilationFriendPathsResolver: loaded 2 times (x 75B)
Class org.jetbrains.kotlin.gradle.plugin.diagnostics.checkers.WasmSourceSetsNotFoundChecker$runChecks$1: loaded 2 times (x 88B)
Class org.jetbrains.kotlin.konan.target.KonanTarget$IOS_SIMULATOR_ARM64               : loaded 2 times (x 78B)
Class org.jetbrains.kotlin.gradle.plugin.mpp.compilationImpl.KotlinCreateCompilationArchiveTaskKt$KotlinCreateCompilationArchivesTask$1: loaded 2 times (x 74B)
Class org.jetbrains.kotlin.gradle.dsl.KotlinVersion                                   : loaded 2 times (x 79B)
Class org.jetbrains.kotlin.gradle.internal.properties.NativePropertiesLoader$actualNativeHomeDirectory$2: loaded 2 times (x 74B)
Class org.jetbrains.kotlin.gradle.utils.StoredPropertyKt                              : loaded 2 times (x 71B)
Class org.objectweb.asm.MethodWriter                                                  : loaded 2 times (x 106B)
Class [Lcom.google.common.cache.Weigher;                                              : loaded 2 times (x 69B)
Class com.google.common.collect.RegularImmutableMap$BucketOverflowException           : loaded 2 times (x 82B)
Class kotlin.KotlinNullPointerException                                               : loaded 2 times (x 83B)
Class com.google.common.collect.ImmutableMultimap$1                                   : loaded 2 times (x 82B)
Class com.google.common.collect.AbstractMapBasedMultimap$RandomAccessWrappedList      : loaded 2 times (x 205B)
Class org.jetbrains.kotlin.gradle.plugin.sources.KotlinDependencyScope$Companion      : loaded 2 times (x 71B)
Class org.jetbrains.kotlin.gradle.plugin.KotlinPluginLifecycleKt$launchInStage$1      : loaded 2 times (x 95B)
Class org.jetbrains.kotlin.gradle.tasks.configuration.BaseKotlinCompileConfig$1$3     : loaded 2 times (x 75B)
Class org.jetbrains.kotlin.gradle.tasks.configuration.BaseKotlinCompileConfig$registerBuildToolsApiTransformations$2: loaded 2 times (x 75B)
Class org.jetbrains.kotlin.gradle.plugin.mpp.compilationImpl.KotlinCompilationSourceSetsContainerKt: loaded 2 times (x 71B)
Class org.jetbrains.kotlin.gradle.tasks.KotlinJvmCompile                              : loaded 2 times (x 70B)
Class org.jetbrains.kotlin.gradle.targets.NativeForwardImplementationToApiElementsSideEffectKt: loaded 2 times (x 71B)
Class org.jetbrains.kotlin.gradle.internal.properties.NativePropertiesLoader$actualNativeHomeDirectory$3: loaded 2 times (x 75B)
Class org.jetbrains.kotlin.gradle.report.BuildReportMode                              : loaded 2 times (x 79B)
Class org.jetbrains.kotlin.statistics.metrics.StringAnonymizationPolicy$RegexControlled: loaded 2 times (x 79B)
Class org.jetbrains.kotlin.statistics.ValueAnonymizer                                 : loaded 2 times (x 70B)
Class org.jetbrains.kotlin.gradle.plugin.VariantImplementationFactories$Companion$getProvider$2$1$1: loaded 2 times (x 75B)
Class org.jetbrains.kotlin.gradle.plugin.internal.ProjectIsolationStartParameterAccessor$Factory: loaded 2 times (x 70B)
Class kotlin.ranges.RangesKt___RangesKt                                               : loaded 2 times (x 71B)
Class build_5j88fcxamei5zmh2le2scfdyo                                                 : loaded 2 times (x 180B)
Class com.google.common.reflect.Types$JavaVersion$1                                   : loaded 2 times (x 83B)
Class com.google.common.collect.ImmutableMultimap$2                                   : loaded 2 times (x 81B)
Class com.google.common.collect.AbstractIterator$State                                : loaded 2 times (x 79B)
Class org.jetbrains.kotlin.gradle.tasks.KotlinCompile$disableMultiModuleIC$2$1        : loaded 2 times (x 75B)
Class org.jetbrains.kotlin.gradle.internal.transforms.BuildToolsApiClasspathEntrySnapshotTransform$Inject1: loaded 2 times (x 113B)
Class org.jetbrains.kotlin.gradle.tasks.DefaultKotlinJavaToolchain$javaExecutable$1   : loaded 2 times (x 75B)
Class org.jetbrains.kotlin.build.report.metrics.BuildAttribute                        : loaded 2 times (x 79B)
Class org.jetbrains.kotlin.gradle.plugin.mpp.compilationImpl.KotlinCompilationRegisterInSourceSetsConfigurator: loaded 2 times (x 74B)
Class org.jetbrains.kotlin.gradle.plugin.mpp.compilationImpl.factory.DefaultKotlinCompilationTaskNamesContainerFactory: loaded 2 times (x 74B)
Class com.google.common.collect.RegularImmutableBiMap                                 : loaded 2 times (x 148B)
Class org.jetbrains.kotlin.gradle.targets.native.internal.CommonizerTasksKt           : loaded 2 times (x 71B)
Class [Lorg.jetbrains.kotlin.gradle.targets.js.npm.NpmDependency$Scope;               : loaded 2 times (x 69B)
Class org.jetbrains.kotlin.gradle.plugin.KotlinCompilerPluginSupportPlugin            : loaded 2 times (x 70B)
Class org.jetbrains.kotlin.gradle.plugin.mpp.AbstractKotlinTarget$components$2        : loaded 2 times (x 79B)
Class org.jetbrains.kotlin.gradle.plugin.mpp.KotlinUsages$setupAttributesMatchingStrategy$1: loaded 2 times (x 74B)
Class org.jetbrains.kotlin.gradle.utils.AndroidPluginIdsKt                            : loaded 2 times (x 71B)
Class com.google.common.cache.LocalCache$ValueReference                               : loaded 2 times (x 70B)
Class com.google.common.base.CharMatcher$Negated                                      : loaded 2 times (x 113B)
Class com.google.common.base.CharMatcher$Is                                           : loaded 2 times (x 111B)
Class org.jetbrains.kotlin.gradle.plugin.KotlinBasePlugin                             : loaded 2 times (x 70B)
Class kotlin.collections.ArraysKt                                                     : loaded 2 times (x 71B)
Class com.google.common.reflect.Types$JavaVersion$2                                   : loaded 2 times (x 83B)
Class com.google.common.reflect.Types                                                 : loaded 2 times (x 71B)
Class com.google.common.hash.PrimitiveSink                                            : loaded 2 times (x 70B)
Class org.jetbrains.kotlin.gradle.tasks.internal.KotlinJvmOptionsCompat               : loaded 2 times (x 103B)
Class org.jetbrains.kotlin.cli.common.arguments.CommonToolArguments                   : loaded 2 times (x 73B)
Class com.google.common.base.PatternCompiler                                          : loaded 2 times (x 70B)
Class org.jetbrains.kotlin.gradle.utils.FutureKt                                      : loaded 2 times (x 71B)
Class org.jetbrains.kotlin.gradle.logging.GradleLoggingUtilsKt                        : loaded 2 times (x 71B)
Class com.google.common.util.concurrent.AbstractFuture$Failure                        : loaded 2 times (x 72B)
Class com.google.common.base.Equivalence$Equals                                       : loaded 2 times (x 82B)
Class com.google.common.collect.Hashing                                               : loaded 2 times (x 71B)
Class com.google.common.base.Preconditions                                            : loaded 2 times (x 71B)
Class org.jetbrains.kotlin.gradle.plugin.KotlinAndroidPluginWrapper                   : loaded 2 times (x 86B)
Class kotlin.collections.SetsKt__SetsKt                                               : loaded 2 times (x 71B)
Class kotlin.LazyKt                                                                   : loaded 2 times (x 71B)
Class [Lorg.apache.commons.io.file.DeleteOption;                                      : loaded 2 times (x 69B)
Class com.google.common.reflect.Types$JavaVersion$3                                   : loaded 2 times (x 83B)
Class com.google.common.collect.ImmutableSetMultimap                                  : loaded 2 times (x 180B)
Class com.google.common.io.CharSink                                                   : loaded 2 times (x 79B)
Class com.google.common.collect.ByFunctionOrdering                                    : loaded 2 times (x 115B)
Class org.jetbrains.kotlin.compilerRunner.GradleCompilerRunner$Companion              : loaded 2 times (x 71B)
Class [Lorg.jetbrains.kotlin.gradle.dsl.PlatformSourceSetConventionsChecker$CheckedPlatformInfo;: loaded 2 times (x 69B)
Class org.jetbrains.kotlin.gradle.plugin.diagnostics.KotlinGradleProjectCheckerContext: loaded 2 times (x 72B)
Class org.jetbrains.kotlin.gradle.plugin.diagnostics.checkers.DuplicateSourceSetChecker: loaded 2 times (x 74B)
Class org.jetbrains.kotlin.gradle.plugin.diagnostics.ToolingDiagnosticFactory         : loaded 2 times (x 73B)
Class org.jetbrains.kotlin.gradle.targets.KotlinTargetSideEffect                      : loaded 2 times (x 70B)
Class org.jetbrains.kotlin.gradle.dsl.KotlinTargetContainerWithNativeShortcuts        : loaded 2 times (x 70B)
Class org.jetbrains.kotlin.gradle.plugin.DefaultKotlinBasePlugin$setupAttributeMatchingStrategy$1$1: loaded 2 times (x 79B)
Class org.jetbrains.kotlin.statistics.metrics.NumericalMetrics$Companion              : loaded 2 times (x 71B)
Class [Lorg.jetbrains.kotlin.statistics.metrics.NumberAnonymizationPolicy;            : loaded 2 times (x 69B)
Class org.jetbrains.kotlin.statistics.metrics.NumberOverridePolicy$OVERRIDE           : loaded 2 times (x 85B)
Class org.jetbrains.kotlin.gradle.internal.properties.PropertiesBuildService$property$1: loaded 2 times (x 79B)
Class com.google.common.base.Joiner$1                                                 : loaded 2 times (x 80B)
Class org.objectweb.asm.Label                                                         : loaded 2 times (x 73B)
Class org.objectweb.asm.CurrentFrame                                                  : loaded 2 times (x 73B)
Class org.objectweb.asm.ClassTooLargeException                                        : loaded 2 times (x 83B)
Class com.google.common.collect.PeekingIterator                                       : loaded 2 times (x 70B)
Class com.google.common.base.CharMatcher                                              : loaded 2 times (x 111B)
Class kotlin.collections.ArraysKt__ArraysJVMKt                                        : loaded 2 times (x 71B)
Class build_5c2zyjn7fwz18fs81rtwf89ei                                                 : loaded 2 times (x 180B)
Class com.google.common.reflect.Types$JavaVersion$4                                   : loaded 2 times (x 83B)
Class com.google.common.io.ByteSource$AsCharSource                                    : loaded 2 times (x 86B)
Class com.google.common.collect.MapMakerInternalMap$InternalEntryHelper               : loaded 2 times (x 70B)
Class com.google.common.collect.Table                                                 : loaded 2 times (x 70B)
Class com.google.common.collect.Maps$IteratorBasedAbstractMap                         : loaded 2 times (x 125B)
Class org.jetbrains.kotlin.gradle.tasks.configuration.AbstractKotlinCompileConfig$2$2$1: loaded 2 times (x 75B)
Class org.jetbrains.kotlin.build.report.metrics.BuildAttributes$Companion             : loaded 2 times (x 71B)
Class org.jetbrains.kotlin.gradle.plugin.mpp.compilationImpl.factory.KotlinCompilationImplFactory$ProcessResourcesTaskNameFactory: loaded 2 times (x 70B)
Class com.google.common.collect.RangeGwtSerializationDependencies                     : loaded 2 times (x 71B)
Class org.jetbrains.kotlin.gradle.tasks.KotlinCompilationTask                         : loaded 2 times (x 70B)
Class org.jetbrains.kotlin.gradle.internal.properties.PropertiesBuildService$property$2: loaded 2 times (x 79B)
Class org.jetbrains.kotlin.gradle.internal.KotlinDependenciesManagementKt             : loaded 2 times (x 71B)
Class org.jetbrains.kotlin.gradle.plugin.DefaultKotlinBasePlugin$setupAttributeMatchingStrategy$1$2: loaded 2 times (x 79B)
Class org.jetbrains.kotlin.gradle.plugin.statistics.KotlinBuildStatsLoggerService     : loaded 2 times (x 72B)
Class org.jetbrains.kotlin.gradle.plugin.internal.CustomPropertiesFileValueSource$Inject: loaded 2 times (x 113B)
Class com.google.common.base.Joiner$2                                                 : loaded 2 times (x 79B)
Class org.objectweb.asm.Frame                                                         : loaded 2 times (x 73B)
Class org.objectweb.asm.MethodVisitor                                                 : loaded 2 times (x 105B)
Class com.google.common.cache.LocalCache$EntryFactory$1                               : loaded 2 times (x 83B)
Class [Lcom.google.common.cache.RemovalListener;                                      : loaded 2 times (x 69B)
Class com.google.common.base.CharMatcher$1                                            : loaded 2 times (x 113B)
Class com.google.common.base.CharMatcher$NamedFastMatcher                             : loaded 2 times (x 112B)
Class kotlin.text.StringsKt__StringBuilderKt                                          : loaded 2 times (x 71B)
Class com.google.common.reflect.Types$JavaVersion$5                                   : loaded 2 times (x 71B)
Class [Lcom.google.common.reflect.Types$ClassOwnership;                               : loaded 2 times (x 69B)
Class org.jetbrains.kotlin.gradle.plugin.mpp.InternalKotlinTargetKt$special$$inlined$extrasStoredFuture$1: loaded 2 times (x 79B)
Class org.jetbrains.kotlin.gradle.plugin.mpp.compilationImpl.KotlinCompilationSourceSetInclusion$Companion: loaded 2 times (x 71B)
Class com.google.common.collect.RangeSet                                              : loaded 2 times (x 70B)
Class org.jetbrains.kotlin.compilerRunner.UsesCompilerSystemPropertiesService         : loaded 2 times (x 70B)
Class org.jetbrains.kotlin.konan.target.KonanTarget$WATCHOS_DEVICE_ARM64              : loaded 2 times (x 78B)
Class org.jetbrains.kotlin.gradle.plugin.diagnostics.checkers.MissingNativeStdlibChecker$runChecks$1: loaded 2 times (x 88B)
Class [Lorg.jetbrains.kotlin.gradle.plugin.sources.android.AndroidVariantType;        : loaded 2 times (x 69B)
Class org.jetbrains.kotlin.gradle.plugin.sources.android.AndroidVariantType           : loaded 2 times (x 79B)
Class org.jetbrains.kotlin.gradle.plugin.mpp.KotlinTargetSoftwareComponent            : loaded 2 times (x 89B)
Class org.jetbrains.kotlin.gradle.plugin.mpp.KotlinVariant                            : loaded 2 times (x 101B)
Class org.jetbrains.kotlin.gradle.targets.native.ConfigureFrameworkExportSideEffectKt : loaded 2 times (x 71B)
Class org.jetbrains.kotlin.gradle.utils.WhenPluginEnabledKt                           : loaded 2 times (x 71B)
Class org.jetbrains.kotlin.tooling.core.ExtrasProperty                                : loaded 2 times (x 70B)
Class org.jetbrains.kotlin.gradle.plugin.VariantImplementationFactories               : loaded 2 times (x 75B)
Class com.google.common.cache.LocalCache$EntryFactory$2                               : loaded 2 times (x 83B)
Class org.gradle.api.internal.classpath.GlobalCacheRootsProvider                      : loaded 2 times (x 70B)
Class kotlin.Lazy                                                                     : loaded 2 times (x 70B)
Class kotlin.NoWhenBranchMatchedException                                             : loaded 2 times (x 82B)
Class com.google.common.collect.Multimaps                                             : loaded 2 times (x 71B)
Class org.jetbrains.kotlin.tooling.core.Extras$Entry$Companion                        : loaded 2 times (x 71B)
Class com.google.common.collect.CollectCollectors                                     : loaded 2 times (x 71B)
Class org.jetbrains.kotlin.gradle.targets.js.dsl.KotlinWasmWasiTargetDsl              : loaded 2 times (x 70B)
Class org.jetbrains.kotlin.gradle.plugin.diagnostics.checkers.DisabledNativeTargetsChecker: loaded 2 times (x 74B)
Class org.jetbrains.kotlin.gradle.plugin.mpp.compilationImpl.KotlinCreateSourcesJarTaskSideEffectKt$KotlinCreateSourcesJarTaskSideEffect$1: loaded 2 times (x 74B)
Class org.jetbrains.kotlin.gradle.internal.CompilerArgumentAware                      : loaded 2 times (x 70B)
Class org.jetbrains.kotlin.gradle.utils.ReportUtilsKt                                 : loaded 2 times (x 71B)
Class org.jetbrains.kotlin.gradle.utils.StoredLazyProperty                            : loaded 2 times (x 75B)
Class org.objectweb.asm.ModuleWriter                                                  : loaded 2 times (x 82B)
Class com.google.common.cache.LocalCache$EntryFactory$3                               : loaded 2 times (x 83B)
Class com.google.common.base.Ticker$1                                                 : loaded 2 times (x 72B)
Class com.google.common.collect.ImmutableMapEntrySet$RegularEntrySet                  : loaded 2 times (x 151B)
Class com.google.common.collect.Maps$BiMapConverter                                   : loaded 2 times (x 90B)
Class Native_plugin_loader_gradle$NativePluginLoader                                  : loaded 2 times (x 72B)
Class com.google.common.collect.CollectSpliterators$1                                 : loaded 2 times (x 90B)
Class org.jetbrains.kotlin.gradle.plugin.statistics.KotlinBuildStatisticsUtilsKt      : loaded 2 times (x 71B)
Class org.jetbrains.kotlin.gradle.tasks.K2MultiplatformStructure_Decorated            : loaded 2 times (x 135B)
Class org.jetbrains.kotlin.compilerRunner.GradleCompilerRunner                        : loaded 2 times (x 73B)
Class com.google.common.collect.SetMultimap                                           : loaded 2 times (x 70B)
Class org.jetbrains.kotlin.gradle.dsl.AndroidMainSourceSetConventionsChecker$runChecks$1: loaded 2 times (x 88B)
Class org.jetbrains.kotlin.gradle.plugin.sources.FragmentConsistencyChecks            : loaded 2 times (x 72B)
Class org.jetbrains.kotlin.gradle.plugin.mpp.InternalKotlinTargetComponent            : loaded 2 times (x 93B)
Class org.jetbrains.kotlin.gradle.targets.CreateDefaultTestRunSideEffectKt$special$$inlined$KotlinTargetSideEffect$1: loaded 2 times (x 74B)
Class org.jetbrains.kotlin.gradle.utils.ProviderApiUtilsKt                            : loaded 2 times (x 71B)
Class org.jetbrains.kotlin.gradle.internal.properties.NativePropertiesLoader$forceDisableRunningInProcess$1: loaded 2 times (x 75B)
Class org.jetbrains.kotlin.gradle.utils.PersistentCachesKt                            : loaded 2 times (x 71B)
Class org.jetbrains.kotlin.gradle.internal.tasks.TaskWithLocalState                   : loaded 2 times (x 70B)
Class org.jetbrains.kotlin.statistics.metrics.BooleanMetrics                          : loaded 2 times (x 80B)
Class org.jetbrains.kotlin.gradle.internal.properties.PropertiesBuildService$Params   : loaded 2 times (x 70B)
Class com.google.common.cache.LocalCache$EntryFactory$4                               : loaded 2 times (x 83B)
Class com.google.common.collect.ImmutableSet$Builder                                  : loaded 2 times (x 85B)
Class com.google.common.base.CharMatcher$InRange                                      : loaded 2 times (x 111B)
Class kotlin.sequences.ConstrainedOnceSequence                                        : loaded 2 times (x 75B)
Class com.google.common.io.ByteStreams$1                                              : loaded 2 times (x 85B)
Class com.google.common.collect.ReverseOrdering                                       : loaded 2 times (x 115B)
Class org.jetbrains.kotlin.gradle.plugin.sources.KotlinDependencyScopeKt$WhenMappings : loaded 2 times (x 71B)
Class org.jetbrains.kotlin.gradle.tasks.K2MultiplatformCompilationTask                : loaded 2 times (x 70B)
Class org.jetbrains.kotlin.gradle.plugin.diagnostics.checkers.OverriddenKotlinNativeHomeChecker$StdlibExistenceCheckerValueSource$Inject: loaded 2 times (x 109B)
Class org.jetbrains.kotlin.gradle.utils.ConfigurationsKt$maybeCreateDependencyScope$1 : loaded 2 times (x 78B)
Class org.jetbrains.kotlin.gradle.plugin.sources.FragmentConsistencyChecks$languageVersionCheck$1: loaded 2 times (x 79B)
Class org.jetbrains.kotlin.gradle.plugin.mpp.DecoratedKotlinCompilation               : loaded 2 times (x 191B)
Class org.jetbrains.kotlin.gradle.plugin.diagnostics.checkers.ExperimentalTryNextUsageChecker: loaded 2 times (x 74B)
Class [Lorg.jetbrains.kotlin.gradle.plugin.diagnostics.ToolingDiagnostic$Severity;    : loaded 2 times (x 69B)
Class [Lorg.jetbrains.kotlin.gradle.plugin.KotlinPlatformType;                        : loaded 2 times (x 69B)
Class org.jetbrains.kotlin.gradle.plugin.statistics.UsesBuildFusService               : loaded 2 times (x 70B)
Class org.jetbrains.kotlin.gradle.plugin.statistics.old.Pre232IdeaKotlinBuildStatsBeanService: loaded 2 times (x 95B)
Class org.jetbrains.kotlin.statistics.metrics.NumberOverridePolicy$AVERAGE            : loaded 2 times (x 85B)
Class org.jetbrains.kotlin.gradle.plugin.VariantImplementationFactories$Parameters$Inject: loaded 2 times (x 106B)
Class com.google.common.cache.LocalCache$EntryFactory$5                               : loaded 2 times (x 83B)
Class kotlin.jvm.internal.markers.KMappedMarker                                       : loaded 2 times (x 70B)
Class kotlin.NotImplementedError                                                      : loaded 2 times (x 82B)
Class build_5c2zyjn7fwz18fs81rtwf89ei$_run_closure1                                   : loaded 2 times (x 139B)
Class org.apache.commons.io.output.AppendableWriter                                   : loaded 2 times (x 100B)
Class com.google.common.collect.HashMultimap                                          : loaded 2 times (x 174B)
Class org.jetbrains.kotlin.gradle.plugin.mpp.MppSourcesJarKt$sourcesJarTaskNamed$result$1: loaded 2 times (x 79B)
Class org.jetbrains.kotlin.gradle.tasks.configuration.BaseKotlinCompileConfig$1       : loaded 2 times (x 79B)
Class org.jetbrains.kotlin.gradle.plugin.mpp.compilationImpl.factory.ConfigurationNaming$Default: loaded 2 times (x 75B)
Class org.jetbrains.kotlin.gradle.plugin.mpp.compilationImpl.KotlinCompilationSourceSetInclusion: loaded 2 times (x 72B)
Class org.jetbrains.kotlin.gradle.plugin.UsesBuildFinishedListenerService             : loaded 2 times (x 70B)
Class org.jetbrains.kotlin.gradle.targets.jvm.KotlinJvmTarget                         : loaded 2 times (x 172B)
Class org.jetbrains.kotlin.gradle.targets.js.dsl.KotlinWasmJsTargetDsl                : loaded 2 times (x 70B)
Class org.jetbrains.kotlin.gradle.plugin.diagnostics.checkers.DisabledNativeTargetsChecker$runChecks$1: loaded 2 times (x 88B)
Class org.jetbrains.kotlin.gradle.plugin.KotlinPluginLifecycleImpl$await$2$1          : loaded 2 times (x 79B)
Class org.jetbrains.kotlin.gradle.plugin.sources.DefaultLanguageSettingsBuilder       : loaded 2 times (x 100B)
Class org.jetbrains.kotlin.gradle.plugin.sources.FragmentConsistencyChecks$languageVersionCheck$2: loaded 2 times (x 78B)
Class org.jetbrains.kotlin.gradle.targets.CreateTargetConfigurationsSideEffectKt$CreateTargetConfigurationsSideEffect$1: loaded 2 times (x 74B)
Class org.jetbrains.kotlin.gradle.dsl.KotlinTargetContainerWithPresetFunctions        : loaded 2 times (x 70B)
Class org.jetbrains.kotlin.gradle.utils.GradleConfigurationUtilsKt                    : loaded 2 times (x 71B)
Class org.jetbrains.kotlin.gradle.plugin.StatisticsBuildFlowManager$subscribeForBuildResult$1: loaded 2 times (x 75B)
Class org.jetbrains.kotlin.gradle.plugin.internal.CustomPropertiesFileValueSource$Parameters: loaded 2 times (x 70B)
Class com.google.common.cache.LocalCache$EntryFactory$6                               : loaded 2 times (x 83B)
Class org.gradle.internal.installation.CurrentGradleInstallationLocator               : loaded 2 times (x 71B)
Class org.objectweb.asm.ClassReader                                                   : loaded 2 times (x 93B)
Class org.apache.commons.io.output.ThresholdingOutputStream                           : loaded 2 times (x 95B)
Class com.google.common.collect.ImmutableMultimap$Builder                             : loaded 2 times (x 83B)
Class com.google.common.io.ByteSource$SlicedByteSource                                : loaded 2 times (x 85B)
Class org.jetbrains.kotlin.gradle.plugin.diagnostics.UsesKotlinToolingDiagnosticsKt   : loaded 2 times (x 71B)
Class org.jetbrains.kotlin.gradle.tasks.DefaultKotlinJavaToolchain$getToolsJarFromJvm$1: loaded 2 times (x 75B)
Class org.jetbrains.kotlin.build.report.metrics.GcMetrics                             : loaded 2 times (x 72B)
Class org.jetbrains.kotlin.gradle.tasks.configuration.BaseKotlinCompileConfig$2       : loaded 2 times (x 79B)
Class org.jetbrains.kotlin.gradle.plugin.BuildFinishedListenerService$Companion$registerIfAbsent$2$1$1: loaded 2 times (x 75B)
Class com.google.common.collect.Maps$KeySet                                           : loaded 2 times (x 137B)
Class org.jetbrains.kotlin.konan.target.KonanTarget$IOS_X64                           : loaded 2 times (x 78B)
Class org.jetbrains.kotlin.gradle.plugin.mpp.InternalKotlinCompilation                : loaded 2 times (x 70B)
Class org.jetbrains.kotlin.gradle.utils.WhenEvaluatedKt                               : loaded 2 times (x 71B)
Class org.jetbrains.kotlin.gradle.targets.native.internal.AddKotlinPlatformIntegersSupportLibraryKt: loaded 2 times (x 71B)
Class org.jetbrains.kotlin.gradle.plugin.AbstractKotlinJsPluginWrapper                : loaded 2 times (x 86B)
Class org.jetbrains.kotlin.gradle.plugin.KotlinPluginWrapperKt                        : loaded 2 times (x 71B)
Class com.google.common.cache.LocalCache$EntryFactory$7                               : loaded 2 times (x 83B)
Class com.google.common.collect.ImmutableSet$EmptySetBuilderImpl                      : loaded 2 times (x 76B)
Class com.google.common.collect.ImmutableList                                         : loaded 2 times (x 206B)
Class org.gradle.internal.service.DefaultServiceLocator                               : loaded 2 times (x 83B)
Class com.google.common.cache.LocalCache$SoftValueReference                           : loaded 2 times (x 97B)
Class com.google.common.collect.ImmutableMultimap$EntryCollection                     : loaded 2 times (x 127B)
Class com.google.common.collect.Maps$EntrySet                                         : loaded 2 times (x 136B)
Class org.jetbrains.kotlin.gradle.tasks.KotlinCompile$scriptExtensions$1              : loaded 2 times (x 79B)
Class org.jetbrains.kotlin.gradle.tasks.K2MultiplatformStructure$Fragment             : loaded 2 times (x 72B)
Class org.jetbrains.kotlin.compilerRunner.CompilerSystemPropertiesService$Companion$registerIfAbsent$1: loaded 2 times (x 75B)
Class org.jetbrains.kotlin.util.capitalizeDecapitalize.CapitalizeDecapitalizeKt       : loaded 2 times (x 71B)
Class org.jetbrains.kotlin.gradle.plugin.diagnostics.checkers.WasmJsEnvironmentChecker: loaded 2 times (x 76B)
Class org.jetbrains.kotlin.gradle.plugin.diagnostics.checkers.AndroidPluginWithoutAndroidTargetChecker: loaded 2 times (x 74B)
Class org.jetbrains.kotlin.statistics.metrics.NumberOverridePolicy                    : loaded 2 times (x 85B)
Class org.jetbrains.kotlin.statistics.metrics.StringAnonymizationPolicy$AllowedListAnonymizer$Companion: loaded 2 times (x 71B)
Class org.jetbrains.kotlin.gradle.plugin.internal.DefaultProjectIsolationStartParameterAccessor_Decorated: loaded 2 times (x 125B)
Class org.jetbrains.kotlin.gradle.plugin.internal.ProjectIsolationStartParameterAccessorKt: loaded 2 times (x 71B)
Class org.jetbrains.kotlin.gradle.testing.internal.KotlinTestsRegistry                : loaded 2 times (x 72B)
Class com.google.common.cache.LocalCache$EntryFactory$8                               : loaded 2 times (x 83B)
Class com.google.common.collect.ImmutableSet$SetBuilderImpl                           : loaded 2 times (x 76B)
Class org.gradle.internal.installation.CurrentGradleInstallation                      : loaded 2 times (x 73B)
Class org.objectweb.asm.Opcodes                                                       : loaded 2 times (x 70B)
Class com.google.common.collect.ForwardingObject                                      : loaded 2 times (x 72B)
Class org.jetbrains.kotlin.gradle.plugin.mpp.InternalKotlinCompilationKt$awaitAllKotlinSourceSets$1: loaded 2 times (x 88B)
Class org.jetbrains.kotlin.gradle.plugin.statistics.FusMetrics                        : loaded 2 times (x 70B)
Class org.jetbrains.kotlin.gradle.tasks.KotlinCompilerExecutionStrategy               : loaded 2 times (x 79B)
Class org.jetbrains.kotlin.gradle.plugin.sources.DefaultKotlinSourceSet$special$$inlined$Iterable$1: loaded 2 times (x 79B)
Class org.jetbrains.kotlin.gradle.plugin.mpp.compilationImpl.factory.KotlinCompilationImplFactory$KotlinCompilerOptionsFactory$Options: loaded 2 times (x 72B)
Class org.jetbrains.kotlin.gradle.plugin.KotlinCompilation                            : loaded 2 times (x 70B)
Class org.jetbrains.kotlin.gradle.plugin.KotlinTargetConfiguratorKt                   : loaded 2 times (x 71B)
Class org.jetbrains.kotlin.tooling.core.Extras$Type$Companion                         : loaded 2 times (x 71B)
Class com.google.common.cache.CacheLoader$1                                           : loaded 2 times (x 75B)
Class com.google.common.collect.ImmutableList$SubList                                 : loaded 2 times (x 208B)
Class org.gradle.util.internal.GUtil                                                  : loaded 2 times (x 71B)
Class kotlin.collections.CollectionsKt                                                : loaded 2 times (x 71B)
Class com.google.common.io.ByteSource                                                 : loaded 2 times (x 84B)
Class org.jetbrains.kotlin.gradle.plugin.mpp.InternalKotlinTargetKt$isSourcesPublishableFuture$2: loaded 2 times (x 95B)
Class org.jetbrains.kotlin.gradle.plugin.mpp.KotlinCompilationFactory                 : loaded 2 times (x 70B)
Class org.jetbrains.kotlin.gradle.dsl.IosSourceSetConventionChecker$runChecks$1       : loaded 2 times (x 88B)
Class org.jetbrains.kotlin.gradle.plugin.mpp.AbstractKotlinCompilation                : loaded 2 times (x 191B)
Class org.jetbrains.kotlin.gradle.plugin.diagnostics.checkers.UnusedSourceSetsChecker : loaded 2 times (x 74B)
Class org.jetbrains.kotlin.gradle.utils.Future                                        : loaded 2 times (x 70B)
Class org.jetbrains.kotlin.gradle.plugin.BuildFinishFlowAction$Parameters             : loaded 2 times (x 70B)
Class org.jetbrains.kotlin.gradle.plugin.statistics.KotlinBuildStatsConfiguration$Companion: loaded 2 times (x 71B)
Class com.google.common.util.concurrent.AbstractFuture$SetFuture                      : loaded 2 times (x 75B)
Class com.google.common.cache.AbstractCache$StatsCounter                              : loaded 2 times (x 70B)
Class org.objectweb.asm.Context                                                       : loaded 2 times (x 72B)
Class com.google.common.reflect.Types$TypeVariableImpl                                : loaded 2 times (x 72B)
Class com.google.common.io.LineBuffer                                                 : loaded 2 times (x 75B)
Class com.google.common.collect.MapMakerInternalMap$1                                 : loaded 2 times (x 83B)
Class org.jetbrains.kotlin.gradle.plugin.mpp.KotlinTargetSoftwareComponentImplKt      : loaded 2 times (x 71B)
Class org.jetbrains.kotlin.gradle.targets.js.dsl.KotlinJsSubTargetContainerDsl        : loaded 2 times (x 70B)
Class org.jetbrains.kotlin.tooling.core.MutableExtrasImpl$Companion                   : loaded 2 times (x 71B)
Class org.jetbrains.kotlin.gradle.plugin.KotlinGradleBuildServices$Companion$registerIfAbsent$1: loaded 2 times (x 75B)
Class org.jetbrains.kotlin.statistics.fileloggers.MetricsContainer                    : loaded 2 times (x 77B)
Class org.jetbrains.kotlin.gradle.plugin.internal.ProjectIsolationStartParameterAccessor: loaded 2 times (x 70B)
Class org.jetbrains.kotlin.gradle.utils.StoredProperty                                : loaded 2 times (x 70B)
Class com.google.common.collect.Iterators$MergingIterator                             : loaded 2 times (x 81B)
Class com.google.common.collect.RegularImmutableSet                                   : loaded 2 times (x 148B)
Class org.gradle.internal.installation.GradleInstallation                             : loaded 2 times (x 75B)
Class build_3exi9gzl3e7qqyxk99ub0wkvh                                                 : loaded 2 times (x 181B)
Class com.google.common.collect.ForwardingCollection                                  : loaded 2 times (x 130B)
Class com.google.common.collect.LexicographicalOrdering                               : loaded 2 times (x 115B)
Class org.jetbrains.kotlin.gradle.dsl.KotlinJvmCompile$DefaultImpls                   : loaded 2 times (x 71B)
Class org.jetbrains.kotlin.gradle.plugin.mpp.compilationImpl.factory.KotlinCompilationImplFactory$create$1: loaded 2 times (x 75B)
Class com.google.common.collect.ElementTypesAreNonnullByDefault                       : loaded 2 times (x 70B)
Class org.jetbrains.kotlin.gradle.tasks.KotlinJavaToolchain                           : loaded 2 times (x 70B)
Class org.jetbrains.kotlin.gradle.plugin.BuildFinishFlowAction                        : loaded 2 times (x 74B)
Class org.jetbrains.kotlin.statistics.metrics.BooleanMetrics$Companion                : loaded 2 times (x 71B)
Class org.jetbrains.kotlin.gradle.plugin.internal.CompatibilityConventionRegistrar    : loaded 2 times (x 70B)
Class com.google.common.collect.Iterables                                             : loaded 2 times (x 71B)
Class com.google.common.base.Splitter$Strategy                                        : loaded 2 times (x 70B)
Class org.jetbrains.kotlin.gradle.plugin.mpp.KotlinJvmCompilation                     : loaded 2 times (x 200B)
Class org.jetbrains.kotlin.gradle.plugin.KotlinCompilation$Companion                  : loaded 2 times (x 71B)
Class com.google.common.collect.Lists$RandomAccessReverseList                         : loaded 2 times (x 200B)
Class org.jetbrains.kotlin.konan.target.KonanTarget$WATCHOS_ARM64                     : loaded 2 times (x 78B)
Class org.jetbrains.kotlin.konan.target.KonanTarget$MACOS_ARM64                       : loaded 2 times (x 78B)
Class org.jetbrains.kotlin.gradle.plugin.diagnostics.checkers.OverriddenKotlinNativeHomeChecker: loaded 2 times (x 74B)
Class org.jetbrains.kotlin.gradle.artifacts.KotlinJvmJarArtifactKt$KotlinJvmJarArtifact$1: loaded 2 times (x 74B)
Class org.jetbrains.kotlin.gradle.artifacts.KotlinLegacyCompatibilityMetadataArtifactKt: loaded 2 times (x 71B)
Class org.jetbrains.kotlin.gradle.targets.native.SetupEmbedAndSignAppleFrameworkTaskSideEffectKt: loaded 2 times (x 71B)
Class org.jetbrains.kotlin.gradle.plugin.KotlinProjectSetupActionKt$KotlinProjectSetupCoroutine$1: loaded 2 times (x 75B)
Class org.jetbrains.kotlin.gradle.dsl.ToolchainSupport$Companion                      : loaded 2 times (x 71B)
Class org.jetbrains.kotlin.gradle.plugin.KotlinSourceSet                              : loaded 2 times (x 70B)

---------------  S Y S T E M  ---------------

OS:
 Windows 11 , 64 bit Build 22000 (10.0.22000.2538)
OS uptime: 9 days 18:39 hours
Hyper-V role detected

CPU: total 4 (initial active 4) (2 cores per cpu, 2 threads per core) family 6 model 78 stepping 3 microcode 0xf0, cx8, cmov, fxsr, ht, mmx, 3dnowpref, sse, sse2, sse3, ssse3, sse4.1, sse4.2, popcnt, lzcnt, tsc, tscinvbit, avx, avx2, aes, erms, clmul, bmi1, bmi2, rtm, adx, fma, vzeroupper, clflush, clflushopt, hv, rdtscp, f16c
Processor Information for the first 4 processors :
  Max Mhz: 2496, Current Mhz: 2396, Mhz Limit: 2396

Memory: 4k page, system-wide physical 8072M (321M free)
TotalPageFile size 32647M (AvailPageFile size 992M)
current process WorkingSet (physical memory assigned to process): 1645M, peak: 1681M
current process commit charge ("private bytes"): 4069M, peak: 5114M

vm_info: OpenJDK 64-Bit Server VM (21.0.10+-14961533-b1163.108) for windows-amd64 JRE (21.0.10+-14961533-b1163.108), built on 2026-03-02T19:58:50Z by "builder" with MS VC++ 16.10 / 16.11 (VS2019)

END.
